week_start,site_id,equipment_type,weekly_demand
2024-01-01,S001,Excavator,1
2024-01-01,S001,Bulldozer,0
2024-01-01,S001,Grader,1
2024-01-01,S001,Crane,0
2024-01-01,S001,Loader,0
2024-01-01,S001,Roller,1
2024-01-01,S002,Excavator,0
2024-01-01,S002,Bulldozer,1
2024-01-01,S002,Grader,1
2024-01-01,S002,Crane,0
2024-01-01,S002,Loader,0
2024-01-01,S002,Roller,0
2024-01-01,S003,Excavator,1
2024-01-01,S003,Bulldozer,1
2024-01-01,S003,Grader,0
2024-01-01,S003,Crane,0
2024-01-01,S003,Loader,0
2024-01-01,S003,Roller,1
2024-01-01,S004,Excavator,0
2024-01-01,S004,Bulldozer,1
2024-01-01,S004,Grader,0
2024-01-01,S004,Crane,1
2024-01-01,S004,Loader,0
2024-01-01,S004,Roller,0
2024-01-01,S005,Excavator,0
2024-01-01,S005,Bulldozer,0
2024-01-01,S005,Grader,0
2024-01-01,S005,Crane,1
2024-01-01,S005,Loader,1
2024-01-01,S005,Roller,0
2024-01-01,S006,Excavator,0
2024-01-01,S006,Bulldozer,0
2024-01-01,S006,Grader,0
2024-01-01,S006,Crane,0
2024-01-01,S006,Loader,0
2024-01-01,S006,Roller,1
2024-01-01,S007,Excavator,0
2024-01-01,S007,Bulldozer,0
2024-01-01,S007,Grader,0
2024-01-01,S007,Crane,0
2024-01-01,S007,Loader,0
2024-01-01,S007,Roller,0
2024-01-01,S008,Excavator,0
2024-01-01,S008,Bulldozer,1
2024-01-01,S008,Grader,0
2024-01-01,S008,Crane,0
2024-01-01,S008,Loader,0
2024-01-01,S008,Roller,0
2024-01-01,S009,Excavator,0
2024-01-01,S009,Bulldozer,1
2024-01-01,S009,Grader,0
2024-01-01,S009,Crane,0
2024-01-01,S009,Loader,0
2024-01-01,S009,Roller,0
2024-01-01,S010,Excavator,0
2024-01-01,S010,Bulldozer,0
2024-01-01,S010,Grader,0
2024-01-01,S010,Crane,0
2024-01-01,S010,Loader,0
2024-01-01,S010,Roller,0
2024-01-08,S001,Excavator,2
2024-01-08,S001,Bulldozer,1
2024-01-08,S001,Grader,1
2024-01-08,S001,Crane,0
2024-01-08,S001,Loader,0
2024-01-08,S001,Roller,1
2024-01-08,S002,Excavator,1
2024-01-08,S002,Bulldozer,1
2024-01-08,S002,Grader,1
2024-01-08,S002,Crane,0
2024-01-08,S002,Loader,0
2024-01-08,S002,Roller,0
2024-01-08,S003,Excavator,1
2024-01-08,S003,Bulldozer,1
2024-01-08,S003,Grader,0
2024-01-08,S003,Crane,1
2024-01-08,S003,Loader,0
2024-01-08,S003,Roller,1
2024-01-08,S004,Excavator,0
2024-01-08,S004,Bulldozer,1
2024-01-08,S004,Grader,0
2024-01-08,S004,Crane,1
2024-01-08,S004,Loader,1
2024-01-08,S004,Roller,0
2024-01-08,S005,Excavator,0
2024-01-08,S005,Bulldozer,0
2024-01-08,S005,Grader,0
2024-01-08,S005,Crane,1
2024-01-08,S005,Loader,1
2024-01-08,S005,Roller,0
2024-01-08,S006,Excavator,0
2024-01-08,S006,Bulldozer,0
2024-01-08,S006,Grader,0
2024-01-08,S006,Crane,0
2024-01-08,S006,Loader,1
2024-01-08,S006,Roller,1
2024-01-08,S007,Excavator,0
2024-01-08,S007,Bulldozer,0
2024-01-08,S007,Grader,0
2024-01-08,S007,Crane,0
2024-01-08,S007,Loader,0
2024-01-08,S007,Roller,0
2024-01-08,S008,Excavator,0
2024-01-08,S008,Bulldozer,1
2024-01-08,S008,Grader,0
2024-01-08,S008,Crane,0
2024-01-08,S008,Loader,0
2024-01-08,S008,Roller,0
2024-01-08,S009,Excavator,1
2024-01-08,S009,Bulldozer,1
2024-01-08,S009,Grader,0
2024-01-08,S009,Crane,0
2024-01-08,S009,Loader,0
2024-01-08,S009,Roller,0
2024-01-08,S010,Excavator,1
2024-01-08,S010,Bulldozer,0
2024-01-08,S010,Grader,0
2024-01-08,S010,Crane,1
2024-01-08,S010,Loader,0
2024-01-08,S010,Roller,0
2024-01-15,S001,Excavator,2
2024-01-15,S001,Bulldozer,1
2024-01-15,S001,Grader,0
2024-01-15,S001,Crane,1
2024-01-15,S001,Loader,2
2024-01-15,S001,Roller,2
2024-01-15,S002,Excavator,1
2024-01-15,S002,Bulldozer,0
2024-01-15,S002,Grader,0
2024-01-15,S002,Crane,0
2024-01-15,S002,Loader,0
2024-01-15,S002,Roller,1
2024-01-15,S003,Excavator,2
2024-01-15,S003,Bulldozer,2
2024-01-15,S003,Grader,2
2024-01-15,S003,Crane,1
2024-01-15,S003,Loader,1
2024-01-15,S003,Roller,1
2024-01-15,S004,Excavator,1
2024-01-15,S004,Bulldozer,1
2024-01-15,S004,Grader,0
2024-01-15,S004,Crane,0
2024-01-15,S004,Loader,1
2024-01-15,S004,Roller,1
2024-01-15,S005,Excavator,0
2024-01-15,S005,Bulldozer,0
2024-01-15,S005,Grader,0
2024-01-15,S005,Crane,1
2024-01-15,S005,Loader,1
2024-01-15,S005,Roller,0
2024-01-15,S006,Excavator,0
2024-01-15,S006,Bulldozer,0
2024-01-15,S006,Grader,0
2024-01-15,S006,Crane,0
2024-01-15,S006,Loader,1
2024-01-15,S006,Roller,1
2024-01-15,S007,Excavator,1
2024-01-15,S007,Bulldozer,0
2024-01-15,S007,Grader,0
2024-01-15,S007,Crane,0
2024-01-15,S007,Loader,0
2024-01-15,S007,Roller,0
2024-01-15,S008,Excavator,0
2024-01-15,S008,Bulldozer,0
2024-01-15,S008,Grader,0
2024-01-15,S008,Crane,0
2024-01-15,S008,Loader,0
2024-01-15,S008,Roller,1
2024-01-15,S009,Excavator,2
2024-01-15,S009,Bulldozer,0
2024-01-15,S009,Grader,0
2024-01-15,S009,Crane,0
2024-01-15,S009,Loader,2
2024-01-15,S009,Roller,0
2024-01-15,S010,Excavator,1
2024-01-15,S010,Bulldozer,0
2024-01-15,S010,Grader,0
2024-01-15,S010,Crane,1
2024-01-15,S010,Loader,1
2024-01-15,S010,Roller,0
2024-01-22,S001,Excavator,2
2024-01-22,S001,Bulldozer,2
2024-01-22,S001,Grader,0
2024-01-22,S001,Crane,1
2024-01-22,S001,Loader,2
2024-01-22,S001,Roller,2
2024-01-22,S002,Excavator,0
2024-01-22,S002,Bulldozer,1
2024-01-22,S002,Grader,0
2024-01-22,S002,Crane,0
2024-01-22,S002,Loader,0
2024-01-22,S002,Roller,1
2024-01-22,S003,Excavator,2
2024-01-22,S003,Bulldozer,2
2024-01-22,S003,Grader,2
2024-01-22,S003,Crane,0
2024-01-22,S003,Loader,1
2024-01-22,S003,Roller,2
2024-01-22,S004,Excavator,1
2024-01-22,S004,Bulldozer,1
2024-01-22,S004,Grader,0
2024-01-22,S004,Crane,0
2024-01-22,S004,Loader,0
2024-01-22,S004,Roller,1
2024-01-22,S005,Excavator,0
2024-01-22,S005,Bulldozer,0
2024-01-22,S005,Grader,0
2024-01-22,S005,Crane,0
2024-01-22,S005,Loader,1
2024-01-22,S005,Roller,0
2024-01-22,S006,Excavator,0
2024-01-22,S006,Bulldozer,0
2024-01-22,S006,Grader,0
2024-01-22,S006,Crane,0
2024-01-22,S006,Loader,1
2024-01-22,S006,Roller,1
2024-01-22,S007,Excavator,1
2024-01-22,S007,Bulldozer,1
2024-01-22,S007,Grader,0
2024-01-22,S007,Crane,0
2024-01-22,S007,Loader,2
2024-01-22,S007,Roller,1
2024-01-22,S008,Excavator,0
2024-01-22,S008,Bulldozer,0
2024-01-22,S008,Grader,0
2024-01-22,S008,Crane,0
2024-01-22,S008,Loader,0
2024-01-22,S008,Roller,3
2024-01-22,S009,Excavator,2
2024-01-22,S009,Bulldozer,1
2024-01-22,S009,Grader,1
2024-01-22,S009,Crane,0
2024-01-22,S009,Loader,3
2024-01-22,S009,Roller,1
2024-01-22,S010,Excavator,1
2024-01-22,S010,Bulldozer,1
2024-01-22,S010,Grader,0
2024-01-22,S010,Crane,0
2024-01-22,S010,Loader,1
2024-01-22,S010,Roller,0
2024-01-29,S001,Excavator,2
2024-01-29,S001,Bulldozer,2
2024-01-29,S001,Grader,0
2024-01-29,S001,Crane,0
2024-01-29,S001,Loader,0
2024-01-29,S001,Roller,1
2024-01-29,S002,Excavator,1
2024-01-29,S002,Bulldozer,1
2024-01-29,S002,Grader,0
2024-01-29,S002,Crane,0
2024-01-29,S002,Loader,0
2024-01-29,S002,Roller,1
2024-01-29,S003,Excavator,2
2024-01-29,S003,Bulldozer,0
2024-01-29,S003,Grader,1
2024-01-29,S003,Crane,0
2024-01-29,S003,Loader,1
2024-01-29,S003,Roller,3
2024-01-29,S004,Excavator,1
2024-01-29,S004,Bulldozer,0
2024-01-29,S004,Grader,1
2024-01-29,S004,Crane,0
2024-01-29,S004,Loader,0
2024-01-29,S004,Roller,1
2024-01-29,S005,Excavator,0
2024-01-29,S005,Bulldozer,0
2024-01-29,S005,Grader,0
2024-01-29,S005,Crane,0
2024-01-29,S005,Loader,1
2024-01-29,S005,Roller,0
2024-01-29,S006,Excavator,0
2024-01-29,S006,Bulldozer,0
2024-01-29,S006,Grader,0
2024-01-29,S006,Crane,0
2024-01-29,S006,Loader,1
2024-01-29,S006,Roller,0
2024-01-29,S007,Excavator,0
2024-01-29,S007,Bulldozer,1
2024-01-29,S007,Grader,0
2024-01-29,S007,Crane,0
2024-01-29,S007,Loader,2
2024-01-29,S007,Roller,1
2024-01-29,S008,Excavator,0
2024-01-29,S008,Bulldozer,0
2024-01-29,S008,Grader,0
2024-01-29,S008,Crane,0
2024-01-29,S008,Loader,0
2024-01-29,S008,Roller,3
2024-01-29,S009,Excavator,2
2024-01-29,S009,Bulldozer,2
2024-01-29,S009,Grader,1
2024-01-29,S009,Crane,0
2024-01-29,S009,Loader,3
2024-01-29,S009,Roller,1
2024-01-29,S010,Excavator,0
2024-01-29,S010,Bulldozer,1
2024-01-29,S010,Grader,0
2024-01-29,S010,Crane,0
2024-01-29,S010,Loader,0
2024-01-29,S010,Roller,0
2024-02-05,S001,Excavator,1
2024-02-05,S001,Bulldozer,0
2024-02-05,S001,Grader,1
2024-02-05,S001,Crane,0
2024-02-05,S001,Loader,0
2024-02-05,S001,Roller,1
2024-02-05,S002,Excavator,1
2024-02-05,S002,Bulldozer,1
2024-02-05,S002,Grader,0
2024-02-05,S002,Crane,0
2024-02-05,S002,Loader,1
2024-02-05,S002,Roller,1
2024-02-05,S003,Excavator,2
2024-02-05,S003,Bulldozer,2
2024-02-05,S003,Grader,0
2024-02-05,S003,Crane,0
2024-02-05,S003,Loader,0
2024-02-05,S003,Roller,3
2024-02-05,S004,Excavator,1
2024-02-05,S004,Bulldozer,1
2024-02-05,S004,Grader,1
2024-02-05,S004,Crane,0
2024-02-05,S004,Loader,0
2024-02-05,S004,Roller,1
2024-02-05,S005,Excavator,0
2024-02-05,S005,Bulldozer,0
2024-02-05,S005,Grader,1
2024-02-05,S005,Crane,0
2024-02-05,S005,Loader,0
2024-02-05,S005,Roller,0
2024-02-05,S006,Excavator,0
2024-02-05,S006,Bulldozer,0
2024-02-05,S006,Grader,0
2024-02-05,S006,Crane,0
2024-02-05,S006,Loader,1
2024-02-05,S006,Roller,0
2024-02-05,S007,Excavator,0
2024-02-05,S007,Bulldozer,1
2024-02-05,S007,Grader,0
2024-02-05,S007,Crane,0
2024-02-05,S007,Loader,1
2024-02-05,S007,Roller,1
2024-02-05,S008,Excavator,0
2024-02-05,S008,Bulldozer,0
2024-02-05,S008,Grader,1
2024-02-05,S008,Crane,0
2024-02-05,S008,Loader,0
2024-02-05,S008,Roller,3
2024-02-05,S009,Excavator,2
2024-02-05,S009,Bulldozer,2
2024-02-05,S009,Grader,1
2024-02-05,S009,Crane,0
2024-02-05,S009,Loader,1
2024-02-05,S009,Roller,1
2024-02-05,S010,Excavator,1
2024-02-05,S010,Bulldozer,0
2024-02-05,S010,Grader,0
2024-02-05,S010,Crane,0
2024-02-05,S010,Loader,1
2024-02-05,S010,Roller,0
2024-02-12,S001,Excavator,2
2024-02-12,S001,Bulldozer,0
2024-02-12,S001,Grader,1
2024-02-12,S001,Crane,0
2024-02-12,S001,Loader,1
2024-02-12,S001,Roller,1
2024-02-12,S002,Excavator,1
2024-02-12,S002,Bulldozer,2
2024-02-12,S002,Grader,0
2024-02-12,S002,Crane,1
2024-02-12,S002,Loader,2
2024-02-12,S002,Roller,0
2024-02-12,S003,Excavator,1
2024-02-12,S003,Bulldozer,2
2024-02-12,S003,Grader,1
2024-02-12,S003,Crane,0
2024-02-12,S003,Loader,1
2024-02-12,S003,Roller,0
2024-02-12,S004,Excavator,1
2024-02-12,S004,Bulldozer,1
2024-02-12,S004,Grader,1
2024-02-12,S004,Crane,0
2024-02-12,S004,Loader,0
2024-02-12,S004,Roller,1
2024-02-12,S005,Excavator,0
2024-02-12,S005,Bulldozer,2
2024-02-12,S005,Grader,1
2024-02-12,S005,Crane,0
2024-02-12,S005,Loader,0
2024-02-12,S005,Roller,0
2024-02-12,S006,Excavator,1
2024-02-12,S006,Bulldozer,0
2024-02-12,S006,Grader,0
2024-02-12,S006,Crane,0
2024-02-12,S006,Loader,0
2024-02-12,S006,Roller,0
2024-02-12,S007,Excavator,0
2024-02-12,S007,Bulldozer,1
2024-02-12,S007,Grader,0
2024-02-12,S007,Crane,0
2024-02-12,S007,Loader,1
2024-02-12,S007,Roller,1
2024-02-12,S008,Excavator,0
2024-02-12,S008,Bulldozer,3
2024-02-12,S008,Grader,1
2024-02-12,S008,Crane,0
2024-02-12,S008,Loader,0
2024-02-12,S008,Roller,1
2024-02-12,S009,Excavator,2
2024-02-12,S009,Bulldozer,1
2024-02-12,S009,Grader,1
2024-02-12,S009,Crane,0
2024-02-12,S009,Loader,0
2024-02-12,S009,Roller,1
2024-02-12,S010,Excavator,1
2024-02-12,S010,Bulldozer,1
2024-02-12,S010,Grader,0
2024-02-12,S010,Crane,1
2024-02-12,S010,Loader,1
2024-02-12,S010,Roller,1
2024-02-19,S001,Excavator,2
2024-02-19,S001,Bulldozer,0
2024-02-19,S001,Grader,0
2024-02-19,S001,Crane,0
2024-02-19,S001,Loader,1
2024-02-19,S001,Roller,1
2024-02-19,S002,Excavator,0
2024-02-19,S002,Bulldozer,2
2024-02-19,S002,Grader,0
2024-02-19,S002,Crane,2
2024-02-19,S002,Loader,2
2024-02-19,S002,Roller,1
2024-02-19,S003,Excavator,0
2024-02-19,S003,Bulldozer,1
2024-02-19,S003,Grader,1
2024-02-19,S003,Crane,0
2024-02-19,S003,Loader,1
2024-02-19,S003,Roller,0
2024-02-19,S004,Excavator,1
2024-02-19,S004,Bulldozer,2
2024-02-19,S004,Grader,1
2024-02-19,S004,Crane,0
2024-02-19,S004,Loader,1
2024-02-19,S004,Roller,2
2024-02-19,S005,Excavator,1
2024-02-19,S005,Bulldozer,2
2024-02-19,S005,Grader,1
2024-02-19,S005,Crane,0
2024-02-19,S005,Loader,0
2024-02-19,S005,Roller,1
2024-02-19,S006,Excavator,2
2024-02-19,S006,Bulldozer,3
2024-02-19,S006,Grader,0
2024-02-19,S006,Crane,0
2024-02-19,S006,Loader,0
2024-02-19,S006,Roller,0
2024-02-19,S007,Excavator,0
2024-02-19,S007,Bulldozer,0
2024-02-19,S007,Grader,0
2024-02-19,S007,Crane,0
2024-02-19,S007,Loader,1
2024-02-19,S007,Roller,0
2024-02-19,S008,Excavator,0
2024-02-19,S008,Bulldozer,3
2024-02-19,S008,Grader,1
2024-02-19,S008,Crane,0
2024-02-19,S008,Loader,1
2024-02-19,S008,Roller,2
2024-02-19,S009,Excavator,1
2024-02-19,S009,Bulldozer,2
2024-02-19,S009,Grader,1
2024-02-19,S009,Crane,1
2024-02-19,S009,Loader,1
2024-02-19,S009,Roller,1
2024-02-19,S010,Excavator,1
2024-02-19,S010,Bulldozer,1
2024-02-19,S010,Grader,2
2024-02-19,S010,Crane,1
2024-02-19,S010,Loader,1
2024-02-19,S010,Roller,1
2024-02-26,S001,Excavator,2
2024-02-26,S001,Bulldozer,0
2024-02-26,S001,Grader,0
2024-02-26,S001,Crane,0
2024-02-26,S001,Loader,1
2024-02-26,S001,Roller,1
2024-02-26,S002,Excavator,0
2024-02-26,S002,Bulldozer,1
2024-02-26,S002,Grader,0
2024-02-26,S002,Crane,2
2024-02-26,S002,Loader,2
2024-02-26,S002,Roller,1
2024-02-26,S003,Excavator,0
2024-02-26,S003,Bulldozer,1
2024-02-26,S003,Grader,0
2024-02-26,S003,Crane,0
2024-02-26,S003,Loader,0
2024-02-26,S003,Roller,0
2024-02-26,S004,Excavator,1
2024-02-26,S004,Bulldozer,2
2024-02-26,S004,Grader,2
2024-02-26,S004,Crane,0
2024-02-26,S004,Loader,1
2024-02-26,S004,Roller,2
2024-02-26,S005,Excavator,1
2024-02-26,S005,Bulldozer,2
2024-02-26,S005,Grader,1
2024-02-26,S005,Crane,1
2024-02-26,S005,Loader,0
2024-02-26,S005,Roller,1
2024-02-26,S006,Excavator,3
2024-02-26,S006,Bulldozer,3
2024-02-26,S006,Grader,1
2024-02-26,S006,Crane,0
2024-02-26,S006,Loader,0
2024-02-26,S006,Roller,0
2024-02-26,S007,Excavator,0
2024-02-26,S007,Bulldozer,0
2024-02-26,S007,Grader,0
2024-02-26,S007,Crane,0
2024-02-26,S007,Loader,1
2024-02-26,S007,Roller,1
2024-02-26,S008,Excavator,0
2024-02-26,S008,Bulldozer,2
2024-02-26,S008,Grader,1
2024-02-26,S008,Crane,0
2024-02-26,S008,Loader,1
2024-02-26,S008,Roller,2
2024-02-26,S009,Excavator,0
2024-02-26,S009,Bulldozer,2
2024-02-26,S009,Grader,0
2024-02-26,S009,Crane,3
2024-02-26,S009,Loader,1
2024-02-26,S009,Roller,1
2024-02-26,S010,Excavator,1
2024-02-26,S010,Bulldozer,1
2024-02-26,S010,Grader,2
2024-02-26,S010,Crane,0
2024-02-26,S010,Loader,1
2024-02-26,S010,Roller,0
2024-03-04,S001,Excavator,2
2024-03-04,S001,Bulldozer,1
2024-03-04,S001,Grader,0
2024-03-04,S001,Crane,1
2024-03-04,S001,Loader,1
2024-03-04,S001,Roller,1
2024-03-04,S002,Excavator,1
2024-03-04,S002,Bulldozer,1
2024-03-04,S002,Grader,1
2024-03-04,S002,Crane,1
2024-03-04,S002,Loader,2
2024-03-04,S002,Roller,1
2024-03-04,S003,Excavator,1
2024-03-04,S003,Bulldozer,1
2024-03-04,S003,Grader,0
2024-03-04,S003,Crane,0
2024-03-04,S003,Loader,0
2024-03-04,S003,Roller,0
2024-03-04,S004,Excavator,1
2024-03-04,S004,Bulldozer,2
2024-03-04,S004,Grader,2
2024-03-04,S004,Crane,0
2024-03-04,S004,Loader,0
2024-03-04,S004,Roller,1
2024-03-04,S005,Excavator,1
2024-03-04,S005,Bulldozer,1
2024-03-04,S005,Grader,1
2024-03-04,S005,Crane,1
2024-03-04,S005,Loader,1
2024-03-04,S005,Roller,1
2024-03-04,S006,Excavator,3
2024-03-04,S006,Bulldozer,1
2024-03-04,S006,Grader,1
2024-03-04,S006,Crane,0
2024-03-04,S006,Loader,0
2024-03-04,S006,Roller,2
2024-03-04,S007,Excavator,0
2024-03-04,S007,Bulldozer,0
2024-03-04,S007,Grader,0
2024-03-04,S007,Crane,0
2024-03-04,S007,Loader,1
2024-03-04,S007,Roller,1
2024-03-04,S008,Excavator,0
2024-03-04,S008,Bulldozer,1
2024-03-04,S008,Grader,1
2024-03-04,S008,Crane,1
2024-03-04,S008,Loader,0
2024-03-04,S008,Roller,1
2024-03-04,S009,Excavator,0
2024-03-04,S009,Bulldozer,2
2024-03-04,S009,Grader,1
2024-03-04,S009,Crane,3
2024-03-04,S009,Loader,0
2024-03-04,S009,Roller,1
2024-03-04,S010,Excavator,1
2024-03-04,S010,Bulldozer,1
2024-03-04,S010,Grader,2
2024-03-04,S010,Crane,0
2024-03-04,S010,Loader,0
2024-03-04,S010,Roller,0
2024-03-11,S001,Excavator,2
2024-03-11,S001,Bulldozer,1
2024-03-11,S001,Grader,0
2024-03-11,S001,Crane,1
2024-03-11,S001,Loader,1
2024-03-11,S001,Roller,0
2024-03-11,S002,Excavator,1
2024-03-11,S002,Bulldozer,1
2024-03-11,S002,Grader,1
2024-03-11,S002,Crane,1
2024-03-11,S002,Loader,1
2024-03-11,S002,Roller,0
2024-03-11,S003,Excavator,1
2024-03-11,S003,Bulldozer,1
2024-03-11,S003,Grader,1
2024-03-11,S003,Crane,0
2024-03-11,S003,Loader,0
2024-03-11,S003,Roller,0
2024-03-11,S004,Excavator,0
2024-03-11,S004,Bulldozer,2
2024-03-11,S004,Grader,1
2024-03-11,S004,Crane,0
2024-03-11,S004,Loader,0
2024-03-11,S004,Roller,1
2024-03-11,S005,Excavator,1
2024-03-11,S005,Bulldozer,1
2024-03-11,S005,Grader,1
2024-03-11,S005,Crane,0
2024-03-11,S005,Loader,1
2024-03-11,S005,Roller,0
2024-03-11,S006,Excavator,3
2024-03-11,S006,Bulldozer,1
2024-03-11,S006,Grader,0
2024-03-11,S006,Crane,0
2024-03-11,S006,Loader,0
2024-03-11,S006,Roller,2
2024-03-11,S007,Excavator,0
2024-03-11,S007,Bulldozer,0
2024-03-11,S007,Grader,0
2024-03-11,S007,Crane,0
2024-03-11,S007,Loader,1
2024-03-11,S007,Roller,0
2024-03-11,S008,Excavator,0
2024-03-11,S008,Bulldozer,1
2024-03-11,S008,Grader,3
2024-03-11,S008,Crane,1
2024-03-11,S008,Loader,0
2024-03-11,S008,Roller,1
2024-03-11,S009,Excavator,0
2024-03-11,S009,Bulldozer,0
2024-03-11,S009,Grader,1
2024-03-11,S009,Crane,0
2024-03-11,S009,Loader,2
2024-03-11,S009,Roller,1
2024-03-11,S010,Excavator,0
2024-03-11,S010,Bulldozer,1
2024-03-11,S010,Grader,2
2024-03-11,S010,Crane,0
2024-03-11,S010,Loader,1
2024-03-11,S010,Roller,1
2024-03-18,S001,Excavator,0
2024-03-18,S001,Bulldozer,1
2024-03-18,S001,Grader,1
2024-03-18,S001,Crane,1
2024-03-18,S001,Loader,1
2024-03-18,S001,Roller,0
2024-03-18,S002,Excavator,1
2024-03-18,S002,Bulldozer,1
2024-03-18,S002,Grader,1
2024-03-18,S002,Crane,1
2024-03-18,S002,Loader,1
2024-03-18,S002,Roller,1
2024-03-18,S003,Excavator,1
2024-03-18,S003,Bulldozer,1
2024-03-18,S003,Grader,1
2024-03-18,S003,Crane,0
2024-03-18,S003,Loader,1
2024-03-18,S003,Roller,1
2024-03-18,S004,Excavator,2
2024-03-18,S004,Bulldozer,1
2024-03-18,S004,Grader,1
2024-03-18,S004,Crane,0
2024-03-18,S004,Loader,0
2024-03-18,S004,Roller,1
2024-03-18,S005,Excavator,1
2024-03-18,S005,Bulldozer,1
2024-03-18,S005,Grader,0
2024-03-18,S005,Crane,1
2024-03-18,S005,Loader,0
2024-03-18,S005,Roller,0
2024-03-18,S006,Excavator,2
2024-03-18,S006,Bulldozer,0
2024-03-18,S006,Grader,1
2024-03-18,S006,Crane,0
2024-03-18,S006,Loader,0
2024-03-18,S006,Roller,0
2024-03-18,S007,Excavator,1
2024-03-18,S007,Bulldozer,0
2024-03-18,S007,Grader,0
2024-03-18,S007,Crane,1
2024-03-18,S007,Loader,1
2024-03-18,S007,Roller,0
2024-03-18,S008,Excavator,0
2024-03-18,S008,Bulldozer,0
2024-03-18,S008,Grader,3
2024-03-18,S008,Crane,0
2024-03-18,S008,Loader,0
2024-03-18,S008,Roller,1
2024-03-18,S009,Excavator,0
2024-03-18,S009,Bulldozer,0
2024-03-18,S009,Grader,1
2024-03-18,S009,Crane,0
2024-03-18,S009,Loader,2
2024-03-18,S009,Roller,1
2024-03-18,S010,Excavator,0
2024-03-18,S010,Bulldozer,0
2024-03-18,S010,Grader,0
2024-03-18,S010,Crane,0
2024-03-18,S010,Loader,1
2024-03-18,S010,Roller,1
2024-03-25,S001,Excavator,0
2024-03-25,S001,Bulldozer,0
2024-03-25,S001,Grader,1
2024-03-25,S001,Crane,0
2024-03-25,S001,Loader,1
2024-03-25,S001,Roller,0
2024-03-25,S002,Excavator,1
2024-03-25,S002,Bulldozer,1
2024-03-25,S002,Grader,0
2024-03-25,S002,Crane,1
2024-03-25,S002,Loader,1
2024-03-25,S002,Roller,1
2024-03-25,S003,Excavator,1
2024-03-25,S003,Bulldozer,1
2024-03-25,S003,Grader,0
2024-03-25,S003,Crane,0
2024-03-25,S003,Loader,1
2024-03-25,S003,Roller,1
2024-03-25,S004,Excavator,2
2024-03-25,S004,Bulldozer,1
2024-03-25,S004,Grader,1
2024-03-25,S004,Crane,0
2024-03-25,S004,Loader,0
2024-03-25,S004,Roller,1
2024-03-25,S005,Excavator,1
2024-03-25,S005,Bulldozer,2
2024-03-25,S005,Grader,1
2024-03-25,S005,Crane,1
2024-03-25,S005,Loader,0
2024-03-25,S005,Roller,0
2024-03-25,S006,Excavator,2
2024-03-25,S006,Bulldozer,0
2024-03-25,S006,Grader,1
2024-03-25,S006,Crane,0
2024-03-25,S006,Loader,1
2024-03-25,S006,Roller,0
2024-03-25,S007,Excavator,2
2024-03-25,S007,Bulldozer,1
2024-03-25,S007,Grader,0
2024-03-25,S007,Crane,1
2024-03-25,S007,Loader,3
2024-03-25,S007,Roller,0
2024-03-25,S008,Excavator,0
2024-03-25,S008,Bulldozer,0
2024-03-25,S008,Grader,3
2024-03-25,S008,Crane,0
2024-03-25,S008,Loader,0
2024-03-25,S008,Roller,1
2024-03-25,S009,Excavator,0
2024-03-25,S009,Bulldozer,0
2024-03-25,S009,Grader,0
2024-03-25,S009,Crane,0
2024-03-25,S009,Loader,2
2024-03-25,S009,Roller,1
2024-03-25,S010,Excavator,0
2024-03-25,S010,Bulldozer,0
2024-03-25,S010,Grader,0
2024-03-25,S010,Crane,0
2024-03-25,S010,Loader,0
2024-03-25,S010,Roller,0
2024-04-01,S001,Excavator,1
2024-04-01,S001,Bulldozer,0
2024-04-01,S001,Grader,0
2024-04-01,S001,Crane,0
2024-04-01,S001,Loader,0
2024-04-01,S001,Roller,0
2024-04-01,S002,Excavator,1
2024-04-01,S002,Bulldozer,1
2024-04-01,S002,Grader,0
2024-04-01,S002,Crane,2
2024-04-01,S002,Loader,1
2024-04-01,S002,Roller,0
2024-04-01,S003,Excavator,2
2024-04-01,S003,Bulldozer,1
2024-04-01,S003,Grader,1
2024-04-01,S003,Crane,0
2024-04-01,S003,Loader,0
2024-04-01,S003,Roller,0
2024-04-01,S004,Excavator,1
2024-04-01,S004,Bulldozer,1
2024-04-01,S004,Grader,1
2024-04-01,S004,Crane,0
2024-04-01,S004,Loader,0
2024-04-01,S004,Roller,1
2024-04-01,S005,Excavator,1
2024-04-01,S005,Bulldozer,2
2024-04-01,S005,Grader,1
2024-04-01,S005,Crane,0
2024-04-01,S005,Loader,0
2024-04-01,S005,Roller,1
2024-04-01,S006,Excavator,2
2024-04-01,S006,Bulldozer,1
2024-04-01,S006,Grader,0
2024-04-01,S006,Crane,3
2024-04-01,S006,Loader,2
2024-04-01,S006,Roller,0
2024-04-01,S007,Excavator,2
2024-04-01,S007,Bulldozer,1
2024-04-01,S007,Grader,0
2024-04-01,S007,Crane,0
2024-04-01,S007,Loader,3
2024-04-01,S007,Roller,0
2024-04-01,S008,Excavator,0
2024-04-01,S008,Bulldozer,0
2024-04-01,S008,Grader,1
2024-04-01,S008,Crane,0
2024-04-01,S008,Loader,0
2024-04-01,S008,Roller,0
2024-04-01,S009,Excavator,0
2024-04-01,S009,Bulldozer,0
2024-04-01,S009,Grader,0
2024-04-01,S009,Crane,0
2024-04-01,S009,Loader,1
2024-04-01,S009,Roller,0
2024-04-01,S010,Excavator,0
2024-04-01,S010,Bulldozer,0
2024-04-01,S010,Grader,0
2024-04-01,S010,Crane,0
2024-04-01,S010,Loader,0
2024-04-01,S010,Roller,0
2024-04-08,S001,Excavator,2
2024-04-08,S001,Bulldozer,0
2024-04-08,S001,Grader,0
2024-04-08,S001,Crane,0
2024-04-08,S001,Loader,0
2024-04-08,S001,Roller,1
2024-04-08,S002,Excavator,1
2024-04-08,S002,Bulldozer,1
2024-04-08,S002,Grader,0
2024-04-08,S002,Crane,2
2024-04-08,S002,Loader,1
2024-04-08,S002,Roller,0
2024-04-08,S003,Excavator,2
2024-04-08,S003,Bulldozer,1
2024-04-08,S003,Grader,1
2024-04-08,S003,Crane,0
2024-04-08,S003,Loader,0
2024-04-08,S003,Roller,0
2024-04-08,S004,Excavator,1
2024-04-08,S004,Bulldozer,1
2024-04-08,S004,Grader,1
2024-04-08,S004,Crane,1
2024-04-08,S004,Loader,0
2024-04-08,S004,Roller,1
2024-04-08,S005,Excavator,1
2024-04-08,S005,Bulldozer,0
2024-04-08,S005,Grader,1
2024-04-08,S005,Crane,0
2024-04-08,S005,Loader,0
2024-04-08,S005,Roller,1
2024-04-08,S006,Excavator,2
2024-04-08,S006,Bulldozer,1
2024-04-08,S006,Grader,0
2024-04-08,S006,Crane,3
2024-04-08,S006,Loader,2
2024-04-08,S006,Roller,1
2024-04-08,S007,Excavator,1
2024-04-08,S007,Bulldozer,0
2024-04-08,S007,Grader,1
2024-04-08,S007,Crane,0
2024-04-08,S007,Loader,1
2024-04-08,S007,Roller,0
2024-04-08,S008,Excavator,0
2024-04-08,S008,Bulldozer,0
2024-04-08,S008,Grader,0
2024-04-08,S008,Crane,1
2024-04-08,S008,Loader,1
2024-04-08,S008,Roller,0
2024-04-08,S009,Excavator,0
2024-04-08,S009,Bulldozer,1
2024-04-08,S009,Grader,0
2024-04-08,S009,Crane,0
2024-04-08,S009,Loader,0
2024-04-08,S009,Roller,0
2024-04-08,S010,Excavator,0
2024-04-08,S010,Bulldozer,1
2024-04-08,S010,Grader,0
2024-04-08,S010,Crane,0
2024-04-08,S010,Loader,0
2024-04-08,S010,Roller,0
2024-04-15,S001,Excavator,2
2024-04-15,S001,Bulldozer,0
2024-04-15,S001,Grader,0
2024-04-15,S001,Crane,0
2024-04-15,S001,Loader,0
2024-04-15,S001,Roller,1
2024-04-15,S002,Excavator,1
2024-04-15,S002,Bulldozer,1
2024-04-15,S002,Grader,1
2024-04-15,S002,Crane,2
2024-04-15,S002,Loader,1
2024-04-15,S002,Roller,0
2024-04-15,S003,Excavator,3
2024-04-15,S003,Bulldozer,1
2024-04-15,S003,Grader,0
2024-04-15,S003,Crane,0
2024-04-15,S003,Loader,0
2024-04-15,S003,Roller,0
2024-04-15,S004,Excavator,2
2024-04-15,S004,Bulldozer,0
2024-04-15,S004,Grader,1
2024-04-15,S004,Crane,1
2024-04-15,S004,Loader,0
2024-04-15,S004,Roller,1
2024-04-15,S005,Excavator,1
2024-04-15,S005,Bulldozer,0
2024-04-15,S005,Grader,0
2024-04-15,S005,Crane,0
2024-04-15,S005,Loader,0
2024-04-15,S005,Roller,0
2024-04-15,S006,Excavator,1
2024-04-15,S006,Bulldozer,0
2024-04-15,S006,Grader,1
2024-04-15,S006,Crane,0
2024-04-15,S006,Loader,1
2024-04-15,S006,Roller,1
2024-04-15,S007,Excavator,1
2024-04-15,S007,Bulldozer,0
2024-04-15,S007,Grader,1
2024-04-15,S007,Crane,0
2024-04-15,S007,Loader,1
2024-04-15,S007,Roller,0
2024-04-15,S008,Excavator,0
2024-04-15,S008,Bulldozer,0
2024-04-15,S008,Grader,0
2024-04-15,S008,Crane,1
2024-04-15,S008,Loader,1
2024-04-15,S008,Roller,0
2024-04-15,S009,Excavator,1
2024-04-15,S009,Bulldozer,1
2024-04-15,S009,Grader,1
2024-04-15,S009,Crane,0
2024-04-15,S009,Loader,1
2024-04-15,S009,Roller,1
2024-04-15,S010,Excavator,0
2024-04-15,S010,Bulldozer,1
2024-04-15,S010,Grader,0
2024-04-15,S010,Crane,0
2024-04-15,S010,Loader,0
2024-04-15,S010,Roller,0
2024-04-22,S001,Excavator,1
2024-04-22,S001,Bulldozer,0
2024-04-22,S001,Grader,0
2024-04-22,S001,Crane,0
2024-04-22,S001,Loader,0
2024-04-22,S001,Roller,0
2024-04-22,S002,Excavator,1
2024-04-22,S002,Bulldozer,1
2024-04-22,S002,Grader,1
2024-04-22,S002,Crane,2
2024-04-22,S002,Loader,1
2024-04-22,S002,Roller,1
2024-04-22,S003,Excavator,3
2024-04-22,S003,Bulldozer,1
2024-04-22,S003,Grader,0
2024-04-22,S003,Crane,0
2024-04-22,S003,Loader,0
2024-04-22,S003,Roller,0
2024-04-22,S004,Excavator,2
2024-04-22,S004,Bulldozer,1
2024-04-22,S004,Grader,0
2024-04-22,S004,Crane,0
2024-04-22,S004,Loader,0
2024-04-22,S004,Roller,1
2024-04-22,S005,Excavator,1
2024-04-22,S005,Bulldozer,0
2024-04-22,S005,Grader,0
2024-04-22,S005,Crane,0
2024-04-22,S005,Loader,0
2024-04-22,S005,Roller,0
2024-04-22,S006,Excavator,2
2024-04-22,S006,Bulldozer,0
2024-04-22,S006,Grader,1
2024-04-22,S006,Crane,0
2024-04-22,S006,Loader,1
2024-04-22,S006,Roller,0
2024-04-22,S007,Excavator,1
2024-04-22,S007,Bulldozer,0
2024-04-22,S007,Grader,0
2024-04-22,S007,Crane,0
2024-04-22,S007,Loader,1
2024-04-22,S007,Roller,0
2024-04-22,S008,Excavator,0
2024-04-22,S008,Bulldozer,1
2024-04-22,S008,Grader,0
2024-04-22,S008,Crane,1
2024-04-22,S008,Loader,1
2024-04-22,S008,Roller,0
2024-04-22,S009,Excavator,1
2024-04-22,S009,Bulldozer,1
2024-04-22,S009,Grader,1
2024-04-22,S009,Crane,1
2024-04-22,S009,Loader,1
2024-04-22,S009,Roller,1
2024-04-22,S010,Excavator,0
2024-04-22,S010,Bulldozer,1
2024-04-22,S010,Grader,0
2024-04-22,S010,Crane,0
2024-04-22,S010,Loader,0
2024-04-22,S010,Roller,0
2024-04-29,S001,Excavator,0
2024-04-29,S001,Bulldozer,0
2024-04-29,S001,Grader,0
2024-04-29,S001,Crane,0
2024-04-29,S001,Loader,0
2024-04-29,S001,Roller,1
2024-04-29,S002,Excavator,0
2024-04-29,S002,Bulldozer,1
2024-04-29,S002,Grader,1
2024-04-29,S002,Crane,2
2024-04-29,S002,Loader,1
2024-04-29,S002,Roller,1
2024-04-29,S003,Excavator,3
2024-04-29,S003,Bulldozer,1
2024-04-29,S003,Grader,0
2024-04-29,S003,Crane,0
2024-04-29,S003,Loader,0
2024-04-29,S003,Roller,1
2024-04-29,S004,Excavator,1
2024-04-29,S004,Bulldozer,1
2024-04-29,S004,Grader,0
2024-04-29,S004,Crane,0
2024-04-29,S004,Loader,0
2024-04-29,S004,Roller,0
2024-04-29,S005,Excavator,0
2024-04-29,S005,Bulldozer,0
2024-04-29,S005,Grader,1
2024-04-29,S005,Crane,0
2024-04-29,S005,Loader,0
2024-04-29,S005,Roller,0
2024-04-29,S006,Excavator,2
2024-04-29,S006,Bulldozer,0
2024-04-29,S006,Grader,1
2024-04-29,S006,Crane,0
2024-04-29,S006,Loader,1
2024-04-29,S006,Roller,0
2024-04-29,S007,Excavator,1
2024-04-29,S007,Bulldozer,0
2024-04-29,S007,Grader,0
2024-04-29,S007,Crane,1
2024-04-29,S007,Loader,0
2024-04-29,S007,Roller,0
2024-04-29,S008,Excavator,0
2024-04-29,S008,Bulldozer,1
2024-04-29,S008,Grader,0
2024-04-29,S008,Crane,0
2024-04-29,S008,Loader,1
2024-04-29,S008,Roller,1
2024-04-29,S009,Excavator,1
2024-04-29,S009,Bulldozer,1
2024-04-29,S009,Grader,1
2024-04-29,S009,Crane,1
2024-04-29,S009,Loader,1
2024-04-29,S009,Roller,1
2024-04-29,S010,Excavator,0
2024-04-29,S010,Bulldozer,1
2024-04-29,S010,Grader,0
2024-04-29,S010,Crane,0
2024-04-29,S010,Loader,0
2024-04-29,S010,Roller,0
2024-05-06,S001,Excavator,1
2024-05-06,S001,Bulldozer,0
2024-05-06,S001,Grader,0
2024-05-06,S001,Crane,1
2024-05-06,S001,Loader,1
2024-05-06,S001,Roller,1
2024-05-06,S002,Excavator,0
2024-05-06,S002,Bulldozer,0
2024-05-06,S002,Grader,0
2024-05-06,S002,Crane,0
2024-05-06,S002,Loader,1
2024-05-06,S002,Roller,0
2024-05-06,S003,Excavator,2
2024-05-06,S003,Bulldozer,0
2024-05-06,S003,Grader,1
2024-05-06,S003,Crane,1
2024-05-06,S003,Loader,0
2024-05-06,S003,Roller,2
2024-05-06,S004,Excavator,1
2024-05-06,S004,Bulldozer,1
2024-05-06,S004,Grader,0
2024-05-06,S004,Crane,0
2024-05-06,S004,Loader,1
2024-05-06,S004,Roller,0
2024-05-06,S005,Excavator,1
2024-05-06,S005,Bulldozer,0
2024-05-06,S005,Grader,1
2024-05-06,S005,Crane,0
2024-05-06,S005,Loader,0
2024-05-06,S005,Roller,0
2024-05-06,S006,Excavator,1
2024-05-06,S006,Bulldozer,2
2024-05-06,S006,Grader,1
2024-05-06,S006,Crane,0
2024-05-06,S006,Loader,0
2024-05-06,S006,Roller,0
2024-05-06,S007,Excavator,0
2024-05-06,S007,Bulldozer,1
2024-05-06,S007,Grader,0
2024-05-06,S007,Crane,1
2024-05-06,S007,Loader,1
2024-05-06,S007,Roller,0
2024-05-06,S008,Excavator,0
2024-05-06,S008,Bulldozer,1
2024-05-06,S008,Grader,0
2024-05-06,S008,Crane,0
2024-05-06,S008,Loader,0
2024-05-06,S008,Roller,1
2024-05-06,S009,Excavator,2
2024-05-06,S009,Bulldozer,1
2024-05-06,S009,Grader,2
2024-05-06,S009,Crane,1
2024-05-06,S009,Loader,2
2024-05-06,S009,Roller,1
2024-05-06,S010,Excavator,1
2024-05-06,S010,Bulldozer,0
2024-05-06,S010,Grader,0
2024-05-06,S010,Crane,0
2024-05-06,S010,Loader,1
2024-05-06,S010,Roller,0
2024-05-13,S001,Excavator,2
2024-05-13,S001,Bulldozer,0
2024-05-13,S001,Grader,1
2024-05-13,S001,Crane,1
2024-05-13,S001,Loader,1
2024-05-13,S001,Roller,1
2024-05-13,S002,Excavator,0
2024-05-13,S002,Bulldozer,0
2024-05-13,S002,Grader,0
2024-05-13,S002,Crane,0
2024-05-13,S002,Loader,2
2024-05-13,S002,Roller,0
2024-05-13,S003,Excavator,1
2024-05-13,S003,Bulldozer,0
2024-05-13,S003,Grader,1
2024-05-13,S003,Crane,1
2024-05-13,S003,Loader,0
2024-05-13,S003,Roller,3
2024-05-13,S004,Excavator,0
2024-05-13,S004,Bulldozer,1
2024-05-13,S004,Grader,1
2024-05-13,S004,Crane,0
2024-05-13,S004,Loader,1
2024-05-13,S004,Roller,0
2024-05-13,S005,Excavator,1
2024-05-13,S005,Bulldozer,0
2024-05-13,S005,Grader,0
2024-05-13,S005,Crane,0
2024-05-13,S005,Loader,0
2024-05-13,S005,Roller,0
2024-05-13,S006,Excavator,0
2024-05-13,S006,Bulldozer,2
2024-05-13,S006,Grader,1
2024-05-13,S006,Crane,0
2024-05-13,S006,Loader,0
2024-05-13,S006,Roller,0
2024-05-13,S007,Excavator,0
2024-05-13,S007,Bulldozer,1
2024-05-13,S007,Grader,0
2024-05-13,S007,Crane,2
2024-05-13,S007,Loader,1
2024-05-13,S007,Roller,1
2024-05-13,S008,Excavator,0
2024-05-13,S008,Bulldozer,1
2024-05-13,S008,Grader,0
2024-05-13,S008,Crane,0
2024-05-13,S008,Loader,0
2024-05-13,S008,Roller,1
2024-05-13,S009,Excavator,3
2024-05-13,S009,Bulldozer,2
2024-05-13,S009,Grader,2
2024-05-13,S009,Crane,1
2024-05-13,S009,Loader,2
2024-05-13,S009,Roller,1
2024-05-13,S010,Excavator,1
2024-05-13,S010,Bulldozer,1
2024-05-13,S010,Grader,0
2024-05-13,S010,Crane,0
2024-05-13,S010,Loader,1
2024-05-13,S010,Roller,0
2024-05-20,S001,Excavator,2
2024-05-20,S001,Bulldozer,0
2024-05-20,S001,Grader,1
2024-05-20,S001,Crane,0
2024-05-20,S001,Loader,2
2024-05-20,S001,Roller,0
2024-05-20,S002,Excavator,0
2024-05-20,S002,Bulldozer,0
2024-05-20,S002,Grader,1
2024-05-20,S002,Crane,0
2024-05-20,S002,Loader,2
2024-05-20,S002,Roller,1
2024-05-20,S003,Excavator,1
2024-05-20,S003,Bulldozer,0
2024-05-20,S003,Grader,0
2024-05-20,S003,Crane,0
2024-05-20,S003,Loader,0
2024-05-20,S003,Roller,3
2024-05-20,S004,Excavator,1
2024-05-20,S004,Bulldozer,0
2024-05-20,S004,Grader,1
2024-05-20,S004,Crane,0
2024-05-20,S004,Loader,1
2024-05-20,S004,Roller,0
2024-05-20,S005,Excavator,0
2024-05-20,S005,Bulldozer,1
2024-05-20,S005,Grader,0
2024-05-20,S005,Crane,0
2024-05-20,S005,Loader,0
2024-05-20,S005,Roller,2
2024-05-20,S006,Excavator,0
2024-05-20,S006,Bulldozer,1
2024-05-20,S006,Grader,0
2024-05-20,S006,Crane,0
2024-05-20,S006,Loader,0
2024-05-20,S006,Roller,0
2024-05-20,S007,Excavator,1
2024-05-20,S007,Bulldozer,0
2024-05-20,S007,Grader,0
2024-05-20,S007,Crane,2
2024-05-20,S007,Loader,2
2024-05-20,S007,Roller,1
2024-05-20,S008,Excavator,0
2024-05-20,S008,Bulldozer,0
2024-05-20,S008,Grader,0
2024-05-20,S008,Crane,0
2024-05-20,S008,Loader,0
2024-05-20,S008,Roller,1
2024-05-20,S009,Excavator,4
2024-05-20,S009,Bulldozer,2
2024-05-20,S009,Grader,2
2024-05-20,S009,Crane,0
2024-05-20,S009,Loader,3
2024-05-20,S009,Roller,1
2024-05-20,S010,Excavator,0
2024-05-20,S010,Bulldozer,1
2024-05-20,S010,Grader,0
2024-05-20,S010,Crane,0
2024-05-20,S010,Loader,1
2024-05-20,S010,Roller,0
2024-05-27,S001,Excavator,0
2024-05-27,S001,Bulldozer,0
2024-05-27,S001,Grader,0
2024-05-27,S001,Crane,2
2024-05-27,S001,Loader,2
2024-05-27,S001,Roller,1
2024-05-27,S002,Excavator,1
2024-05-27,S002,Bulldozer,0
2024-05-27,S002,Grader,1
2024-05-27,S002,Crane,0
2024-05-27,S002,Loader,1
2024-05-27,S002,Roller,2
2024-05-27,S003,Excavator,2
2024-05-27,S003,Bulldozer,0
2024-05-27,S003,Grader,0
2024-05-27,S003,Crane,0
2024-05-27,S003,Loader,0
2024-05-27,S003,Roller,0
2024-05-27,S004,Excavator,1
2024-05-27,S004,Bulldozer,0
2024-05-27,S004,Grader,0
2024-05-27,S004,Crane,0
2024-05-27,S004,Loader,0
2024-05-27,S004,Roller,0
2024-05-27,S005,Excavator,1
2024-05-27,S005,Bulldozer,1
2024-05-27,S005,Grader,2
2024-05-27,S005,Crane,0
2024-05-27,S005,Loader,0
2024-05-27,S005,Roller,2
2024-05-27,S006,Excavator,0
2024-05-27,S006,Bulldozer,1
2024-05-27,S006,Grader,0
2024-05-27,S006,Crane,0
2024-05-27,S006,Loader,0
2024-05-27,S006,Roller,0
2024-05-27,S007,Excavator,1
2024-05-27,S007,Bulldozer,0
2024-05-27,S007,Grader,0
2024-05-27,S007,Crane,1
2024-05-27,S007,Loader,2
2024-05-27,S007,Roller,1
2024-05-27,S008,Excavator,0
2024-05-27,S008,Bulldozer,0
2024-05-27,S008,Grader,0
2024-05-27,S008,Crane,0
2024-05-27,S008,Loader,1
2024-05-27,S008,Roller,1
2024-05-27,S009,Excavator,4
2024-05-27,S009,Bulldozer,2
2024-05-27,S009,Grader,2
2024-05-27,S009,Crane,0
2024-05-27,S009,Loader,3
2024-05-27,S009,Roller,1
2024-05-27,S010,Excavator,1
2024-05-27,S010,Bulldozer,0
2024-05-27,S010,Grader,0
2024-05-27,S010,Crane,0
2024-05-27,S010,Loader,1
2024-05-27,S010,Roller,1
2024-06-03,S001,Excavator,0
2024-06-03,S001,Bulldozer,0
2024-06-03,S001,Grader,0
2024-06-03,S001,Crane,3
2024-06-03,S001,Loader,2
2024-06-03,S001,Roller,1
2024-06-03,S002,Excavator,1
2024-06-03,S002,Bulldozer,3
2024-06-03,S002,Grader,0
2024-06-03,S002,Crane,0
2024-06-03,S002,Loader,1
2024-06-03,S002,Roller,2
2024-06-03,S003,Excavator,2
2024-06-03,S003,Bulldozer,0
2024-06-03,S003,Grader,0
2024-06-03,S003,Crane,0
2024-06-03,S003,Loader,0
2024-06-03,S003,Roller,1
2024-06-03,S004,Excavator,0
2024-06-03,S004,Bulldozer,1
2024-06-03,S004,Grader,1
2024-06-03,S004,Crane,0
2024-06-03,S004,Loader,0
2024-06-03,S004,Roller,0
2024-06-03,S005,Excavator,1
2024-06-03,S005,Bulldozer,1
2024-06-03,S005,Grader,2
2024-06-03,S005,Crane,0
2024-06-03,S005,Loader,1
2024-06-03,S005,Roller,1
2024-06-03,S006,Excavator,0
2024-06-03,S006,Bulldozer,1
2024-06-03,S006,Grader,0
2024-06-03,S006,Crane,0
2024-06-03,S006,Loader,0
2024-06-03,S006,Roller,0
2024-06-03,S007,Excavator,0
2024-06-03,S007,Bulldozer,0
2024-06-03,S007,Grader,0
2024-06-03,S007,Crane,3
2024-06-03,S007,Loader,1
2024-06-03,S007,Roller,1
2024-06-03,S008,Excavator,1
2024-06-03,S008,Bulldozer,0
2024-06-03,S008,Grader,0
2024-06-03,S008,Crane,0
2024-06-03,S008,Loader,1
2024-06-03,S008,Roller,0
2024-06-03,S009,Excavator,5
2024-06-03,S009,Bulldozer,2
2024-06-03,S009,Grader,1
2024-06-03,S009,Crane,0
2024-06-03,S009,Loader,2
2024-06-03,S009,Roller,1
2024-06-03,S010,Excavator,1
2024-06-03,S010,Bulldozer,0
2024-06-03,S010,Grader,0
2024-06-03,S010,Crane,0
2024-06-03,S010,Loader,1
2024-06-03,S010,Roller,1
2024-06-10,S001,Excavator,0
2024-06-10,S001,Bulldozer,2
2024-06-10,S001,Grader,0
2024-06-10,S001,Crane,3
2024-06-10,S001,Loader,2
2024-06-10,S001,Roller,1
2024-06-10,S002,Excavator,0
2024-06-10,S002,Bulldozer,3
2024-06-10,S002,Grader,0
2024-06-10,S002,Crane,1
2024-06-10,S002,Loader,2
2024-06-10,S002,Roller,1
2024-06-10,S003,Excavator,2
2024-06-10,S003,Bulldozer,0
2024-06-10,S003,Grader,0
2024-06-10,S003,Crane,0
2024-06-10,S003,Loader,0
2024-06-10,S003,Roller,1
2024-06-10,S004,Excavator,0
2024-06-10,S004,Bulldozer,1
2024-06-10,S004,Grader,1
2024-06-10,S004,Crane,0
2024-06-10,S004,Loader,0
2024-06-10,S004,Roller,1
2024-06-10,S005,Excavator,1
2024-06-10,S005,Bulldozer,1
2024-06-10,S005,Grader,2
2024-06-10,S005,Crane,1
2024-06-10,S005,Loader,1
2024-06-10,S005,Roller,0
2024-06-10,S006,Excavator,0
2024-06-10,S006,Bulldozer,1
2024-06-10,S006,Grader,0
2024-06-10,S006,Crane,0
2024-06-10,S006,Loader,1
2024-06-10,S006,Roller,0
2024-06-10,S007,Excavator,1
2024-06-10,S007,Bulldozer,0
2024-06-10,S007,Grader,0
2024-06-10,S007,Crane,3
2024-06-10,S007,Loader,1
2024-06-10,S007,Roller,1
2024-06-10,S008,Excavator,1
2024-06-10,S008,Bulldozer,1
2024-06-10,S008,Grader,0
2024-06-10,S008,Crane,0
2024-06-10,S008,Loader,2
2024-06-10,S008,Roller,1
2024-06-10,S009,Excavator,5
2024-06-10,S009,Bulldozer,2
2024-06-10,S009,Grader,2
2024-06-10,S009,Crane,1
2024-06-10,S009,Loader,1
2024-06-10,S009,Roller,1
2024-06-10,S010,Excavator,0
2024-06-10,S010,Bulldozer,0
2024-06-10,S010,Grader,0
2024-06-10,S010,Crane,0
2024-06-10,S010,Loader,1
2024-06-10,S010,Roller,0
2024-06-17,S001,Excavator,1
2024-06-17,S001,Bulldozer,2
2024-06-17,S001,Grader,0
2024-06-17,S001,Crane,2
2024-06-17,S001,Loader,0
2024-06-17,S001,Roller,1
2024-06-17,S002,Excavator,0
2024-06-17,S002,Bulldozer,2
2024-06-17,S002,Grader,0
2024-06-17,S002,Crane,1
2024-06-17,S002,Loader,2
2024-06-17,S002,Roller,1
2024-06-17,S003,Excavator,1
2024-06-17,S003,Bulldozer,0
2024-06-17,S003,Grader,0
2024-06-17,S003,Crane,0
2024-06-17,S003,Loader,0
2024-06-17,S003,Roller,0
2024-06-17,S004,Excavator,0
2024-06-17,S004,Bulldozer,0
2024-06-17,S004,Grader,0
2024-06-17,S004,Crane,0
2024-06-17,S004,Loader,0
2024-06-17,S004,Roller,1
2024-06-17,S005,Excavator,1
2024-06-17,S005,Bulldozer,1
2024-06-17,S005,Grader,2
2024-06-17,S005,Crane,1
2024-06-17,S005,Loader,0
2024-06-17,S005,Roller,1
2024-06-17,S006,Excavator,0
2024-06-17,S006,Bulldozer,0
2024-06-17,S006,Grader,0
2024-06-17,S006,Crane,0
2024-06-17,S006,Loader,1
2024-06-17,S006,Roller,0
2024-06-17,S007,Excavator,1
2024-06-17,S007,Bulldozer,0
2024-06-17,S007,Grader,0
2024-06-17,S007,Crane,0
2024-06-17,S007,Loader,0
2024-06-17,S007,Roller,1
2024-06-17,S008,Excavator,1
2024-06-17,S008,Bulldozer,1
2024-06-17,S008,Grader,2
2024-06-17,S008,Crane,0
2024-06-17,S008,Loader,2
2024-06-17,S008,Roller,1
2024-06-17,S009,Excavator,3
2024-06-17,S009,Bulldozer,2
2024-06-17,S009,Grader,2
2024-06-17,S009,Crane,1
2024-06-17,S009,Loader,1
2024-06-17,S009,Roller,1
2024-06-17,S010,Excavator,0
2024-06-17,S010,Bulldozer,0
2024-06-17,S010,Grader,0
2024-06-17,S010,Crane,1
2024-06-17,S010,Loader,1
2024-06-17,S010,Roller,0
2024-06-24,S001,Excavator,1
2024-06-24,S001,Bulldozer,1
2024-06-24,S001,Grader,2
2024-06-24,S001,Crane,0
2024-06-24,S001,Loader,1
2024-06-24,S001,Roller,1
2024-06-24,S002,Excavator,0
2024-06-24,S002,Bulldozer,1
2024-06-24,S002,Grader,0
2024-06-24,S002,Crane,1
2024-06-24,S002,Loader,1
2024-06-24,S002,Roller,1
2024-06-24,S003,Excavator,1
2024-06-24,S003,Bulldozer,0
2024-06-24,S003,Grader,0
2024-06-24,S003,Crane,0
2024-06-24,S003,Loader,0
2024-06-24,S003,Roller,0
2024-06-24,S004,Excavator,0
2024-06-24,S004,Bulldozer,0
2024-06-24,S004,Grader,1
2024-06-24,S004,Crane,0
2024-06-24,S004,Loader,0
2024-06-24,S004,Roller,0
2024-06-24,S005,Excavator,1
2024-06-24,S005,Bulldozer,0
2024-06-24,S005,Grader,1
2024-06-24,S005,Crane,1
2024-06-24,S005,Loader,1
2024-06-24,S005,Roller,1
2024-06-24,S006,Excavator,0
2024-06-24,S006,Bulldozer,0
2024-06-24,S006,Grader,1
2024-06-24,S006,Crane,0
2024-06-24,S006,Loader,1
2024-06-24,S006,Roller,0
2024-06-24,S007,Excavator,0
2024-06-24,S007,Bulldozer,0
2024-06-24,S007,Grader,0
2024-06-24,S007,Crane,0
2024-06-24,S007,Loader,0
2024-06-24,S007,Roller,1
2024-06-24,S008,Excavator,1
2024-06-24,S008,Bulldozer,0
2024-06-24,S008,Grader,2
2024-06-24,S008,Crane,0
2024-06-24,S008,Loader,2
2024-06-24,S008,Roller,1
2024-06-24,S009,Excavator,3
2024-06-24,S009,Bulldozer,2
2024-06-24,S009,Grader,1
2024-06-24,S009,Crane,0
2024-06-24,S009,Loader,1
2024-06-24,S009,Roller,1
2024-06-24,S010,Excavator,0
2024-06-24,S010,Bulldozer,0
2024-06-24,S010,Grader,0
2024-06-24,S010,Crane,1
2024-06-24,S010,Loader,1
2024-06-24,S010,Roller,0
2024-07-01,S001,Excavator,1
2024-07-01,S001,Bulldozer,0
2024-07-01,S001,Grader,2
2024-07-01,S001,Crane,0
2024-07-01,S001,Loader,1
2024-07-01,S001,Roller,1
2024-07-01,S002,Excavator,0
2024-07-01,S002,Bulldozer,1
2024-07-01,S002,Grader,0
2024-07-01,S002,Crane,1
2024-07-01,S002,Loader,1
2024-07-01,S002,Roller,1
2024-07-01,S003,Excavator,1
2024-07-01,S003,Bulldozer,0
2024-07-01,S003,Grader,0
2024-07-01,S003,Crane,0
2024-07-01,S003,Loader,1
2024-07-01,S003,Roller,0
2024-07-01,S004,Excavator,1
2024-07-01,S004,Bulldozer,0
2024-07-01,S004,Grader,1
2024-07-01,S004,Crane,0
2024-07-01,S004,Loader,0
2024-07-01,S004,Roller,0
2024-07-01,S005,Excavator,2
2024-07-01,S005,Bulldozer,1
2024-07-01,S005,Grader,1
2024-07-01,S005,Crane,1
2024-07-01,S005,Loader,1
2024-07-01,S005,Roller,0
2024-07-01,S006,Excavator,0
2024-07-01,S006,Bulldozer,0
2024-07-01,S006,Grader,1
2024-07-01,S006,Crane,0
2024-07-01,S006,Loader,0
2024-07-01,S006,Roller,0
2024-07-01,S007,Excavator,0
2024-07-01,S007,Bulldozer,0
2024-07-01,S007,Grader,0
2024-07-01,S007,Crane,0
2024-07-01,S007,Loader,0
2024-07-01,S007,Roller,2
2024-07-01,S008,Excavator,1
2024-07-01,S008,Bulldozer,0
2024-07-01,S008,Grader,1
2024-07-01,S008,Crane,0
2024-07-01,S008,Loader,1
2024-07-01,S008,Roller,2
2024-07-01,S009,Excavator,2
2024-07-01,S009,Bulldozer,1
2024-07-01,S009,Grader,1
2024-07-01,S009,Crane,0
2024-07-01,S009,Loader,1
2024-07-01,S009,Roller,1
2024-07-01,S010,Excavator,0
2024-07-01,S010,Bulldozer,0
2024-07-01,S010,Grader,0
2024-07-01,S010,Crane,3
2024-07-01,S010,Loader,0
2024-07-01,S010,Roller,0
2024-07-08,S001,Excavator,1
2024-07-08,S001,Bulldozer,0
2024-07-08,S001,Grader,0
2024-07-08,S001,Crane,0
2024-07-08,S001,Loader,0
2024-07-08,S001,Roller,0
2024-07-08,S002,Excavator,0
2024-07-08,S002,Bulldozer,1
2024-07-08,S002,Grader,3
2024-07-08,S002,Crane,0
2024-07-08,S002,Loader,1
2024-07-08,S002,Roller,1
2024-07-08,S003,Excavator,1
2024-07-08,S003,Bulldozer,0
2024-07-08,S003,Grader,0
2024-07-08,S003,Crane,0
2024-07-08,S003,Loader,1
2024-07-08,S003,Roller,0
2024-07-08,S004,Excavator,1
2024-07-08,S004,Bulldozer,1
2024-07-08,S004,Grader,0
2024-07-08,S004,Crane,0
2024-07-08,S004,Loader,0
2024-07-08,S004,Roller,0
2024-07-08,S005,Excavator,2
2024-07-08,S005,Bulldozer,1
2024-07-08,S005,Grader,1
2024-07-08,S005,Crane,0
2024-07-08,S005,Loader,1
2024-07-08,S005,Roller,0
2024-07-08,S006,Excavator,0
2024-07-08,S006,Bulldozer,0
2024-07-08,S006,Grader,1
2024-07-08,S006,Crane,0
2024-07-08,S006,Loader,0
2024-07-08,S006,Roller,2
2024-07-08,S007,Excavator,0
2024-07-08,S007,Bulldozer,0
2024-07-08,S007,Grader,0
2024-07-08,S007,Crane,0
2024-07-08,S007,Loader,1
2024-07-08,S007,Roller,2
2024-07-08,S008,Excavator,1
2024-07-08,S008,Bulldozer,1
2024-07-08,S008,Grader,1
2024-07-08,S008,Crane,0
2024-07-08,S008,Loader,0
2024-07-08,S008,Roller,2
2024-07-08,S009,Excavator,2
2024-07-08,S009,Bulldozer,1
2024-07-08,S009,Grader,3
2024-07-08,S009,Crane,0
2024-07-08,S009,Loader,1
2024-07-08,S009,Roller,0
2024-07-08,S010,Excavator,0
2024-07-08,S010,Bulldozer,0
2024-07-08,S010,Grader,0
2024-07-08,S010,Crane,3
2024-07-08,S010,Loader,0
2024-07-08,S010,Roller,0
2024-07-15,S001,Excavator,0
2024-07-15,S001,Bulldozer,1
2024-07-15,S001,Grader,0
2024-07-15,S001,Crane,0
2024-07-15,S001,Loader,0
2024-07-15,S001,Roller,0
2024-07-15,S002,Excavator,0
2024-07-15,S002,Bulldozer,1
2024-07-15,S002,Grader,3
2024-07-15,S002,Crane,0
2024-07-15,S002,Loader,1
2024-07-15,S002,Roller,1
2024-07-15,S003,Excavator,2
2024-07-15,S003,Bulldozer,0
2024-07-15,S003,Grader,0
2024-07-15,S003,Crane,1
2024-07-15,S003,Loader,1
2024-07-15,S003,Roller,0
2024-07-15,S004,Excavator,3
2024-07-15,S004,Bulldozer,1
2024-07-15,S004,Grader,1
2024-07-15,S004,Crane,0
2024-07-15,S004,Loader,0
2024-07-15,S004,Roller,0
2024-07-15,S005,Excavator,1
2024-07-15,S005,Bulldozer,1
2024-07-15,S005,Grader,1
2024-07-15,S005,Crane,0
2024-07-15,S005,Loader,0
2024-07-15,S005,Roller,0
2024-07-15,S006,Excavator,0
2024-07-15,S006,Bulldozer,0
2024-07-15,S006,Grader,1
2024-07-15,S006,Crane,0
2024-07-15,S006,Loader,0
2024-07-15,S006,Roller,2
2024-07-15,S007,Excavator,0
2024-07-15,S007,Bulldozer,0
2024-07-15,S007,Grader,0
2024-07-15,S007,Crane,0
2024-07-15,S007,Loader,1
2024-07-15,S007,Roller,1
2024-07-15,S008,Excavator,2
2024-07-15,S008,Bulldozer,1
2024-07-15,S008,Grader,0
2024-07-15,S008,Crane,0
2024-07-15,S008,Loader,0
2024-07-15,S008,Roller,2
2024-07-15,S009,Excavator,1
2024-07-15,S009,Bulldozer,1
2024-07-15,S009,Grader,3
2024-07-15,S009,Crane,0
2024-07-15,S009,Loader,0
2024-07-15,S009,Roller,0
2024-07-15,S010,Excavator,1
2024-07-15,S010,Bulldozer,1
2024-07-15,S010,Grader,0
2024-07-15,S010,Crane,0
2024-07-15,S010,Loader,0
2024-07-15,S010,Roller,0
2024-07-22,S001,Excavator,0
2024-07-22,S001,Bulldozer,1
2024-07-22,S001,Grader,0
2024-07-22,S001,Crane,0
2024-07-22,S001,Loader,0
2024-07-22,S001,Roller,0
2024-07-22,S002,Excavator,0
2024-07-22,S002,Bulldozer,1
2024-07-22,S002,Grader,1
2024-07-22,S002,Crane,0
2024-07-22,S002,Loader,1
2024-07-22,S002,Roller,1
2024-07-22,S003,Excavator,2
2024-07-22,S003,Bulldozer,1
2024-07-22,S003,Grader,0
2024-07-22,S003,Crane,1
2024-07-22,S003,Loader,1
2024-07-22,S003,Roller,0
2024-07-22,S004,Excavator,4
2024-07-22,S004,Bulldozer,1
2024-07-22,S004,Grader,1
2024-07-22,S004,Crane,0
2024-07-22,S004,Loader,0
2024-07-22,S004,Roller,0
2024-07-22,S005,Excavator,0
2024-07-22,S005,Bulldozer,1
2024-07-22,S005,Grader,1
2024-07-22,S005,Crane,1
2024-07-22,S005,Loader,0
2024-07-22,S005,Roller,0
2024-07-22,S006,Excavator,1
2024-07-22,S006,Bulldozer,0
2024-07-22,S006,Grader,1
2024-07-22,S006,Crane,0
2024-07-22,S006,Loader,0
2024-07-22,S006,Roller,1
2024-07-22,S007,Excavator,0
2024-07-22,S007,Bulldozer,0
2024-07-22,S007,Grader,0
2024-07-22,S007,Crane,0
2024-07-22,S007,Loader,0
2024-07-22,S007,Roller,0
2024-07-22,S008,Excavator,2
2024-07-22,S008,Bulldozer,0
2024-07-22,S008,Grader,0
2024-07-22,S008,Crane,0
2024-07-22,S008,Loader,0
2024-07-22,S008,Roller,2
2024-07-22,S009,Excavator,2
2024-07-22,S009,Bulldozer,1
2024-07-22,S009,Grader,1
2024-07-22,S009,Crane,1
2024-07-22,S009,Loader,0
2024-07-22,S009,Roller,0
2024-07-22,S010,Excavator,2
2024-07-22,S010,Bulldozer,1
2024-07-22,S010,Grader,0
2024-07-22,S010,Crane,0
2024-07-22,S010,Loader,0
2024-07-22,S010,Roller,0
2024-07-29,S001,Excavator,0
2024-07-29,S001,Bulldozer,2
2024-07-29,S001,Grader,0
2024-07-29,S001,Crane,0
2024-07-29,S001,Loader,0
2024-07-29,S001,Roller,0
2024-07-29,S002,Excavator,0
2024-07-29,S002,Bulldozer,0
2024-07-29,S002,Grader,0
2024-07-29,S002,Crane,0
2024-07-29,S002,Loader,3
2024-07-29,S002,Roller,0
2024-07-29,S003,Excavator,0
2024-07-29,S003,Bulldozer,1
2024-07-29,S003,Grader,0
2024-07-29,S003,Crane,1
2024-07-29,S003,Loader,1
2024-07-29,S003,Roller,0
2024-07-29,S004,Excavator,4
2024-07-29,S004,Bulldozer,1
2024-07-29,S004,Grader,0
2024-07-29,S004,Crane,0
2024-07-29,S004,Loader,0
2024-07-29,S004,Roller,0
2024-07-29,S005,Excavator,1
2024-07-29,S005,Bulldozer,0
2024-07-29,S005,Grader,1
2024-07-29,S005,Crane,1
2024-07-29,S005,Loader,1
2024-07-29,S005,Roller,0
2024-07-29,S006,Excavator,1
2024-07-29,S006,Bulldozer,0
2024-07-29,S006,Grader,1
2024-07-29,S006,Crane,0
2024-07-29,S006,Loader,0
2024-07-29,S006,Roller,1
2024-07-29,S007,Excavator,0
2024-07-29,S007,Bulldozer,0
2024-07-29,S007,Grader,0
2024-07-29,S007,Crane,0
2024-07-29,S007,Loader,0
2024-07-29,S007,Roller,0
2024-07-29,S008,Excavator,1
2024-07-29,S008,Bulldozer,0
2024-07-29,S008,Grader,0
2024-07-29,S008,Crane,0
2024-07-29,S008,Loader,1
2024-07-29,S008,Roller,2
2024-07-29,S009,Excavator,2
2024-07-29,S009,Bulldozer,0
2024-07-29,S009,Grader,0
2024-07-29,S009,Crane,1
2024-07-29,S009,Loader,0
2024-07-29,S009,Roller,0
2024-07-29,S010,Excavator,2
2024-07-29,S010,Bulldozer,0
2024-07-29,S010,Grader,1
2024-07-29,S010,Crane,0
2024-07-29,S010,Loader,0
2024-07-29,S010,Roller,0
2024-08-05,S001,Excavator,1
2024-08-05,S001,Bulldozer,2
2024-08-05,S001,Grader,0
2024-08-05,S001,Crane,0
2024-08-05,S001,Loader,0
2024-08-05,S001,Roller,0
2024-08-05,S002,Excavator,1
2024-08-05,S002,Bulldozer,1
2024-08-05,S002,Grader,0
2024-08-05,S002,Crane,3
2024-08-05,S002,Loader,3
2024-08-05,S002,Roller,1
2024-08-05,S003,Excavator,1
2024-08-05,S003,Bulldozer,0
2024-08-05,S003,Grader,0
2024-08-05,S003,Crane,0
2024-08-05,S003,Loader,0
2024-08-05,S003,Roller,0
2024-08-05,S004,Excavator,3
2024-08-05,S004,Bulldozer,1
2024-08-05,S004,Grader,0
2024-08-05,S004,Crane,0
2024-08-05,S004,Loader,1
2024-08-05,S004,Roller,0
2024-08-05,S005,Excavator,1
2024-08-05,S005,Bulldozer,0
2024-08-05,S005,Grader,0
2024-08-05,S005,Crane,0
2024-08-05,S005,Loader,1
2024-08-05,S005,Roller,0
2024-08-05,S006,Excavator,1
2024-08-05,S006,Bulldozer,1
2024-08-05,S006,Grader,1
2024-08-05,S006,Crane,0
2024-08-05,S006,Loader,0
2024-08-05,S006,Roller,0
2024-08-05,S007,Excavator,0
2024-08-05,S007,Bulldozer,0
2024-08-05,S007,Grader,0
2024-08-05,S007,Crane,0
2024-08-05,S007,Loader,1
2024-08-05,S007,Roller,0
2024-08-05,S008,Excavator,0
2024-08-05,S008,Bulldozer,0
2024-08-05,S008,Grader,1
2024-08-05,S008,Crane,0
2024-08-05,S008,Loader,1
2024-08-05,S008,Roller,0
2024-08-05,S009,Excavator,2
2024-08-05,S009,Bulldozer,4
2024-08-05,S009,Grader,0
2024-08-05,S009,Crane,0
2024-08-05,S009,Loader,0
2024-08-05,S009,Roller,0
2024-08-05,S010,Excavator,1
2024-08-05,S010,Bulldozer,0
2024-08-05,S010,Grader,1
2024-08-05,S010,Crane,0
2024-08-05,S010,Loader,0
2024-08-05,S010,Roller,1
2024-08-12,S001,Excavator,1
2024-08-12,S001,Bulldozer,2
2024-08-12,S001,Grader,1
2024-08-12,S001,Crane,1
2024-08-12,S001,Loader,0
2024-08-12,S001,Roller,0
2024-08-12,S002,Excavator,1
2024-08-12,S002,Bulldozer,1
2024-08-12,S002,Grader,0
2024-08-12,S002,Crane,3
2024-08-12,S002,Loader,3
2024-08-12,S002,Roller,1
2024-08-12,S003,Excavator,1
2024-08-12,S003,Bulldozer,0
2024-08-12,S003,Grader,0
2024-08-12,S003,Crane,0
2024-08-12,S003,Loader,0
2024-08-12,S003,Roller,0
2024-08-12,S004,Excavator,3
2024-08-12,S004,Bulldozer,1
2024-08-12,S004,Grader,0
2024-08-12,S004,Crane,0
2024-08-12,S004,Loader,1
2024-08-12,S004,Roller,0
2024-08-12,S005,Excavator,0
2024-08-12,S005,Bulldozer,0
2024-08-12,S005,Grader,0
2024-08-12,S005,Crane,1
2024-08-12,S005,Loader,1
2024-08-12,S005,Roller,0
2024-08-12,S006,Excavator,0
2024-08-12,S006,Bulldozer,1
2024-08-12,S006,Grader,0
2024-08-12,S006,Crane,0
2024-08-12,S006,Loader,0
2024-08-12,S006,Roller,0
2024-08-12,S007,Excavator,0
2024-08-12,S007,Bulldozer,0
2024-08-12,S007,Grader,0
2024-08-12,S007,Crane,1
2024-08-12,S007,Loader,1
2024-08-12,S007,Roller,0
2024-08-12,S008,Excavator,0
2024-08-12,S008,Bulldozer,0
2024-08-12,S008,Grader,1
2024-08-12,S008,Crane,0
2024-08-12,S008,Loader,0
2024-08-12,S008,Roller,0
2024-08-12,S009,Excavator,1
2024-08-12,S009,Bulldozer,4
2024-08-12,S009,Grader,1
2024-08-12,S009,Crane,0
2024-08-12,S009,Loader,1
2024-08-12,S009,Roller,0
2024-08-12,S010,Excavator,0
2024-08-12,S010,Bulldozer,0
2024-08-12,S010,Grader,0
2024-08-12,S010,Crane,0
2024-08-12,S010,Loader,1
2024-08-12,S010,Roller,1
2024-08-19,S001,Excavator,2
2024-08-19,S001,Bulldozer,2
2024-08-19,S001,Grader,1
2024-08-19,S001,Crane,1
2024-08-19,S001,Loader,0
2024-08-19,S001,Roller,0
2024-08-19,S002,Excavator,0
2024-08-19,S002,Bulldozer,1
2024-08-19,S002,Grader,1
2024-08-19,S002,Crane,3
2024-08-19,S002,Loader,1
2024-08-19,S002,Roller,0
2024-08-19,S003,Excavator,2
2024-08-19,S003,Bulldozer,1
2024-08-19,S003,Grader,0
2024-08-19,S003,Crane,0
2024-08-19,S003,Loader,0
2024-08-19,S003,Roller,0
2024-08-19,S004,Excavator,2
2024-08-19,S004,Bulldozer,1
2024-08-19,S004,Grader,1
2024-08-19,S004,Crane,0
2024-08-19,S004,Loader,0
2024-08-19,S004,Roller,0
2024-08-19,S005,Excavator,0
2024-08-19,S005,Bulldozer,1
2024-08-19,S005,Grader,1
2024-08-19,S005,Crane,1
2024-08-19,S005,Loader,1
2024-08-19,S005,Roller,0
2024-08-19,S006,Excavator,1
2024-08-19,S006,Bulldozer,0
2024-08-19,S006,Grader,0
2024-08-19,S006,Crane,0
2024-08-19,S006,Loader,0
2024-08-19,S006,Roller,0
2024-08-19,S007,Excavator,0
2024-08-19,S007,Bulldozer,0
2024-08-19,S007,Grader,0
2024-08-19,S007,Crane,1
2024-08-19,S007,Loader,1
2024-08-19,S007,Roller,1
2024-08-19,S008,Excavator,1
2024-08-19,S008,Bulldozer,0
2024-08-19,S008,Grader,1
2024-08-19,S008,Crane,0
2024-08-19,S008,Loader,0
2024-08-19,S008,Roller,0
2024-08-19,S009,Excavator,1
2024-08-19,S009,Bulldozer,2
2024-08-19,S009,Grader,1
2024-08-19,S009,Crane,0
2024-08-19,S009,Loader,1
2024-08-19,S009,Roller,1
2024-08-19,S010,Excavator,0
2024-08-19,S010,Bulldozer,0
2024-08-19,S010,Grader,1
2024-08-19,S010,Crane,0
2024-08-19,S010,Loader,1
2024-08-19,S010,Roller,0
2024-08-26,S001,Excavator,2
2024-08-26,S001,Bulldozer,0
2024-08-26,S001,Grader,1
2024-08-26,S001,Crane,1
2024-08-26,S001,Loader,0
2024-08-26,S001,Roller,1
2024-08-26,S002,Excavator,0
2024-08-26,S002,Bulldozer,1
2024-08-26,S002,Grader,1
2024-08-26,S002,Crane,3
2024-08-26,S002,Loader,1
2024-08-26,S002,Roller,0
2024-08-26,S003,Excavator,2
2024-08-26,S003,Bulldozer,1
2024-08-26,S003,Grader,0
2024-08-26,S003,Crane,0
2024-08-26,S003,Loader,0
2024-08-26,S003,Roller,0
2024-08-26,S004,Excavator,1
2024-08-26,S004,Bulldozer,1
2024-08-26,S004,Grader,1
2024-08-26,S004,Crane,1
2024-08-26,S004,Loader,0
2024-08-26,S004,Roller,0
2024-08-26,S005,Excavator,0
2024-08-26,S005,Bulldozer,1
2024-08-26,S005,Grader,2
2024-08-26,S005,Crane,1
2024-08-26,S005,Loader,1
2024-08-26,S005,Roller,0
2024-08-26,S006,Excavator,1
2024-08-26,S006,Bulldozer,1
2024-08-26,S006,Grader,0
2024-08-26,S006,Crane,0
2024-08-26,S006,Loader,1
2024-08-26,S006,Roller,0
2024-08-26,S007,Excavator,1
2024-08-26,S007,Bulldozer,0
2024-08-26,S007,Grader,0
2024-08-26,S007,Crane,1
2024-08-26,S007,Loader,1
2024-08-26,S007,Roller,1
2024-08-26,S008,Excavator,1
2024-08-26,S008,Bulldozer,0
2024-08-26,S008,Grader,0
2024-08-26,S008,Crane,0
2024-08-26,S008,Loader,0
2024-08-26,S008,Roller,0
2024-08-26,S009,Excavator,0
2024-08-26,S009,Bulldozer,1
2024-08-26,S009,Grader,1
2024-08-26,S009,Crane,0
2024-08-26,S009,Loader,1
2024-08-26,S009,Roller,1
2024-08-26,S010,Excavator,0
2024-08-26,S010,Bulldozer,0
2024-08-26,S010,Grader,1
2024-08-26,S010,Crane,0
2024-08-26,S010,Loader,1
2024-08-26,S010,Roller,0
2024-09-02,S001,Excavator,2
2024-09-02,S001,Bulldozer,0
2024-09-02,S001,Grader,0
2024-09-02,S001,Crane,0
2024-09-02,S001,Loader,0
2024-09-02,S001,Roller,1
2024-09-02,S002,Excavator,0
2024-09-02,S002,Bulldozer,1
2024-09-02,S002,Grader,1
2024-09-02,S002,Crane,2
2024-09-02,S002,Loader,0
2024-09-02,S002,Roller,0
2024-09-02,S003,Excavator,3
2024-09-02,S003,Bulldozer,1
2024-09-02,S003,Grader,1
2024-09-02,S003,Crane,0
2024-09-02,S003,Loader,0
2024-09-02,S003,Roller,0
2024-09-02,S004,Excavator,1
2024-09-02,S004,Bulldozer,0
2024-09-02,S004,Grader,0
2024-09-02,S004,Crane,1
2024-09-02,S004,Loader,0
2024-09-02,S004,Roller,0
2024-09-02,S005,Excavator,0
2024-09-02,S005,Bulldozer,1
2024-09-02,S005,Grader,2
2024-09-02,S005,Crane,1
2024-09-02,S005,Loader,1
2024-09-02,S005,Roller,0
2024-09-02,S006,Excavator,0
2024-09-02,S006,Bulldozer,1
2024-09-02,S006,Grader,0
2024-09-02,S006,Crane,0
2024-09-02,S006,Loader,1
2024-09-02,S006,Roller,0
2024-09-02,S007,Excavator,2
2024-09-02,S007,Bulldozer,2
2024-09-02,S007,Grader,1
2024-09-02,S007,Crane,1
2024-09-02,S007,Loader,1
2024-09-02,S007,Roller,0
2024-09-02,S008,Excavator,1
2024-09-02,S008,Bulldozer,1
2024-09-02,S008,Grader,0
2024-09-02,S008,Crane,0
2024-09-02,S008,Loader,0
2024-09-02,S008,Roller,0
2024-09-02,S009,Excavator,0
2024-09-02,S009,Bulldozer,2
2024-09-02,S009,Grader,1
2024-09-02,S009,Crane,0
2024-09-02,S009,Loader,1
2024-09-02,S009,Roller,1
2024-09-02,S010,Excavator,0
2024-09-02,S010,Bulldozer,0
2024-09-02,S010,Grader,0
2024-09-02,S010,Crane,1
2024-09-02,S010,Loader,0
2024-09-02,S010,Roller,0
2024-09-09,S001,Excavator,1
2024-09-09,S001,Bulldozer,0
2024-09-09,S001,Grader,1
2024-09-09,S001,Crane,0
2024-09-09,S001,Loader,0
2024-09-09,S001,Roller,1
2024-09-09,S002,Excavator,0
2024-09-09,S002,Bulldozer,0
2024-09-09,S002,Grader,1
2024-09-09,S002,Crane,1
2024-09-09,S002,Loader,0
2024-09-09,S002,Roller,0
2024-09-09,S003,Excavator,3
2024-09-09,S003,Bulldozer,0
2024-09-09,S003,Grader,1
2024-09-09,S003,Crane,0
2024-09-09,S003,Loader,0
2024-09-09,S003,Roller,0
2024-09-09,S004,Excavator,1
2024-09-09,S004,Bulldozer,0
2024-09-09,S004,Grader,0
2024-09-09,S004,Crane,0
2024-09-09,S004,Loader,0
2024-09-09,S004,Roller,0
2024-09-09,S005,Excavator,0
2024-09-09,S005,Bulldozer,1
2024-09-09,S005,Grader,1
2024-09-09,S005,Crane,0
2024-09-09,S005,Loader,0
2024-09-09,S005,Roller,1
2024-09-09,S006,Excavator,0
2024-09-09,S006,Bulldozer,0
2024-09-09,S006,Grader,0
2024-09-09,S006,Crane,0
2024-09-09,S006,Loader,0
2024-09-09,S006,Roller,0
2024-09-09,S007,Excavator,2
2024-09-09,S007,Bulldozer,2
2024-09-09,S007,Grader,1
2024-09-09,S007,Crane,0
2024-09-09,S007,Loader,2
2024-09-09,S007,Roller,0
2024-09-09,S008,Excavator,1
2024-09-09,S008,Bulldozer,1
2024-09-09,S008,Grader,1
2024-09-09,S008,Crane,0
2024-09-09,S008,Loader,0
2024-09-09,S008,Roller,1
2024-09-09,S009,Excavator,0
2024-09-09,S009,Bulldozer,3
2024-09-09,S009,Grader,0
2024-09-09,S009,Crane,0
2024-09-09,S009,Loader,2
2024-09-09,S009,Roller,1
2024-09-09,S010,Excavator,1
2024-09-09,S010,Bulldozer,0
2024-09-09,S010,Grader,0
2024-09-09,S010,Crane,1
2024-09-09,S010,Loader,0
2024-09-09,S010,Roller,0
2024-09-16,S001,Excavator,1
2024-09-16,S001,Bulldozer,0
2024-09-16,S001,Grader,1
2024-09-16,S001,Crane,0
2024-09-16,S001,Loader,0
2024-09-16,S001,Roller,1
2024-09-16,S002,Excavator,0
2024-09-16,S002,Bulldozer,1
2024-09-16,S002,Grader,1
2024-09-16,S002,Crane,0
2024-09-16,S002,Loader,1
2024-09-16,S002,Roller,0
2024-09-16,S003,Excavator,1
2024-09-16,S003,Bulldozer,0
2024-09-16,S003,Grader,1
2024-09-16,S003,Crane,0
2024-09-16,S003,Loader,0
2024-09-16,S003,Roller,0
2024-09-16,S004,Excavator,2
2024-09-16,S004,Bulldozer,0
2024-09-16,S004,Grader,0
2024-09-16,S004,Crane,0
2024-09-16,S004,Loader,0
2024-09-16,S004,Roller,0
2024-09-16,S005,Excavator,1
2024-09-16,S005,Bulldozer,1
2024-09-16,S005,Grader,1
2024-09-16,S005,Crane,1
2024-09-16,S005,Loader,0
2024-09-16,S005,Roller,1
2024-09-16,S006,Excavator,0
2024-09-16,S006,Bulldozer,0
2024-09-16,S006,Grader,0
2024-09-16,S006,Crane,0
2024-09-16,S006,Loader,0
2024-09-16,S006,Roller,0
2024-09-16,S007,Excavator,1
2024-09-16,S007,Bulldozer,3
2024-09-16,S007,Grader,0
2024-09-16,S007,Crane,0
2024-09-16,S007,Loader,2
2024-09-16,S007,Roller,0
2024-09-16,S008,Excavator,1
2024-09-16,S008,Bulldozer,0
2024-09-16,S008,Grader,1
2024-09-16,S008,Crane,0
2024-09-16,S008,Loader,1
2024-09-16,S008,Roller,2
2024-09-16,S009,Excavator,0
2024-09-16,S009,Bulldozer,3
2024-09-16,S009,Grader,0
2024-09-16,S009,Crane,0
2024-09-16,S009,Loader,2
2024-09-16,S009,Roller,1
2024-09-16,S010,Excavator,2
2024-09-16,S010,Bulldozer,1
2024-09-16,S010,Grader,0
2024-09-16,S010,Crane,1
2024-09-16,S010,Loader,0
2024-09-16,S010,Roller,0
2024-09-23,S001,Excavator,1
2024-09-23,S001,Bulldozer,1
2024-09-23,S001,Grader,0
2024-09-23,S001,Crane,0
2024-09-23,S001,Loader,0
2024-09-23,S001,Roller,1
2024-09-23,S002,Excavator,0
2024-09-23,S002,Bulldozer,1
2024-09-23,S002,Grader,1
2024-09-23,S002,Crane,0
2024-09-23,S002,Loader,1
2024-09-23,S002,Roller,0
2024-09-23,S003,Excavator,0
2024-09-23,S003,Bulldozer,2
2024-09-23,S003,Grader,1
2024-09-23,S003,Crane,0
2024-09-23,S003,Loader,1
2024-09-23,S003,Roller,0
2024-09-23,S004,Excavator,2
2024-09-23,S004,Bulldozer,0
2024-09-23,S004,Grader,1
2024-09-23,S004,Crane,0
2024-09-23,S004,Loader,0
2024-09-23,S004,Roller,0
2024-09-23,S005,Excavator,1
2024-09-23,S005,Bulldozer,2
2024-09-23,S005,Grader,1
2024-09-23,S005,Crane,1
2024-09-23,S005,Loader,1
2024-09-23,S005,Roller,0
2024-09-23,S006,Excavator,0
2024-09-23,S006,Bulldozer,0
2024-09-23,S006,Grader,0
2024-09-23,S006,Crane,0
2024-09-23,S006,Loader,1
2024-09-23,S006,Roller,0
2024-09-23,S007,Excavator,0
2024-09-23,S007,Bulldozer,3
2024-09-23,S007,Grader,1
2024-09-23,S007,Crane,0
2024-09-23,S007,Loader,1
2024-09-23,S007,Roller,0
2024-09-23,S008,Excavator,1
2024-09-23,S008,Bulldozer,0
2024-09-23,S008,Grader,0
2024-09-23,S008,Crane,0
2024-09-23,S008,Loader,1
2024-09-23,S008,Roller,2
2024-09-23,S009,Excavator,0
2024-09-23,S009,Bulldozer,1
2024-09-23,S009,Grader,1
2024-09-23,S009,Crane,0
2024-09-23,S009,Loader,1
2024-09-23,S009,Roller,1
2024-09-23,S010,Excavator,2
2024-09-23,S010,Bulldozer,1
2024-09-23,S010,Grader,1
2024-09-23,S010,Crane,1
2024-09-23,S010,Loader,0
2024-09-23,S010,Roller,0
2024-09-30,S001,Excavator,1
2024-09-30,S001,Bulldozer,1
2024-09-30,S001,Grader,1
2024-09-30,S001,Crane,0
2024-09-30,S001,Loader,0
2024-09-30,S001,Roller,1
2024-09-30,S002,Excavator,0
2024-09-30,S002,Bulldozer,1
2024-09-30,S002,Grader,1
2024-09-30,S002,Crane,1
2024-09-30,S002,Loader,2
2024-09-30,S002,Roller,0
2024-09-30,S003,Excavator,0
2024-09-30,S003,Bulldozer,2
2024-09-30,S003,Grader,1
2024-09-30,S003,Crane,0
2024-09-30,S003,Loader,2
2024-09-30,S003,Roller,0
2024-09-30,S004,Excavator,1
2024-09-30,S004,Bulldozer,0
2024-09-30,S004,Grader,1
2024-09-30,S004,Crane,1
2024-09-30,S004,Loader,1
2024-09-30,S004,Roller,0
2024-09-30,S005,Excavator,1
2024-09-30,S005,Bulldozer,2
2024-09-30,S005,Grader,1
2024-09-30,S005,Crane,1
2024-09-30,S005,Loader,1
2024-09-30,S005,Roller,0
2024-09-30,S006,Excavator,0
2024-09-30,S006,Bulldozer,0
2024-09-30,S006,Grader,1
2024-09-30,S006,Crane,0
2024-09-30,S006,Loader,1
2024-09-30,S006,Roller,1
2024-09-30,S007,Excavator,0
2024-09-30,S007,Bulldozer,1
2024-09-30,S007,Grader,1
2024-09-30,S007,Crane,0
2024-09-30,S007,Loader,1
2024-09-30,S007,Roller,0
2024-09-30,S008,Excavator,0
2024-09-30,S008,Bulldozer,0
2024-09-30,S008,Grader,0
2024-09-30,S008,Crane,0
2024-09-30,S008,Loader,1
2024-09-30,S008,Roller,0
2024-09-30,S009,Excavator,0
2024-09-30,S009,Bulldozer,1
2024-09-30,S009,Grader,1
2024-09-30,S009,Crane,0
2024-09-30,S009,Loader,1
2024-09-30,S009,Roller,1
2024-09-30,S010,Excavator,1
2024-09-30,S010,Bulldozer,1
2024-09-30,S010,Grader,1
2024-09-30,S010,Crane,1
2024-09-30,S010,Loader,1
2024-09-30,S010,Roller,0
2024-10-07,S001,Excavator,1
2024-10-07,S001,Bulldozer,0
2024-10-07,S001,Grader,1
2024-10-07,S001,Crane,0
2024-10-07,S001,Loader,0
2024-10-07,S001,Roller,0
2024-10-07,S002,Excavator,1
2024-10-07,S002,Bulldozer,1
2024-10-07,S002,Grader,1
2024-10-07,S002,Crane,1
2024-10-07,S002,Loader,2
2024-10-07,S002,Roller,0
2024-10-07,S003,Excavator,0
2024-10-07,S003,Bulldozer,0
2024-10-07,S003,Grader,0
2024-10-07,S003,Crane,0
2024-10-07,S003,Loader,4
2024-10-07,S003,Roller,0
2024-10-07,S004,Excavator,1
2024-10-07,S004,Bulldozer,0
2024-10-07,S004,Grader,1
2024-10-07,S004,Crane,1
2024-10-07,S004,Loader,1
2024-10-07,S004,Roller,1
2024-10-07,S005,Excavator,1
2024-10-07,S005,Bulldozer,0
2024-10-07,S005,Grader,0
2024-10-07,S005,Crane,1
2024-10-07,S005,Loader,0
2024-10-07,S005,Roller,2
2024-10-07,S006,Excavator,0
2024-10-07,S006,Bulldozer,0
2024-10-07,S006,Grader,1
2024-10-07,S006,Crane,1
2024-10-07,S006,Loader,0
2024-10-07,S006,Roller,1
2024-10-07,S007,Excavator,0
2024-10-07,S007,Bulldozer,0
2024-10-07,S007,Grader,0
2024-10-07,S007,Crane,0
2024-10-07,S007,Loader,1
2024-10-07,S007,Roller,2
2024-10-07,S008,Excavator,0
2024-10-07,S008,Bulldozer,0
2024-10-07,S008,Grader,0
2024-10-07,S008,Crane,0
2024-10-07,S008,Loader,0
2024-10-07,S008,Roller,0
2024-10-07,S009,Excavator,0
2024-10-07,S009,Bulldozer,0
2024-10-07,S009,Grader,1
2024-10-07,S009,Crane,0
2024-10-07,S009,Loader,0
2024-10-07,S009,Roller,1
2024-10-07,S010,Excavator,0
2024-10-07,S010,Bulldozer,1
2024-10-07,S010,Grader,0
2024-10-07,S010,Crane,0
2024-10-07,S010,Loader,1
2024-10-07,S010,Roller,0
2024-10-14,S001,Excavator,1
2024-10-14,S001,Bulldozer,1
2024-10-14,S001,Grader,0
2024-10-14,S001,Crane,0
2024-10-14,S001,Loader,0
2024-10-14,S001,Roller,0
2024-10-14,S002,Excavator,1
2024-10-14,S002,Bulldozer,2
2024-10-14,S002,Grader,1
2024-10-14,S002,Crane,1
2024-10-14,S002,Loader,2
2024-10-14,S002,Roller,1
2024-10-14,S003,Excavator,0
2024-10-14,S003,Bulldozer,0
2024-10-14,S003,Grader,0
2024-10-14,S003,Crane,0
2024-10-14,S003,Loader,4
2024-10-14,S003,Roller,0
2024-10-14,S004,Excavator,0
2024-10-14,S004,Bulldozer,1
2024-10-14,S004,Grader,0
2024-10-14,S004,Crane,1
2024-10-14,S004,Loader,0
2024-10-14,S004,Roller,1
2024-10-14,S005,Excavator,0
2024-10-14,S005,Bulldozer,1
2024-10-14,S005,Grader,0
2024-10-14,S005,Crane,1
2024-10-14,S005,Loader,0
2024-10-14,S005,Roller,2
2024-10-14,S006,Excavator,1
2024-10-14,S006,Bulldozer,0
2024-10-14,S006,Grader,1
2024-10-14,S006,Crane,1
2024-10-14,S006,Loader,0
2024-10-14,S006,Roller,0
2024-10-14,S007,Excavator,0
2024-10-14,S007,Bulldozer,0
2024-10-14,S007,Grader,0
2024-10-14,S007,Crane,1
2024-10-14,S007,Loader,2
2024-10-14,S007,Roller,3
2024-10-14,S008,Excavator,0
2024-10-14,S008,Bulldozer,0
2024-10-14,S008,Grader,0
2024-10-14,S008,Crane,0
2024-10-14,S008,Loader,0
2024-10-14,S008,Roller,0
2024-10-14,S009,Excavator,0
2024-10-14,S009,Bulldozer,0
2024-10-14,S009,Grader,1
2024-10-14,S009,Crane,0
2024-10-14,S009,Loader,0
2024-10-14,S009,Roller,0
2024-10-14,S010,Excavator,0
2024-10-14,S010,Bulldozer,0
2024-10-14,S010,Grader,0
2024-10-14,S010,Crane,0
2024-10-14,S010,Loader,1
2024-10-14,S010,Roller,0
2024-10-21,S001,Excavator,2
2024-10-21,S001,Bulldozer,2
2024-10-21,S001,Grader,1
2024-10-21,S001,Crane,0
2024-10-21,S001,Loader,0
2024-10-21,S001,Roller,1
2024-10-21,S002,Excavator,0
2024-10-21,S002,Bulldozer,2
2024-10-21,S002,Grader,0
2024-10-21,S002,Crane,1
2024-10-21,S002,Loader,1
2024-10-21,S002,Roller,1
2024-10-21,S003,Excavator,1
2024-10-21,S003,Bulldozer,1
2024-10-21,S003,Grader,0
2024-10-21,S003,Crane,0
2024-10-21,S003,Loader,2
2024-10-21,S003,Roller,0
2024-10-21,S004,Excavator,1
2024-10-21,S004,Bulldozer,1
2024-10-21,S004,Grader,0
2024-10-21,S004,Crane,1
2024-10-21,S004,Loader,0
2024-10-21,S004,Roller,0
2024-10-21,S005,Excavator,1
2024-10-21,S005,Bulldozer,1
2024-10-21,S005,Grader,0
2024-10-21,S005,Crane,0
2024-10-21,S005,Loader,0
2024-10-21,S005,Roller,1
2024-10-21,S006,Excavator,1
2024-10-21,S006,Bulldozer,0
2024-10-21,S006,Grader,2
2024-10-21,S006,Crane,0
2024-10-21,S006,Loader,1
2024-10-21,S006,Roller,0
2024-10-21,S007,Excavator,1
2024-10-21,S007,Bulldozer,0
2024-10-21,S007,Grader,0
2024-10-21,S007,Crane,1
2024-10-21,S007,Loader,2
2024-10-21,S007,Roller,3
2024-10-21,S008,Excavator,0
2024-10-21,S008,Bulldozer,0
2024-10-21,S008,Grader,0
2024-10-21,S008,Crane,0
2024-10-21,S008,Loader,0
2024-10-21,S008,Roller,1
2024-10-21,S009,Excavator,0
2024-10-21,S009,Bulldozer,0
2024-10-21,S009,Grader,0
2024-10-21,S009,Crane,0
2024-10-21,S009,Loader,0
2024-10-21,S009,Roller,0
2024-10-21,S010,Excavator,1
2024-10-21,S010,Bulldozer,1
2024-10-21,S010,Grader,1
2024-10-21,S010,Crane,0
2024-10-21,S010,Loader,1
2024-10-21,S010,Roller,0
2024-10-28,S001,Excavator,2
2024-10-28,S001,Bulldozer,2
2024-10-28,S001,Grader,2
2024-10-28,S001,Crane,0
2024-10-28,S001,Loader,0
2024-10-28,S001,Roller,1
2024-10-28,S002,Excavator,0
2024-10-28,S002,Bulldozer,0
2024-10-28,S002,Grader,1
2024-10-28,S002,Crane,1
2024-10-28,S002,Loader,2
2024-10-28,S002,Roller,1
2024-10-28,S003,Excavator,1
2024-10-28,S003,Bulldozer,1
2024-10-28,S003,Grader,0
2024-10-28,S003,Crane,0
2024-10-28,S003,Loader,1
2024-10-28,S003,Roller,0
2024-10-28,S004,Excavator,2
2024-10-28,S004,Bulldozer,1
2024-10-28,S004,Grader,0
2024-10-28,S004,Crane,1
2024-10-28,S004,Loader,0
2024-10-28,S004,Roller,1
2024-10-28,S005,Excavator,1
2024-10-28,S005,Bulldozer,1
2024-10-28,S005,Grader,0
2024-10-28,S005,Crane,0
2024-10-28,S005,Loader,0
2024-10-28,S005,Roller,1
2024-10-28,S006,Excavator,0
2024-10-28,S006,Bulldozer,0
2024-10-28,S006,Grader,2
2024-10-28,S006,Crane,0
2024-10-28,S006,Loader,1
2024-10-28,S006,Roller,0
2024-10-28,S007,Excavator,1
2024-10-28,S007,Bulldozer,0
2024-10-28,S007,Grader,0
2024-10-28,S007,Crane,1
2024-10-28,S007,Loader,0
2024-10-28,S007,Roller,2
2024-10-28,S008,Excavator,0
2024-10-28,S008,Bulldozer,0
2024-10-28,S008,Grader,0
2024-10-28,S008,Crane,0
2024-10-28,S008,Loader,0
2024-10-28,S008,Roller,2
2024-10-28,S009,Excavator,0
2024-10-28,S009,Bulldozer,0
2024-10-28,S009,Grader,0
2024-10-28,S009,Crane,0
2024-10-28,S009,Loader,3
2024-10-28,S009,Roller,0
2024-10-28,S010,Excavator,1
2024-10-28,S010,Bulldozer,1
2024-10-28,S010,Grader,1
2024-10-28,S010,Crane,0
2024-10-28,S010,Loader,1
2024-10-28,S010,Roller,0
2024-11-04,S001,Excavator,1
2024-11-04,S001,Bulldozer,2
2024-11-04,S001,Grader,2
2024-11-04,S001,Crane,0
2024-11-04,S001,Loader,1
2024-11-04,S001,Roller,1
2024-11-04,S002,Excavator,0
2024-11-04,S002,Bulldozer,1
2024-11-04,S002,Grader,1
2024-11-04,S002,Crane,1
2024-11-04,S002,Loader,2
2024-11-04,S002,Roller,1
2024-11-04,S003,Excavator,1
2024-11-04,S003,Bulldozer,2
2024-11-04,S003,Grader,1
2024-11-04,S003,Crane,0
2024-11-04,S003,Loader,1
2024-11-04,S003,Roller,1
2024-11-04,S004,Excavator,2
2024-11-04,S004,Bulldozer,1
2024-11-04,S004,Grader,0
2024-11-04,S004,Crane,1
2024-11-04,S004,Loader,0
2024-11-04,S004,Roller,1
2024-11-04,S005,Excavator,1
2024-11-04,S005,Bulldozer,1
2024-11-04,S005,Grader,1
2024-11-04,S005,Crane,1
2024-11-04,S005,Loader,0
2024-11-04,S005,Roller,0
2024-11-04,S006,Excavator,2
2024-11-04,S006,Bulldozer,0
2024-11-04,S006,Grader,2
2024-11-04,S006,Crane,0
2024-11-04,S006,Loader,0
2024-11-04,S006,Roller,1
2024-11-04,S007,Excavator,0
2024-11-04,S007,Bulldozer,0
2024-11-04,S007,Grader,0
2024-11-04,S007,Crane,1
2024-11-04,S007,Loader,2
2024-11-04,S007,Roller,0
2024-11-04,S008,Excavator,1
2024-11-04,S008,Bulldozer,0
2024-11-04,S008,Grader,0
2024-11-04,S008,Crane,0
2024-11-04,S008,Loader,0
2024-11-04,S008,Roller,2
2024-11-04,S009,Excavator,0
2024-11-04,S009,Bulldozer,0
2024-11-04,S009,Grader,0
2024-11-04,S009,Crane,0
2024-11-04,S009,Loader,3
2024-11-04,S009,Roller,0
2024-11-04,S010,Excavator,1
2024-11-04,S010,Bulldozer,3
2024-11-04,S010,Grader,0
2024-11-04,S010,Crane,0
2024-11-04,S010,Loader,1
2024-11-04,S010,Roller,1
2024-11-11,S001,Excavator,1
2024-11-11,S001,Bulldozer,0
2024-11-11,S001,Grader,2
2024-11-11,S001,Crane,0
2024-11-11,S001,Loader,2
2024-11-11,S001,Roller,1
2024-11-11,S002,Excavator,0
2024-11-11,S002,Bulldozer,1
2024-11-11,S002,Grader,1
2024-11-11,S002,Crane,1
2024-11-11,S002,Loader,1
2024-11-11,S002,Roller,0
2024-11-11,S003,Excavator,1
2024-11-11,S003,Bulldozer,2
2024-11-11,S003,Grader,2
2024-11-11,S003,Crane,1
2024-11-11,S003,Loader,1
2024-11-11,S003,Roller,1
2024-11-11,S004,Excavator,1
2024-11-11,S004,Bulldozer,1
2024-11-11,S004,Grader,1
2024-11-11,S004,Crane,0
2024-11-11,S004,Loader,0
2024-11-11,S004,Roller,0
2024-11-11,S005,Excavator,1
2024-11-11,S005,Bulldozer,1
2024-11-11,S005,Grader,1
2024-11-11,S005,Crane,1
2024-11-11,S005,Loader,0
2024-11-11,S005,Roller,0
2024-11-11,S006,Excavator,2
2024-11-11,S006,Bulldozer,2
2024-11-11,S006,Grader,0
2024-11-11,S006,Crane,1
2024-11-11,S006,Loader,0
2024-11-11,S006,Roller,1
2024-11-11,S007,Excavator,3
2024-11-11,S007,Bulldozer,0
2024-11-11,S007,Grader,0
2024-11-11,S007,Crane,3
2024-11-11,S007,Loader,2
2024-11-11,S007,Roller,0
2024-11-11,S008,Excavator,1
2024-11-11,S008,Bulldozer,0
2024-11-11,S008,Grader,0
2024-11-11,S008,Crane,0
2024-11-11,S008,Loader,0
2024-11-11,S008,Roller,0
2024-11-11,S009,Excavator,0
2024-11-11,S009,Bulldozer,1
2024-11-11,S009,Grader,0
2024-11-11,S009,Crane,0
2024-11-11,S009,Loader,2
2024-11-11,S009,Roller,0
2024-11-11,S010,Excavator,2
2024-11-11,S010,Bulldozer,3
2024-11-11,S010,Grader,0
2024-11-11,S010,Crane,0
2024-11-11,S010,Loader,0
2024-11-11,S010,Roller,1
2024-11-18,S001,Excavator,1
2024-11-18,S001,Bulldozer,0
2024-11-18,S001,Grader,0
2024-11-18,S001,Crane,0
2024-11-18,S001,Loader,2
2024-11-18,S001,Roller,1
2024-11-18,S002,Excavator,0
2024-11-18,S002,Bulldozer,1
2024-11-18,S002,Grader,1
2024-11-18,S002,Crane,1
2024-11-18,S002,Loader,1
2024-11-18,S002,Roller,1
2024-11-18,S003,Excavator,1
2024-11-18,S003,Bulldozer,1
2024-11-18,S003,Grader,2
2024-11-18,S003,Crane,1
2024-11-18,S003,Loader,1
2024-11-18,S003,Roller,1
2024-11-18,S004,Excavator,1
2024-11-18,S004,Bulldozer,0
2024-11-18,S004,Grader,1
2024-11-18,S004,Crane,1
2024-11-18,S004,Loader,1
2024-11-18,S004,Roller,0
2024-11-18,S005,Excavator,1
2024-11-18,S005,Bulldozer,1
2024-11-18,S005,Grader,3
2024-11-18,S005,Crane,1
2024-11-18,S005,Loader,0
2024-11-18,S005,Roller,1
2024-11-18,S006,Excavator,0
2024-11-18,S006,Bulldozer,2
2024-11-18,S006,Grader,0
2024-11-18,S006,Crane,1
2024-11-18,S006,Loader,1
2024-11-18,S006,Roller,0
2024-11-18,S007,Excavator,3
2024-11-18,S007,Bulldozer,0
2024-11-18,S007,Grader,0
2024-11-18,S007,Crane,3
2024-11-18,S007,Loader,2
2024-11-18,S007,Roller,0
2024-11-18,S008,Excavator,1
2024-11-18,S008,Bulldozer,0
2024-11-18,S008,Grader,0
2024-11-18,S008,Crane,0
2024-11-18,S008,Loader,0
2024-11-18,S008,Roller,0
2024-11-18,S009,Excavator,0
2024-11-18,S009,Bulldozer,1
2024-11-18,S009,Grader,0
2024-11-18,S009,Crane,0
2024-11-18,S009,Loader,1
2024-11-18,S009,Roller,0
2024-11-18,S010,Excavator,2
2024-11-18,S010,Bulldozer,4
2024-11-18,S010,Grader,1
2024-11-18,S010,Crane,1
2024-11-18,S010,Loader,0
2024-11-18,S010,Roller,1
2024-11-25,S001,Excavator,1
2024-11-25,S001,Bulldozer,0
2024-11-25,S001,Grader,0
2024-11-25,S001,Crane,0
2024-11-25,S001,Loader,1
2024-11-25,S001,Roller,0
2024-11-25,S002,Excavator,0
2024-11-25,S002,Bulldozer,0
2024-11-25,S002,Grader,1
2024-11-25,S002,Crane,1
2024-11-25,S002,Loader,1
2024-11-25,S002,Roller,1
2024-11-25,S003,Excavator,0
2024-11-25,S003,Bulldozer,1
2024-11-25,S003,Grader,2
2024-11-25,S003,Crane,0
2024-11-25,S003,Loader,1
2024-11-25,S003,Roller,1
2024-11-25,S004,Excavator,0
2024-11-25,S004,Bulldozer,0
2024-11-25,S004,Grader,1
2024-11-25,S004,Crane,1
2024-11-25,S004,Loader,1
2024-11-25,S004,Roller,1
2024-11-25,S005,Excavator,1
2024-11-25,S005,Bulldozer,0
2024-11-25,S005,Grader,3
2024-11-25,S005,Crane,1
2024-11-25,S005,Loader,0
2024-11-25,S005,Roller,2
2024-11-25,S006,Excavator,1
2024-11-25,S006,Bulldozer,2
2024-11-25,S006,Grader,1
2024-11-25,S006,Crane,0
2024-11-25,S006,Loader,1
2024-11-25,S006,Roller,0
2024-11-25,S007,Excavator,1
2024-11-25,S007,Bulldozer,1
2024-11-25,S007,Grader,0
2024-11-25,S007,Crane,2
2024-11-25,S007,Loader,1
2024-11-25,S007,Roller,0
2024-11-25,S008,Excavator,0
2024-11-25,S008,Bulldozer,0
2024-11-25,S008,Grader,0
2024-11-25,S008,Crane,0
2024-11-25,S008,Loader,0
2024-11-25,S008,Roller,0
2024-11-25,S009,Excavator,1
2024-11-25,S009,Bulldozer,0
2024-11-25,S009,Grader,0
2024-11-25,S009,Crane,0
2024-11-25,S009,Loader,0
2024-11-25,S009,Roller,0
2024-11-25,S010,Excavator,1
2024-11-25,S010,Bulldozer,4
2024-11-25,S010,Grader,1
2024-11-25,S010,Crane,1
2024-11-25,S010,Loader,0
2024-11-25,S010,Roller,1
2024-12-02,S001,Excavator,1
2024-12-02,S001,Bulldozer,0
2024-12-02,S001,Grader,0
2024-12-02,S001,Crane,0
2024-12-02,S001,Loader,1
2024-12-02,S001,Roller,0
2024-12-02,S002,Excavator,0
2024-12-02,S002,Bulldozer,0
2024-12-02,S002,Grader,1
2024-12-02,S002,Crane,2
2024-12-02,S002,Loader,3
2024-12-02,S002,Roller,1
2024-12-02,S003,Excavator,0
2024-12-02,S003,Bulldozer,1
2024-12-02,S003,Grader,2
2024-12-02,S003,Crane,0
2024-12-02,S003,Loader,0
2024-12-02,S003,Roller,1
2024-12-02,S004,Excavator,1
2024-12-02,S004,Bulldozer,0
2024-12-02,S004,Grader,1
2024-12-02,S004,Crane,1
2024-12-02,S004,Loader,0
2024-12-02,S004,Roller,2
2024-12-02,S005,Excavator,0
2024-12-02,S005,Bulldozer,1
2024-12-02,S005,Grader,1
2024-12-02,S005,Crane,0
2024-12-02,S005,Loader,1
2024-12-02,S005,Roller,2
2024-12-02,S006,Excavator,1
2024-12-02,S006,Bulldozer,1
2024-12-02,S006,Grader,1
2024-12-02,S006,Crane,0
2024-12-02,S006,Loader,0
2024-12-02,S006,Roller,1
2024-12-02,S007,Excavator,0
2024-12-02,S007,Bulldozer,1
2024-12-02,S007,Grader,0
2024-12-02,S007,Crane,1
2024-12-02,S007,Loader,1
2024-12-02,S007,Roller,0
2024-12-02,S008,Excavator,0
2024-12-02,S008,Bulldozer,0
2024-12-02,S008,Grader,0
2024-12-02,S008,Crane,0
2024-12-02,S008,Loader,0
2024-12-02,S008,Roller,0
2024-12-02,S009,Excavator,1
2024-12-02,S009,Bulldozer,0
2024-12-02,S009,Grader,0
2024-12-02,S009,Crane,0
2024-12-02,S009,Loader,0
2024-12-02,S009,Roller,0
2024-12-02,S010,Excavator,1
2024-12-02,S010,Bulldozer,2
2024-12-02,S010,Grader,0
2024-12-02,S010,Crane,1
2024-12-02,S010,Loader,0
2024-12-02,S010,Roller,1
2024-12-09,S001,Excavator,0
2024-12-09,S001,Bulldozer,0
2024-12-09,S001,Grader,0
2024-12-09,S001,Crane,1
2024-12-09,S001,Loader,1
2024-12-09,S001,Roller,0
2024-12-09,S002,Excavator,0
2024-12-09,S002,Bulldozer,0
2024-12-09,S002,Grader,0
2024-12-09,S002,Crane,2
2024-12-09,S002,Loader,3
2024-12-09,S002,Roller,1
2024-12-09,S003,Excavator,0
2024-12-09,S003,Bulldozer,1
2024-12-09,S003,Grader,1
2024-12-09,S003,Crane,0
2024-12-09,S003,Loader,0
2024-12-09,S003,Roller,0
2024-12-09,S004,Excavator,1
2024-12-09,S004,Bulldozer,0
2024-12-09,S004,Grader,1
2024-12-09,S004,Crane,1
2024-12-09,S004,Loader,0
2024-12-09,S004,Roller,2
2024-12-09,S005,Excavator,0
2024-12-09,S005,Bulldozer,1
2024-12-09,S005,Grader,0
2024-12-09,S005,Crane,0
2024-12-09,S005,Loader,1
2024-12-09,S005,Roller,0
2024-12-09,S006,Excavator,1
2024-12-09,S006,Bulldozer,0
2024-12-09,S006,Grader,1
2024-12-09,S006,Crane,0
2024-12-09,S006,Loader,0
2024-12-09,S006,Roller,1
2024-12-09,S007,Excavator,0
2024-12-09,S007,Bulldozer,1
2024-12-09,S007,Grader,0
2024-12-09,S007,Crane,0
2024-12-09,S007,Loader,1
2024-12-09,S007,Roller,0
2024-12-09,S008,Excavator,0
2024-12-09,S008,Bulldozer,0
2024-12-09,S008,Grader,0
2024-12-09,S008,Crane,0
2024-12-09,S008,Loader,1
2024-12-09,S008,Roller,0
2024-12-09,S009,Excavator,0
2024-12-09,S009,Bulldozer,0
2024-12-09,S009,Grader,0
2024-12-09,S009,Crane,0
2024-12-09,S009,Loader,0
2024-12-09,S009,Roller,0
2024-12-09,S010,Excavator,1
2024-12-09,S010,Bulldozer,2
2024-12-09,S010,Grader,0
2024-12-09,S010,Crane,0
2024-12-09,S010,Loader,0
2024-12-09,S010,Roller,1
2024-12-16,S001,Excavator,0
2024-12-16,S001,Bulldozer,0
2024-12-16,S001,Grader,0
2024-12-16,S001,Crane,1
2024-12-16,S001,Loader,0
2024-12-16,S001,Roller,0
2024-12-16,S002,Excavator,0
2024-12-16,S002,Bulldozer,0
2024-12-16,S002,Grader,1
2024-12-16,S002,Crane,2
2024-12-16,S002,Loader,2
2024-12-16,S002,Roller,0
2024-12-16,S003,Excavator,0
2024-12-16,S003,Bulldozer,1
2024-12-16,S003,Grader,1
2024-12-16,S003,Crane,0
2024-12-16,S003,Loader,0
2024-12-16,S003,Roller,0
2024-12-16,S004,Excavator,1
2024-12-16,S004,Bulldozer,0
2024-12-16,S004,Grader,0
2024-12-16,S004,Crane,0
2024-12-16,S004,Loader,0
2024-12-16,S004,Roller,2
2024-12-16,S005,Excavator,1
2024-12-16,S005,Bulldozer,1
2024-12-16,S005,Grader,0
2024-12-16,S005,Crane,0
2024-12-16,S005,Loader,0
2024-12-16,S005,Roller,1
2024-12-16,S006,Excavator,0
2024-12-16,S006,Bulldozer,0
2024-12-16,S006,Grader,1
2024-12-16,S006,Crane,1
2024-12-16,S006,Loader,2
2024-12-16,S006,Roller,0
2024-12-16,S007,Excavator,0
2024-12-16,S007,Bulldozer,1
2024-12-16,S007,Grader,0
2024-12-16,S007,Crane,0
2024-12-16,S007,Loader,1
2024-12-16,S007,Roller,1
2024-12-16,S008,Excavator,1
2024-12-16,S008,Bulldozer,0
2024-12-16,S008,Grader,0
2024-12-16,S008,Crane,0
2024-12-16,S008,Loader,1
2024-12-16,S008,Roller,0
2024-12-16,S009,Excavator,0
2024-12-16,S009,Bulldozer,0
2024-12-16,S009,Grader,0
2024-12-16,S009,Crane,1
2024-12-16,S009,Loader,0
2024-12-16,S009,Roller,0
2024-12-16,S010,Excavator,1
2024-12-16,S010,Bulldozer,2
2024-12-16,S010,Grader,0
2024-12-16,S010,Crane,0
2024-12-16,S010,Loader,0
2024-12-16,S010,Roller,0
2024-12-23,S001,Excavator,0
2024-12-23,S001,Bulldozer,1
2024-12-23,S001,Grader,0
2024-12-23,S001,Crane,1
2024-12-23,S001,Loader,0
2024-12-23,S001,Roller,0
2024-12-23,S002,Excavator,0
2024-12-23,S002,Bulldozer,0
2024-12-23,S002,Grader,1
2024-12-23,S002,Crane,2
2024-12-23,S002,Loader,2
2024-12-23,S002,Roller,0
2024-12-23,S003,Excavator,0
2024-12-23,S003,Bulldozer,1
2024-12-23,S003,Grader,0
2024-12-23,S003,Crane,0
2024-12-23,S003,Loader,0
2024-12-23,S003,Roller,0
2024-12-23,S004,Excavator,1
2024-12-23,S004,Bulldozer,0
2024-12-23,S004,Grader,0
2024-12-23,S004,Crane,0
2024-12-23,S004,Loader,0
2024-12-23,S004,Roller,1
2024-12-23,S005,Excavator,1
2024-12-23,S005,Bulldozer,1
2024-12-23,S005,Grader,0
2024-12-23,S005,Crane,0
2024-12-23,S005,Loader,0
2024-12-23,S005,Roller,1
2024-12-23,S006,Excavator,1
2024-12-23,S006,Bulldozer,0
2024-12-23,S006,Grader,1
2024-12-23,S006,Crane,1
2024-12-23,S006,Loader,2
2024-12-23,S006,Roller,0
2024-12-23,S007,Excavator,0
2024-12-23,S007,Bulldozer,1
2024-12-23,S007,Grader,0
2024-12-23,S007,Crane,0
2024-12-23,S007,Loader,2
2024-12-23,S007,Roller,1
2024-12-23,S008,Excavator,1
2024-12-23,S008,Bulldozer,0
2024-12-23,S008,Grader,1
2024-12-23,S008,Crane,0
2024-12-23,S008,Loader,1
2024-12-23,S008,Roller,0
2024-12-23,S009,Excavator,1
2024-12-23,S009,Bulldozer,0
2024-12-23,S009,Grader,0
2024-12-23,S009,Crane,1
2024-12-23,S009,Loader,0
2024-12-23,S009,Roller,0
2024-12-23,S010,Excavator,0
2024-12-23,S010,Bulldozer,1
2024-12-23,S010,Grader,1
2024-12-23,S010,Crane,1
2024-12-23,S010,Loader,0
2024-12-23,S010,Roller,2
2024-12-30,S001,Excavator,0
2024-12-30,S001,Bulldozer,1
2024-12-30,S001,Grader,0
2024-12-30,S001,Crane,1
2024-12-30,S001,Loader,2
2024-12-30,S001,Roller,0
2024-12-30,S002,Excavator,1
2024-12-30,S002,Bulldozer,1
2024-12-30,S002,Grader,1
2024-12-30,S002,Crane,1
2024-12-30,S002,Loader,1
2024-12-30,S002,Roller,1
2024-12-30,S003,Excavator,1
2024-12-30,S003,Bulldozer,1
2024-12-30,S003,Grader,1
2024-12-30,S003,Crane,0
2024-12-30,S003,Loader,0
2024-12-30,S003,Roller,0
2024-12-30,S004,Excavator,1
2024-12-30,S004,Bulldozer,0
2024-12-30,S004,Grader,0
2024-12-30,S004,Crane,2
2024-12-30,S004,Loader,2
2024-12-30,S004,Roller,1
2024-12-30,S005,Excavator,0
2024-12-30,S005,Bulldozer,0
2024-12-30,S005,Grader,1
2024-12-30,S005,Crane,0
2024-12-30,S005,Loader,0
2024-12-30,S005,Roller,1
2024-12-30,S006,Excavator,1
2024-12-30,S006,Bulldozer,0
2024-12-30,S006,Grader,1
2024-12-30,S006,Crane,0
2024-12-30,S006,Loader,1
2024-12-30,S006,Roller,0
2024-12-30,S007,Excavator,0
2024-12-30,S007,Bulldozer,1
2024-12-30,S007,Grader,0
2024-12-30,S007,Crane,0
2024-12-30,S007,Loader,3
2024-12-30,S007,Roller,1
2024-12-30,S008,Excavator,1
2024-12-30,S008,Bulldozer,1
2024-12-30,S008,Grader,1
2024-12-30,S008,Crane,0
2024-12-30,S008,Loader,1
2024-12-30,S008,Roller,0
2024-12-30,S009,Excavator,1
2024-12-30,S009,Bulldozer,0
2024-12-30,S009,Grader,0
2024-12-30,S009,Crane,1
2024-12-30,S009,Loader,1
2024-12-30,S009,Roller,0
2024-12-30,S010,Excavator,0
2024-12-30,S010,Bulldozer,0
2024-12-30,S010,Grader,1
2024-12-30,S010,Crane,1
2024-12-30,S010,Loader,0
2024-12-30,S010,Roller,2
2025-01-06,S001,Excavator,2
2025-01-06,S001,Bulldozer,1
2025-01-06,S001,Grader,0
2025-01-06,S001,Crane,1
2025-01-06,S001,Loader,2
2025-01-06,S001,Roller,0
2025-01-06,S002,Excavator,1
2025-01-06,S002,Bulldozer,1
2025-01-06,S002,Grader,1
2025-01-06,S002,Crane,1
2025-01-06,S002,Loader,1
2025-01-06,S002,Roller,1
2025-01-06,S003,Excavator,1
2025-01-06,S003,Bulldozer,1
2025-01-06,S003,Grader,1
2025-01-06,S003,Crane,0
2025-01-06,S003,Loader,0
2025-01-06,S003,Roller,0
2025-01-06,S004,Excavator,1
2025-01-06,S004,Bulldozer,0
2025-01-06,S004,Grader,0
2025-01-06,S004,Crane,2
2025-01-06,S004,Loader,2
2025-01-06,S004,Roller,3
2025-01-06,S005,Excavator,0
2025-01-06,S005,Bulldozer,1
2025-01-06,S005,Grader,1
2025-01-06,S005,Crane,0
2025-01-06,S005,Loader,0
2025-01-06,S005,Roller,1
2025-01-06,S006,Excavator,0
2025-01-06,S006,Bulldozer,0
2025-01-06,S006,Grader,1
2025-01-06,S006,Crane,0
2025-01-06,S006,Loader,1
2025-01-06,S006,Roller,1
2025-01-06,S007,Excavator,0
2025-01-06,S007,Bulldozer,2
2025-01-06,S007,Grader,0
2025-01-06,S007,Crane,0
2025-01-06,S007,Loader,3
2025-01-06,S007,Roller,0
2025-01-06,S008,Excavator,1
2025-01-06,S008,Bulldozer,1
2025-01-06,S008,Grader,1
2025-01-06,S008,Crane,0
2025-01-06,S008,Loader,1
2025-01-06,S008,Roller,0
2025-01-06,S009,Excavator,1
2025-01-06,S009,Bulldozer,0
2025-01-06,S009,Grader,0
2025-01-06,S009,Crane,0
2025-01-06,S009,Loader,2
2025-01-06,S009,Roller,0
2025-01-06,S010,Excavator,1
2025-01-06,S010,Bulldozer,0
2025-01-06,S010,Grader,0
2025-01-06,S010,Crane,0
2025-01-06,S010,Loader,1
2025-01-06,S010,Roller,2
2025-01-13,S001,Excavator,2
2025-01-13,S001,Bulldozer,3
2025-01-13,S001,Grader,0
2025-01-13,S001,Crane,0
2025-01-13,S001,Loader,1
2025-01-13,S001,Roller,0
2025-01-13,S002,Excavator,0
2025-01-13,S002,Bulldozer,0
2025-01-13,S002,Grader,1
2025-01-13,S002,Crane,1
2025-01-13,S002,Loader,1
2025-01-13,S002,Roller,1
2025-01-13,S003,Excavator,1
2025-01-13,S003,Bulldozer,1
2025-01-13,S003,Grader,0
2025-01-13,S003,Crane,0
2025-01-13,S003,Loader,0
2025-01-13,S003,Roller,1
2025-01-13,S004,Excavator,2
2025-01-13,S004,Bulldozer,1
2025-01-13,S004,Grader,0
2025-01-13,S004,Crane,2
2025-01-13,S004,Loader,1
2025-01-13,S004,Roller,3
2025-01-13,S005,Excavator,0
2025-01-13,S005,Bulldozer,1
2025-01-13,S005,Grader,0
2025-01-13,S005,Crane,0
2025-01-13,S005,Loader,0
2025-01-13,S005,Roller,1
2025-01-13,S006,Excavator,0
2025-01-13,S006,Bulldozer,0
2025-01-13,S006,Grader,0
2025-01-13,S006,Crane,0
2025-01-13,S006,Loader,1
2025-01-13,S006,Roller,1
2025-01-13,S007,Excavator,0
2025-01-13,S007,Bulldozer,2
2025-01-13,S007,Grader,0
2025-01-13,S007,Crane,0
2025-01-13,S007,Loader,2
2025-01-13,S007,Roller,0
2025-01-13,S008,Excavator,1
2025-01-13,S008,Bulldozer,1
2025-01-13,S008,Grader,1
2025-01-13,S008,Crane,0
2025-01-13,S008,Loader,1
2025-01-13,S008,Roller,1
2025-01-13,S009,Excavator,2
2025-01-13,S009,Bulldozer,0
2025-01-13,S009,Grader,1
2025-01-13,S009,Crane,0
2025-01-13,S009,Loader,2
2025-01-13,S009,Roller,1
2025-01-13,S010,Excavator,1
2025-01-13,S010,Bulldozer,0
2025-01-13,S010,Grader,0
2025-01-13,S010,Crane,1
2025-01-13,S010,Loader,1
2025-01-13,S010,Roller,0
2025-01-20,S001,Excavator,2
2025-01-20,S001,Bulldozer,3
2025-01-20,S001,Grader,1
2025-01-20,S001,Crane,0
2025-01-20,S001,Loader,0
2025-01-20,S001,Roller,0
2025-01-20,S002,Excavator,1
2025-01-20,S002,Bulldozer,0
2025-01-20,S002,Grader,1
2025-01-20,S002,Crane,1
2025-01-20,S002,Loader,1
2025-01-20,S002,Roller,1
2025-01-20,S003,Excavator,1
2025-01-20,S003,Bulldozer,1
2025-01-20,S003,Grader,1
2025-01-20,S003,Crane,0
2025-01-20,S003,Loader,0
2025-01-20,S003,Roller,2
2025-01-20,S004,Excavator,2
2025-01-20,S004,Bulldozer,1
2025-01-20,S004,Grader,1
2025-01-20,S004,Crane,1
2025-01-20,S004,Loader,1
2025-01-20,S004,Roller,2
2025-01-20,S005,Excavator,0
2025-01-20,S005,Bulldozer,1
2025-01-20,S005,Grader,1
2025-01-20,S005,Crane,0
2025-01-20,S005,Loader,0
2025-01-20,S005,Roller,0
2025-01-20,S006,Excavator,0
2025-01-20,S006,Bulldozer,0
2025-01-20,S006,Grader,0
2025-01-20,S006,Crane,0
2025-01-20,S006,Loader,1
2025-01-20,S006,Roller,0
2025-01-20,S007,Excavator,1
2025-01-20,S007,Bulldozer,1
2025-01-20,S007,Grader,0
2025-01-20,S007,Crane,0
2025-01-20,S007,Loader,1
2025-01-20,S007,Roller,1
2025-01-20,S008,Excavator,1
2025-01-20,S008,Bulldozer,0
2025-01-20,S008,Grader,1
2025-01-20,S008,Crane,0
2025-01-20,S008,Loader,0
2025-01-20,S008,Roller,1
2025-01-20,S009,Excavator,2
2025-01-20,S009,Bulldozer,0
2025-01-20,S009,Grader,1
2025-01-20,S009,Crane,1
2025-01-20,S009,Loader,2
2025-01-20,S009,Roller,1
2025-01-20,S010,Excavator,1
2025-01-20,S010,Bulldozer,2
2025-01-20,S010,Grader,0
2025-01-20,S010,Crane,2
2025-01-20,S010,Loader,0
2025-01-20,S010,Roller,0
2025-01-27,S001,Excavator,1
2025-01-27,S001,Bulldozer,1
2025-01-27,S001,Grader,1
2025-01-27,S001,Crane,0
2025-01-27,S001,Loader,0
2025-01-27,S001,Roller,0
2025-01-27,S002,Excavator,1
2025-01-27,S002,Bulldozer,0
2025-01-27,S002,Grader,0
2025-01-27,S002,Crane,0
2025-01-27,S002,Loader,0
2025-01-27,S002,Roller,1
2025-01-27,S003,Excavator,0
2025-01-27,S003,Bulldozer,0
2025-01-27,S003,Grader,1
2025-01-27,S003,Crane,0
2025-01-27,S003,Loader,0
2025-01-27,S003,Roller,2
2025-01-27,S004,Excavator,3
2025-01-27,S004,Bulldozer,0
2025-01-27,S004,Grader,1
2025-01-27,S004,Crane,1
2025-01-27,S004,Loader,1
2025-01-27,S004,Roller,1
2025-01-27,S005,Excavator,0
2025-01-27,S005,Bulldozer,0
2025-01-27,S005,Grader,1
2025-01-27,S005,Crane,0
2025-01-27,S005,Loader,0
2025-01-27,S005,Roller,0
2025-01-27,S006,Excavator,2
2025-01-27,S006,Bulldozer,0
2025-01-27,S006,Grader,1
2025-01-27,S006,Crane,0
2025-01-27,S006,Loader,1
2025-01-27,S006,Roller,0
2025-01-27,S007,Excavator,1
2025-01-27,S007,Bulldozer,0
2025-01-27,S007,Grader,0
2025-01-27,S007,Crane,0
2025-01-27,S007,Loader,1
2025-01-27,S007,Roller,1
2025-01-27,S008,Excavator,1
2025-01-27,S008,Bulldozer,0
2025-01-27,S008,Grader,1
2025-01-27,S008,Crane,0
2025-01-27,S008,Loader,0
2025-01-27,S008,Roller,1
2025-01-27,S009,Excavator,2
2025-01-27,S009,Bulldozer,2
2025-01-27,S009,Grader,1
2025-01-27,S009,Crane,1
2025-01-27,S009,Loader,2
2025-01-27,S009,Roller,2
2025-01-27,S010,Excavator,1
2025-01-27,S010,Bulldozer,2
2025-01-27,S010,Grader,0
2025-01-27,S010,Crane,2
2025-01-27,S010,Loader,3
2025-01-27,S010,Roller,0
2025-02-03,S001,Excavator,2
2025-02-03,S001,Bulldozer,0
2025-02-03,S001,Grader,0
2025-02-03,S001,Crane,0
2025-02-03,S001,Loader,0
2025-02-03,S001,Roller,1
2025-02-03,S002,Excavator,1
2025-02-03,S002,Bulldozer,0
2025-02-03,S002,Grader,0
2025-02-03,S002,Crane,0
2025-02-03,S002,Loader,0
2025-02-03,S002,Roller,1
2025-02-03,S003,Excavator,1
2025-02-03,S003,Bulldozer,0
2025-02-03,S003,Grader,0
2025-02-03,S003,Crane,0
2025-02-03,S003,Loader,1
2025-02-03,S003,Roller,2
2025-02-03,S004,Excavator,5
2025-02-03,S004,Bulldozer,1
2025-02-03,S004,Grader,1
2025-02-03,S004,Crane,0
2025-02-03,S004,Loader,1
2025-02-03,S004,Roller,1
2025-02-03,S005,Excavator,0
2025-02-03,S005,Bulldozer,0
2025-02-03,S005,Grader,3
2025-02-03,S005,Crane,0
2025-02-03,S005,Loader,1
2025-02-03,S005,Roller,0
2025-02-03,S006,Excavator,2
2025-02-03,S006,Bulldozer,0
2025-02-03,S006,Grader,1
2025-02-03,S006,Crane,0
2025-02-03,S006,Loader,0
2025-02-03,S006,Roller,0
2025-02-03,S007,Excavator,0
2025-02-03,S007,Bulldozer,0
2025-02-03,S007,Grader,1
2025-02-03,S007,Crane,0
2025-02-03,S007,Loader,1
2025-02-03,S007,Roller,0
2025-02-03,S008,Excavator,1
2025-02-03,S008,Bulldozer,1
2025-02-03,S008,Grader,1
2025-02-03,S008,Crane,1
2025-02-03,S008,Loader,0
2025-02-03,S008,Roller,1
2025-02-03,S009,Excavator,1
2025-02-03,S009,Bulldozer,2
2025-02-03,S009,Grader,1
2025-02-03,S009,Crane,0
2025-02-03,S009,Loader,3
2025-02-03,S009,Roller,2
2025-02-03,S010,Excavator,1
2025-02-03,S010,Bulldozer,0
2025-02-03,S010,Grader,1
2025-02-03,S010,Crane,1
2025-02-03,S010,Loader,3
2025-02-03,S010,Roller,0
2025-02-10,S001,Excavator,2
2025-02-10,S001,Bulldozer,1
2025-02-10,S001,Grader,0
2025-02-10,S001,Crane,0
2025-02-10,S001,Loader,0
2025-02-10,S001,Roller,1
2025-02-10,S002,Excavator,1
2025-02-10,S002,Bulldozer,1
2025-02-10,S002,Grader,0
2025-02-10,S002,Crane,0
2025-02-10,S002,Loader,2
2025-02-10,S002,Roller,1
2025-02-10,S003,Excavator,1
2025-02-10,S003,Bulldozer,0
2025-02-10,S003,Grader,0
2025-02-10,S003,Crane,1
2025-02-10,S003,Loader,2
2025-02-10,S003,Roller,1
2025-02-10,S004,Excavator,5
2025-02-10,S004,Bulldozer,1
2025-02-10,S004,Grader,0
2025-02-10,S004,Crane,0
2025-02-10,S004,Loader,0
2025-02-10,S004,Roller,1
2025-02-10,S005,Excavator,0
2025-02-10,S005,Bulldozer,0
2025-02-10,S005,Grader,3
2025-02-10,S005,Crane,0
2025-02-10,S005,Loader,1
2025-02-10,S005,Roller,0
2025-02-10,S006,Excavator,1
2025-02-10,S006,Bulldozer,1
2025-02-10,S006,Grader,0
2025-02-10,S006,Crane,0
2025-02-10,S006,Loader,0
2025-02-10,S006,Roller,0
2025-02-10,S007,Excavator,1
2025-02-10,S007,Bulldozer,0
2025-02-10,S007,Grader,1
2025-02-10,S007,Crane,0
2025-02-10,S007,Loader,1
2025-02-10,S007,Roller,0
2025-02-10,S008,Excavator,1
2025-02-10,S008,Bulldozer,1
2025-02-10,S008,Grader,1
2025-02-10,S008,Crane,1
2025-02-10,S008,Loader,0
2025-02-10,S008,Roller,0
2025-02-10,S009,Excavator,4
2025-02-10,S009,Bulldozer,1
2025-02-10,S009,Grader,1
2025-02-10,S009,Crane,0
2025-02-10,S009,Loader,3
2025-02-10,S009,Roller,0
2025-02-10,S010,Excavator,1
2025-02-10,S010,Bulldozer,0
2025-02-10,S010,Grader,1
2025-02-10,S010,Crane,1
2025-02-10,S010,Loader,2
2025-02-10,S010,Roller,0
2025-02-17,S001,Excavator,0
2025-02-17,S001,Bulldozer,1
2025-02-17,S001,Grader,0
2025-02-17,S001,Crane,0
2025-02-17,S001,Loader,0
2025-02-17,S001,Roller,0
2025-02-17,S002,Excavator,1
2025-02-17,S002,Bulldozer,1
2025-02-17,S002,Grader,1
2025-02-17,S002,Crane,0
2025-02-17,S002,Loader,3
2025-02-17,S002,Roller,1
2025-02-17,S003,Excavator,1
2025-02-17,S003,Bulldozer,0
2025-02-17,S003,Grader,0
2025-02-17,S003,Crane,1
2025-02-17,S003,Loader,2
2025-02-17,S003,Roller,2
2025-02-17,S004,Excavator,0
2025-02-17,S004,Bulldozer,1
2025-02-17,S004,Grader,2
2025-02-17,S004,Crane,0
2025-02-17,S004,Loader,0
2025-02-17,S004,Roller,0
2025-02-17,S005,Excavator,0
2025-02-17,S005,Bulldozer,0
2025-02-17,S005,Grader,1
2025-02-17,S005,Crane,0
2025-02-17,S005,Loader,0
2025-02-17,S005,Roller,0
2025-02-17,S006,Excavator,1
2025-02-17,S006,Bulldozer,1
2025-02-17,S006,Grader,0
2025-02-17,S006,Crane,0
2025-02-17,S006,Loader,0
2025-02-17,S006,Roller,1
2025-02-17,S007,Excavator,1
2025-02-17,S007,Bulldozer,0
2025-02-17,S007,Grader,0
2025-02-17,S007,Crane,0
2025-02-17,S007,Loader,1
2025-02-17,S007,Roller,1
2025-02-17,S008,Excavator,1
2025-02-17,S008,Bulldozer,1
2025-02-17,S008,Grader,1
2025-02-17,S008,Crane,0
2025-02-17,S008,Loader,0
2025-02-17,S008,Roller,0
2025-02-17,S009,Excavator,4
2025-02-17,S009,Bulldozer,2
2025-02-17,S009,Grader,1
2025-02-17,S009,Crane,1
2025-02-17,S009,Loader,1
2025-02-17,S009,Roller,0
2025-02-17,S010,Excavator,0
2025-02-17,S010,Bulldozer,0
2025-02-17,S010,Grader,1
2025-02-17,S010,Crane,1
2025-02-17,S010,Loader,1
2025-02-17,S010,Roller,0
2025-02-24,S001,Excavator,0
2025-02-24,S001,Bulldozer,0
2025-02-24,S001,Grader,0
2025-02-24,S001,Crane,0
2025-02-24,S001,Loader,0
2025-02-24,S001,Roller,0
2025-02-24,S002,Excavator,1
2025-02-24,S002,Bulldozer,1
2025-02-24,S002,Grader,1
2025-02-24,S002,Crane,0
2025-02-24,S002,Loader,3
2025-02-24,S002,Roller,2
2025-02-24,S003,Excavator,1
2025-02-24,S003,Bulldozer,0
2025-02-24,S003,Grader,0
2025-02-24,S003,Crane,1
2025-02-24,S003,Loader,2
2025-02-24,S003,Roller,2
2025-02-24,S004,Excavator,0
2025-02-24,S004,Bulldozer,1
2025-02-24,S004,Grader,2
2025-02-24,S004,Crane,0
2025-02-24,S004,Loader,0
2025-02-24,S004,Roller,1
2025-02-24,S005,Excavator,0
2025-02-24,S005,Bulldozer,0
2025-02-24,S005,Grader,1
2025-02-24,S005,Crane,0
2025-02-24,S005,Loader,0
2025-02-24,S005,Roller,0
2025-02-24,S006,Excavator,1
2025-02-24,S006,Bulldozer,1
2025-02-24,S006,Grader,1
2025-02-24,S006,Crane,0
2025-02-24,S006,Loader,0
2025-02-24,S006,Roller,1
2025-02-24,S007,Excavator,0
2025-02-24,S007,Bulldozer,1
2025-02-24,S007,Grader,0
2025-02-24,S007,Crane,0
2025-02-24,S007,Loader,1
2025-02-24,S007,Roller,1
2025-02-24,S008,Excavator,0
2025-02-24,S008,Bulldozer,1
2025-02-24,S008,Grader,2
2025-02-24,S008,Crane,0
2025-02-24,S008,Loader,0
2025-02-24,S008,Roller,0
2025-02-24,S009,Excavator,2
2025-02-24,S009,Bulldozer,2
2025-02-24,S009,Grader,0
2025-02-24,S009,Crane,1
2025-02-24,S009,Loader,0
2025-02-24,S009,Roller,0
2025-02-24,S010,Excavator,0
2025-02-24,S010,Bulldozer,0
2025-02-24,S010,Grader,0
2025-02-24,S010,Crane,0
2025-02-24,S010,Loader,2
2025-02-24,S010,Roller,1
2025-03-03,S001,Excavator,0
2025-03-03,S001,Bulldozer,0
2025-03-03,S001,Grader,0
2025-03-03,S001,Crane,0
2025-03-03,S001,Loader,0
2025-03-03,S001,Roller,0
2025-03-03,S002,Excavator,1
2025-03-03,S002,Bulldozer,0
2025-03-03,S002,Grader,1
2025-03-03,S002,Crane,0
2025-03-03,S002,Loader,1
2025-03-03,S002,Roller,2
2025-03-03,S003,Excavator,1
2025-03-03,S003,Bulldozer,0
2025-03-03,S003,Grader,0
2025-03-03,S003,Crane,1
2025-03-03,S003,Loader,1
2025-03-03,S003,Roller,1
2025-03-03,S004,Excavator,0
2025-03-03,S004,Bulldozer,1
2025-03-03,S004,Grader,2
2025-03-03,S004,Crane,0
2025-03-03,S004,Loader,0
2025-03-03,S004,Roller,1
2025-03-03,S005,Excavator,1
2025-03-03,S005,Bulldozer,0
2025-03-03,S005,Grader,1
2025-03-03,S005,Crane,1
2025-03-03,S005,Loader,1
2025-03-03,S005,Roller,1
2025-03-03,S006,Excavator,1
2025-03-03,S006,Bulldozer,1
2025-03-03,S006,Grader,1
2025-03-03,S006,Crane,0
2025-03-03,S006,Loader,0
2025-03-03,S006,Roller,1
2025-03-03,S007,Excavator,0
2025-03-03,S007,Bulldozer,1
2025-03-03,S007,Grader,0
2025-03-03,S007,Crane,0
2025-03-03,S007,Loader,0
2025-03-03,S007,Roller,0
2025-03-03,S008,Excavator,0
2025-03-03,S008,Bulldozer,0
2025-03-03,S008,Grader,2
2025-03-03,S008,Crane,0
2025-03-03,S008,Loader,0
2025-03-03,S008,Roller,1
2025-03-03,S009,Excavator,4
2025-03-03,S009,Bulldozer,1
2025-03-03,S009,Grader,1
2025-03-03,S009,Crane,0
2025-03-03,S009,Loader,0
2025-03-03,S009,Roller,0
2025-03-03,S010,Excavator,0
2025-03-03,S010,Bulldozer,1
2025-03-03,S010,Grader,0
2025-03-03,S010,Crane,0
2025-03-03,S010,Loader,2
2025-03-03,S010,Roller,1
2025-03-10,S001,Excavator,1
2025-03-10,S001,Bulldozer,0
2025-03-10,S001,Grader,0
2025-03-10,S001,Crane,0
2025-03-10,S001,Loader,1
2025-03-10,S001,Roller,0
2025-03-10,S002,Excavator,1
2025-03-10,S002,Bulldozer,0
2025-03-10,S002,Grader,0
2025-03-10,S002,Crane,0
2025-03-10,S002,Loader,1
2025-03-10,S002,Roller,1
2025-03-10,S003,Excavator,1
2025-03-10,S003,Bulldozer,0
2025-03-10,S003,Grader,1
2025-03-10,S003,Crane,1
2025-03-10,S003,Loader,1
2025-03-10,S003,Roller,2
2025-03-10,S004,Excavator,2
2025-03-10,S004,Bulldozer,0
2025-03-10,S004,Grader,0
2025-03-10,S004,Crane,1
2025-03-10,S004,Loader,1
2025-03-10,S004,Roller,1
2025-03-10,S005,Excavator,1
2025-03-10,S005,Bulldozer,1
2025-03-10,S005,Grader,1
2025-03-10,S005,Crane,1
2025-03-10,S005,Loader,1
2025-03-10,S005,Roller,1
2025-03-10,S006,Excavator,0
2025-03-10,S006,Bulldozer,0
2025-03-10,S006,Grader,1
2025-03-10,S006,Crane,0
2025-03-10,S006,Loader,0
2025-03-10,S006,Roller,1
2025-03-10,S007,Excavator,0
2025-03-10,S007,Bulldozer,0
2025-03-10,S007,Grader,1
2025-03-10,S007,Crane,0
2025-03-10,S007,Loader,0
2025-03-10,S007,Roller,0
2025-03-10,S008,Excavator,1
2025-03-10,S008,Bulldozer,0
2025-03-10,S008,Grader,0
2025-03-10,S008,Crane,0
2025-03-10,S008,Loader,0
2025-03-10,S008,Roller,4
2025-03-10,S009,Excavator,4
2025-03-10,S009,Bulldozer,0
2025-03-10,S009,Grader,1
2025-03-10,S009,Crane,0
2025-03-10,S009,Loader,0
2025-03-10,S009,Roller,2
2025-03-10,S010,Excavator,0
2025-03-10,S010,Bulldozer,1
2025-03-10,S010,Grader,2
2025-03-10,S010,Crane,0
2025-03-10,S010,Loader,1
2025-03-10,S010,Roller,0
2025-03-17,S001,Excavator,1
2025-03-17,S001,Bulldozer,1
2025-03-17,S001,Grader,0
2025-03-17,S001,Crane,0
2025-03-17,S001,Loader,1
2025-03-17,S001,Roller,0
2025-03-17,S002,Excavator,0
2025-03-17,S002,Bulldozer,0
2025-03-17,S002,Grader,0
2025-03-17,S002,Crane,0
2025-03-17,S002,Loader,0
2025-03-17,S002,Roller,1
2025-03-17,S003,Excavator,0
2025-03-17,S003,Bulldozer,0
2025-03-17,S003,Grader,1
2025-03-17,S003,Crane,1
2025-03-17,S003,Loader,2
2025-03-17,S003,Roller,2
2025-03-17,S004,Excavator,2
2025-03-17,S004,Bulldozer,1
2025-03-17,S004,Grader,0
2025-03-17,S004,Crane,1
2025-03-17,S004,Loader,1
2025-03-17,S004,Roller,1
2025-03-17,S005,Excavator,1
2025-03-17,S005,Bulldozer,2
2025-03-17,S005,Grader,0
2025-03-17,S005,Crane,0
2025-03-17,S005,Loader,1
2025-03-17,S005,Roller,0
2025-03-17,S006,Excavator,0
2025-03-17,S006,Bulldozer,0
2025-03-17,S006,Grader,1
2025-03-17,S006,Crane,1
2025-03-17,S006,Loader,0
2025-03-17,S006,Roller,0
2025-03-17,S007,Excavator,1
2025-03-17,S007,Bulldozer,0
2025-03-17,S007,Grader,1
2025-03-17,S007,Crane,0
2025-03-17,S007,Loader,0
2025-03-17,S007,Roller,0
2025-03-17,S008,Excavator,1
2025-03-17,S008,Bulldozer,0
2025-03-17,S008,Grader,0
2025-03-17,S008,Crane,1
2025-03-17,S008,Loader,0
2025-03-17,S008,Roller,4
2025-03-17,S009,Excavator,2
2025-03-17,S009,Bulldozer,0
2025-03-17,S009,Grader,1
2025-03-17,S009,Crane,0
2025-03-17,S009,Loader,0
2025-03-17,S009,Roller,2
2025-03-17,S010,Excavator,0
2025-03-17,S010,Bulldozer,1
2025-03-17,S010,Grader,2
2025-03-17,S010,Crane,0
2025-03-17,S010,Loader,0
2025-03-17,S010,Roller,0
2025-03-24,S001,Excavator,1
2025-03-24,S001,Bulldozer,2
2025-03-24,S001,Grader,1
2025-03-24,S001,Crane,0
2025-03-24,S001,Loader,1
2025-03-24,S001,Roller,0
2025-03-24,S002,Excavator,1
2025-03-24,S002,Bulldozer,0
2025-03-24,S002,Grader,0
2025-03-24,S002,Crane,1
2025-03-24,S002,Loader,1
2025-03-24,S002,Roller,1
2025-03-24,S003,Excavator,0
2025-03-24,S003,Bulldozer,0
2025-03-24,S003,Grader,0
2025-03-24,S003,Crane,0
2025-03-24,S003,Loader,2
2025-03-24,S003,Roller,2
2025-03-24,S004,Excavator,1
2025-03-24,S004,Bulldozer,1
2025-03-24,S004,Grader,0
2025-03-24,S004,Crane,1
2025-03-24,S004,Loader,1
2025-03-24,S004,Roller,0
2025-03-24,S005,Excavator,1
2025-03-24,S005,Bulldozer,2
2025-03-24,S005,Grader,1
2025-03-24,S005,Crane,0
2025-03-24,S005,Loader,0
2025-03-24,S005,Roller,0
2025-03-24,S006,Excavator,0
2025-03-24,S006,Bulldozer,0
2025-03-24,S006,Grader,0
2025-03-24,S006,Crane,1
2025-03-24,S006,Loader,0
2025-03-24,S006,Roller,0
2025-03-24,S007,Excavator,1
2025-03-24,S007,Bulldozer,0
2025-03-24,S007,Grader,1
2025-03-24,S007,Crane,1
2025-03-24,S007,Loader,0
2025-03-24,S007,Roller,0
2025-03-24,S008,Excavator,1
2025-03-24,S008,Bulldozer,0
2025-03-24,S008,Grader,0
2025-03-24,S008,Crane,1
2025-03-24,S008,Loader,1
2025-03-24,S008,Roller,3
2025-03-24,S009,Excavator,2
2025-03-24,S009,Bulldozer,0
2025-03-24,S009,Grader,1
2025-03-24,S009,Crane,0
2025-03-24,S009,Loader,0
2025-03-24,S009,Roller,1
2025-03-24,S010,Excavator,0
2025-03-24,S010,Bulldozer,0
2025-03-24,S010,Grader,1
2025-03-24,S010,Crane,0
2025-03-24,S010,Loader,0
2025-03-24,S010,Roller,0
2025-03-31,S001,Excavator,1
2025-03-31,S001,Bulldozer,2
2025-03-31,S001,Grader,1
2025-03-31,S001,Crane,0
2025-03-31,S001,Loader,1
2025-03-31,S001,Roller,0
2025-03-31,S002,Excavator,1
2025-03-31,S002,Bulldozer,0
2025-03-31,S002,Grader,0
2025-03-31,S002,Crane,1
2025-03-31,S002,Loader,3
2025-03-31,S002,Roller,1
2025-03-31,S003,Excavator,0
2025-03-31,S003,Bulldozer,0
2025-03-31,S003,Grader,0
2025-03-31,S003,Crane,0
2025-03-31,S003,Loader,1
2025-03-31,S003,Roller,1
2025-03-31,S004,Excavator,1
2025-03-31,S004,Bulldozer,0
2025-03-31,S004,Grader,0
2025-03-31,S004,Crane,0
2025-03-31,S004,Loader,1
2025-03-31,S004,Roller,0
2025-03-31,S005,Excavator,1
2025-03-31,S005,Bulldozer,0
2025-03-31,S005,Grader,1
2025-03-31,S005,Crane,0
2025-03-31,S005,Loader,0
2025-03-31,S005,Roller,1
2025-03-31,S006,Excavator,0
2025-03-31,S006,Bulldozer,0
2025-03-31,S006,Grader,0
2025-03-31,S006,Crane,1
2025-03-31,S006,Loader,0
2025-03-31,S006,Roller,0
2025-03-31,S007,Excavator,1
2025-03-31,S007,Bulldozer,1
2025-03-31,S007,Grader,3
2025-03-31,S007,Crane,1
2025-03-31,S007,Loader,0
2025-03-31,S007,Roller,0
2025-03-31,S008,Excavator,1
2025-03-31,S008,Bulldozer,0
2025-03-31,S008,Grader,0
2025-03-31,S008,Crane,1
2025-03-31,S008,Loader,1
2025-03-31,S008,Roller,4
2025-03-31,S009,Excavator,0
2025-03-31,S009,Bulldozer,0
2025-03-31,S009,Grader,1
2025-03-31,S009,Crane,0
2025-03-31,S009,Loader,0
2025-03-31,S009,Roller,1
2025-03-31,S010,Excavator,0
2025-03-31,S010,Bulldozer,0
2025-03-31,S010,Grader,1
2025-03-31,S010,Crane,1
2025-03-31,S010,Loader,0
2025-03-31,S010,Roller,0
2025-04-07,S001,Excavator,1
2025-04-07,S001,Bulldozer,0
2025-04-07,S001,Grader,1
2025-04-07,S001,Crane,0
2025-04-07,S001,Loader,0
2025-04-07,S001,Roller,0
2025-04-07,S002,Excavator,0
2025-04-07,S002,Bulldozer,0
2025-04-07,S002,Grader,0
2025-04-07,S002,Crane,0
2025-04-07,S002,Loader,4
2025-04-07,S002,Roller,1
2025-04-07,S003,Excavator,0
2025-04-07,S003,Bulldozer,0
2025-04-07,S003,Grader,0
2025-04-07,S003,Crane,0
2025-04-07,S003,Loader,0
2025-04-07,S003,Roller,4
2025-04-07,S004,Excavator,0
2025-04-07,S004,Bulldozer,0
2025-04-07,S004,Grader,0
2025-04-07,S004,Crane,0
2025-04-07,S004,Loader,1
2025-04-07,S004,Roller,0
2025-04-07,S005,Excavator,1
2025-04-07,S005,Bulldozer,0
2025-04-07,S005,Grader,1
2025-04-07,S005,Crane,1
2025-04-07,S005,Loader,1
2025-04-07,S005,Roller,1
2025-04-07,S006,Excavator,0
2025-04-07,S006,Bulldozer,0
2025-04-07,S006,Grader,0
2025-04-07,S006,Crane,1
2025-04-07,S006,Loader,1
2025-04-07,S006,Roller,3
2025-04-07,S007,Excavator,0
2025-04-07,S007,Bulldozer,1
2025-04-07,S007,Grader,3
2025-04-07,S007,Crane,1
2025-04-07,S007,Loader,0
2025-04-07,S007,Roller,4
2025-04-07,S008,Excavator,1
2025-04-07,S008,Bulldozer,0
2025-04-07,S008,Grader,0
2025-04-07,S008,Crane,0
2025-04-07,S008,Loader,1
2025-04-07,S008,Roller,4
2025-04-07,S009,Excavator,0
2025-04-07,S009,Bulldozer,1
2025-04-07,S009,Grader,0
2025-04-07,S009,Crane,0
2025-04-07,S009,Loader,0
2025-04-07,S009,Roller,1
2025-04-07,S010,Excavator,1
2025-04-07,S010,Bulldozer,0
2025-04-07,S010,Grader,0
2025-04-07,S010,Crane,1
2025-04-07,S010,Loader,0
2025-04-07,S010,Roller,1
2025-04-14,S001,Excavator,2
2025-04-14,S001,Bulldozer,0
2025-04-14,S001,Grader,0
2025-04-14,S001,Crane,0
2025-04-14,S001,Loader,0
2025-04-14,S001,Roller,0
2025-04-14,S002,Excavator,0
2025-04-14,S002,Bulldozer,0
2025-04-14,S002,Grader,0
2025-04-14,S002,Crane,1
2025-04-14,S002,Loader,4
2025-04-14,S002,Roller,0
2025-04-14,S003,Excavator,0
2025-04-14,S003,Bulldozer,0
2025-04-14,S003,Grader,0
2025-04-14,S003,Crane,1
2025-04-14,S003,Loader,0
2025-04-14,S003,Roller,4
2025-04-14,S004,Excavator,0
2025-04-14,S004,Bulldozer,0
2025-04-14,S004,Grader,0
2025-04-14,S004,Crane,0
2025-04-14,S004,Loader,0
2025-04-14,S004,Roller,0
2025-04-14,S005,Excavator,1
2025-04-14,S005,Bulldozer,0
2025-04-14,S005,Grader,1
2025-04-14,S005,Crane,1
2025-04-14,S005,Loader,1
2025-04-14,S005,Roller,1
2025-04-14,S006,Excavator,1
2025-04-14,S006,Bulldozer,0
2025-04-14,S006,Grader,0
2025-04-14,S006,Crane,0
2025-04-14,S006,Loader,1
2025-04-14,S006,Roller,3
2025-04-14,S007,Excavator,0
2025-04-14,S007,Bulldozer,0
2025-04-14,S007,Grader,1
2025-04-14,S007,Crane,1
2025-04-14,S007,Loader,0
2025-04-14,S007,Roller,4
2025-04-14,S008,Excavator,1
2025-04-14,S008,Bulldozer,0
2025-04-14,S008,Grader,0
2025-04-14,S008,Crane,0
2025-04-14,S008,Loader,1
2025-04-14,S008,Roller,1
2025-04-14,S009,Excavator,0
2025-04-14,S009,Bulldozer,1
2025-04-14,S009,Grader,0
2025-04-14,S009,Crane,1
2025-04-14,S009,Loader,0
2025-04-14,S009,Roller,1
2025-04-14,S010,Excavator,1
2025-04-14,S010,Bulldozer,0
2025-04-14,S010,Grader,0
2025-04-14,S010,Crane,1
2025-04-14,S010,Loader,1
2025-04-14,S010,Roller,1
2025-04-21,S001,Excavator,3
2025-04-21,S001,Bulldozer,0
2025-04-21,S001,Grader,0
2025-04-21,S001,Crane,1
2025-04-21,S001,Loader,1
2025-04-21,S001,Roller,1
2025-04-21,S002,Excavator,1
2025-04-21,S002,Bulldozer,0
2025-04-21,S002,Grader,0
2025-04-21,S002,Crane,2
2025-04-21,S002,Loader,1
2025-04-21,S002,Roller,0
2025-04-21,S003,Excavator,0
2025-04-21,S003,Bulldozer,2
2025-04-21,S003,Grader,0
2025-04-21,S003,Crane,1
2025-04-21,S003,Loader,0
2025-04-21,S003,Roller,3
2025-04-21,S004,Excavator,0
2025-04-21,S004,Bulldozer,0
2025-04-21,S004,Grader,0
2025-04-21,S004,Crane,0
2025-04-21,S004,Loader,0
2025-04-21,S004,Roller,0
2025-04-21,S005,Excavator,1
2025-04-21,S005,Bulldozer,1
2025-04-21,S005,Grader,1
2025-04-21,S005,Crane,1
2025-04-21,S005,Loader,0
2025-04-21,S005,Roller,0
2025-04-21,S006,Excavator,1
2025-04-21,S006,Bulldozer,2
2025-04-21,S006,Grader,0
2025-04-21,S006,Crane,0
2025-04-21,S006,Loader,0
2025-04-21,S006,Roller,3
2025-04-21,S007,Excavator,0
2025-04-21,S007,Bulldozer,0
2025-04-21,S007,Grader,0
2025-04-21,S007,Crane,2
2025-04-21,S007,Loader,0
2025-04-21,S007,Roller,3
2025-04-21,S008,Excavator,1
2025-04-21,S008,Bulldozer,0
2025-04-21,S008,Grader,0
2025-04-21,S008,Crane,0
2025-04-21,S008,Loader,1
2025-04-21,S008,Roller,0
2025-04-21,S009,Excavator,0
2025-04-21,S009,Bulldozer,0
2025-04-21,S009,Grader,0
2025-04-21,S009,Crane,1
2025-04-21,S009,Loader,1
2025-04-21,S009,Roller,0
2025-04-21,S010,Excavator,0
2025-04-21,S010,Bulldozer,2
2025-04-21,S010,Grader,0
2025-04-21,S010,Crane,1
2025-04-21,S010,Loader,1
2025-04-21,S010,Roller,1
2025-04-28,S001,Excavator,3
2025-04-28,S001,Bulldozer,2
2025-04-28,S001,Grader,0
2025-04-28,S001,Crane,1
2025-04-28,S001,Loader,2
2025-04-28,S001,Roller,1
2025-04-28,S002,Excavator,1
2025-04-28,S002,Bulldozer,0
2025-04-28,S002,Grader,0
2025-04-28,S002,Crane,2
2025-04-28,S002,Loader,1
2025-04-28,S002,Roller,0
2025-04-28,S003,Excavator,0
2025-04-28,S003,Bulldozer,2
2025-04-28,S003,Grader,0
2025-04-28,S003,Crane,1
2025-04-28,S003,Loader,0
2025-04-28,S003,Roller,1
2025-04-28,S004,Excavator,0
2025-04-28,S004,Bulldozer,0
2025-04-28,S004,Grader,0
2025-04-28,S004,Crane,1
2025-04-28,S004,Loader,1
2025-04-28,S004,Roller,0
2025-04-28,S005,Excavator,0
2025-04-28,S005,Bulldozer,1
2025-04-28,S005,Grader,1
2025-04-28,S005,Crane,1
2025-04-28,S005,Loader,1
2025-04-28,S005,Roller,0
2025-04-28,S006,Excavator,0
2025-04-28,S006,Bulldozer,2
2025-04-28,S006,Grader,1
2025-04-28,S006,Crane,1
2025-04-28,S006,Loader,1
2025-04-28,S006,Roller,2
2025-04-28,S007,Excavator,0
2025-04-28,S007,Bulldozer,0
2025-04-28,S007,Grader,0
2025-04-28,S007,Crane,2
2025-04-28,S007,Loader,0
2025-04-28,S007,Roller,1
2025-04-28,S008,Excavator,1
2025-04-28,S008,Bulldozer,0
2025-04-28,S008,Grader,0
2025-04-28,S008,Crane,0
2025-04-28,S008,Loader,1
2025-04-28,S008,Roller,0
2025-04-28,S009,Excavator,0
2025-04-28,S009,Bulldozer,0
2025-04-28,S009,Grader,0
2025-04-28,S009,Crane,0
2025-04-28,S009,Loader,1
2025-04-28,S009,Roller,0
2025-04-28,S010,Excavator,1
2025-04-28,S010,Bulldozer,2
2025-04-28,S010,Grader,0
2025-04-28,S010,Crane,1
2025-04-28,S010,Loader,1
2025-04-28,S010,Roller,1
2025-05-05,S001,Excavator,4
2025-05-05,S001,Bulldozer,2
2025-05-05,S001,Grader,1
2025-05-05,S001,Crane,0
2025-05-05,S001,Loader,2
2025-05-05,S001,Roller,0
2025-05-05,S002,Excavator,1
2025-05-05,S002,Bulldozer,1
2025-05-05,S002,Grader,0
2025-05-05,S002,Crane,0
2025-05-05,S002,Loader,2
2025-05-05,S002,Roller,0
2025-05-05,S003,Excavator,0
2025-05-05,S003,Bulldozer,0
2025-05-05,S003,Grader,0
2025-05-05,S003,Crane,1
2025-05-05,S003,Loader,1
2025-05-05,S003,Roller,1
2025-05-05,S004,Excavator,1
2025-05-05,S004,Bulldozer,0
2025-05-05,S004,Grader,0
2025-05-05,S004,Crane,1
2025-05-05,S004,Loader,1
2025-05-05,S004,Roller,0
2025-05-05,S005,Excavator,0
2025-05-05,S005,Bulldozer,0
2025-05-05,S005,Grader,0
2025-05-05,S005,Crane,2
2025-05-05,S005,Loader,1
2025-05-05,S005,Roller,0
2025-05-05,S006,Excavator,0
2025-05-05,S006,Bulldozer,0
2025-05-05,S006,Grader,1
2025-05-05,S006,Crane,1
2025-05-05,S006,Loader,1
2025-05-05,S006,Roller,1
2025-05-05,S007,Excavator,0
2025-05-05,S007,Bulldozer,0
2025-05-05,S007,Grader,0
2025-05-05,S007,Crane,1
2025-05-05,S007,Loader,0
2025-05-05,S007,Roller,0
2025-05-05,S008,Excavator,1
2025-05-05,S008,Bulldozer,0
2025-05-05,S008,Grader,1
2025-05-05,S008,Crane,0
2025-05-05,S008,Loader,1
2025-05-05,S008,Roller,0
2025-05-05,S009,Excavator,0
2025-05-05,S009,Bulldozer,0
2025-05-05,S009,Grader,0
2025-05-05,S009,Crane,0
2025-05-05,S009,Loader,1
2025-05-05,S009,Roller,0
2025-05-05,S010,Excavator,1
2025-05-05,S010,Bulldozer,1
2025-05-05,S010,Grader,0
2025-05-05,S010,Crane,1
2025-05-05,S010,Loader,2
2025-05-05,S010,Roller,1
2025-05-12,S001,Excavator,5
2025-05-12,S001,Bulldozer,0
2025-05-12,S001,Grader,2
2025-05-12,S001,Crane,0
2025-05-12,S001,Loader,1
2025-05-12,S001,Roller,2
2025-05-12,S002,Excavator,0
2025-05-12,S002,Bulldozer,1
2025-05-12,S002,Grader,0
2025-05-12,S002,Crane,1
2025-05-12,S002,Loader,2
2025-05-12,S002,Roller,0
2025-05-12,S003,Excavator,0
2025-05-12,S003,Bulldozer,0
2025-05-12,S003,Grader,0
2025-05-12,S003,Crane,0
2025-05-12,S003,Loader,1
2025-05-12,S003,Roller,1
2025-05-12,S004,Excavator,1
2025-05-12,S004,Bulldozer,0
2025-05-12,S004,Grader,0
2025-05-12,S004,Crane,1
2025-05-12,S004,Loader,1
2025-05-12,S004,Roller,0
2025-05-12,S005,Excavator,0
2025-05-12,S005,Bulldozer,0
2025-05-12,S005,Grader,0
2025-05-12,S005,Crane,2
2025-05-12,S005,Loader,0
2025-05-12,S005,Roller,0
2025-05-12,S006,Excavator,0
2025-05-12,S006,Bulldozer,0
2025-05-12,S006,Grader,1
2025-05-12,S006,Crane,0
2025-05-12,S006,Loader,0
2025-05-12,S006,Roller,1
2025-05-12,S007,Excavator,0
2025-05-12,S007,Bulldozer,0
2025-05-12,S007,Grader,0
2025-05-12,S007,Crane,1
2025-05-12,S007,Loader,0
2025-05-12,S007,Roller,0
2025-05-12,S008,Excavator,1
2025-05-12,S008,Bulldozer,0
2025-05-12,S008,Grader,1
2025-05-12,S008,Crane,1
2025-05-12,S008,Loader,1
2025-05-12,S008,Roller,0
2025-05-12,S009,Excavator,0
2025-05-12,S009,Bulldozer,0
2025-05-12,S009,Grader,0
2025-05-12,S009,Crane,0
2025-05-12,S009,Loader,0
2025-05-12,S009,Roller,0
2025-05-12,S010,Excavator,1
2025-05-12,S010,Bulldozer,1
2025-05-12,S010,Grader,0
2025-05-12,S010,Crane,1
2025-05-12,S010,Loader,3
2025-05-12,S010,Roller,0
2025-05-19,S001,Excavator,5
2025-05-19,S001,Bulldozer,1
2025-05-19,S001,Grader,2
2025-05-19,S001,Crane,1
2025-05-19,S001,Loader,1
2025-05-19,S001,Roller,2
2025-05-19,S002,Excavator,1
2025-05-19,S002,Bulldozer,0
2025-05-19,S002,Grader,0
2025-05-19,S002,Crane,1
2025-05-19,S002,Loader,0
2025-05-19,S002,Roller,0
2025-05-19,S003,Excavator,0
2025-05-19,S003,Bulldozer,0
2025-05-19,S003,Grader,0
2025-05-19,S003,Crane,0
2025-05-19,S003,Loader,0
2025-05-19,S003,Roller,1
2025-05-19,S004,Excavator,0
2025-05-19,S004,Bulldozer,1
2025-05-19,S004,Grader,0
2025-05-19,S004,Crane,0
2025-05-19,S004,Loader,1
2025-05-19,S004,Roller,0
2025-05-19,S005,Excavator,0
2025-05-19,S005,Bulldozer,1
2025-05-19,S005,Grader,0
2025-05-19,S005,Crane,1
2025-05-19,S005,Loader,0
2025-05-19,S005,Roller,0
2025-05-19,S006,Excavator,0
2025-05-19,S006,Bulldozer,0
2025-05-19,S006,Grader,1
2025-05-19,S006,Crane,0
2025-05-19,S006,Loader,0
2025-05-19,S006,Roller,1
2025-05-19,S007,Excavator,0
2025-05-19,S007,Bulldozer,0
2025-05-19,S007,Grader,0
2025-05-19,S007,Crane,0
2025-05-19,S007,Loader,0
2025-05-19,S007,Roller,0
2025-05-19,S008,Excavator,1
2025-05-19,S008,Bulldozer,0
2025-05-19,S008,Grader,2
2025-05-19,S008,Crane,1
2025-05-19,S008,Loader,1
2025-05-19,S008,Roller,1
2025-05-19,S009,Excavator,0
2025-05-19,S009,Bulldozer,0
2025-05-19,S009,Grader,0
2025-05-19,S009,Crane,1
2025-05-19,S009,Loader,0
2025-05-19,S009,Roller,0
2025-05-19,S010,Excavator,1
2025-05-19,S010,Bulldozer,1
2025-05-19,S010,Grader,1
2025-05-19,S010,Crane,1
2025-05-19,S010,Loader,3
2025-05-19,S010,Roller,0
2025-05-26,S001,Excavator,0
2025-05-26,S001,Bulldozer,2
2025-05-26,S001,Grader,3
2025-05-26,S001,Crane,1
2025-05-26,S001,Loader,1
2025-05-26,S001,Roller,1
2025-05-26,S002,Excavator,1
2025-05-26,S002,Bulldozer,0
2025-05-26,S002,Grader,0
2025-05-26,S002,Crane,1
2025-05-26,S002,Loader,0
2025-05-26,S002,Roller,0
2025-05-26,S003,Excavator,0
2025-05-26,S003,Bulldozer,0
2025-05-26,S003,Grader,0
2025-05-26,S003,Crane,0
2025-05-26,S003,Loader,1
2025-05-26,S003,Roller,1
2025-05-26,S004,Excavator,0
2025-05-26,S004,Bulldozer,1
2025-05-26,S004,Grader,0
2025-05-26,S004,Crane,0
2025-05-26,S004,Loader,1
2025-05-26,S004,Roller,0
2025-05-26,S005,Excavator,0
2025-05-26,S005,Bulldozer,1
2025-05-26,S005,Grader,1
2025-05-26,S005,Crane,0
2025-05-26,S005,Loader,0
2025-05-26,S005,Roller,0
2025-05-26,S006,Excavator,1
2025-05-26,S006,Bulldozer,0
2025-05-26,S006,Grader,0
2025-05-26,S006,Crane,0
2025-05-26,S006,Loader,0
2025-05-26,S006,Roller,1
2025-05-26,S007,Excavator,0
2025-05-26,S007,Bulldozer,0
2025-05-26,S007,Grader,0
2025-05-26,S007,Crane,0
2025-05-26,S007,Loader,0
2025-05-26,S007,Roller,0
2025-05-26,S008,Excavator,1
2025-05-26,S008,Bulldozer,0
2025-05-26,S008,Grader,2
2025-05-26,S008,Crane,1
2025-05-26,S008,Loader,1
2025-05-26,S008,Roller,2
2025-05-26,S009,Excavator,0
2025-05-26,S009,Bulldozer,1
2025-05-26,S009,Grader,0
2025-05-26,S009,Crane,1
2025-05-26,S009,Loader,0
2025-05-26,S009,Roller,0
2025-05-26,S010,Excavator,0
2025-05-26,S010,Bulldozer,1
2025-05-26,S010,Grader,1
2025-05-26,S010,Crane,1
2025-05-26,S010,Loader,0
2025-05-26,S010,Roller,0
2025-06-02,S001,Excavator,0
2025-06-02,S001,Bulldozer,2
2025-06-02,S001,Grader,3
2025-06-02,S001,Crane,0
2025-06-02,S001,Loader,0
2025-06-02,S001,Roller,1
2025-06-02,S002,Excavator,1
2025-06-02,S002,Bulldozer,1
2025-06-02,S002,Grader,0
2025-06-02,S002,Crane,3
2025-06-02,S002,Loader,0
2025-06-02,S002,Roller,0
2025-06-02,S003,Excavator,0
2025-06-02,S003,Bulldozer,0
2025-06-02,S003,Grader,0
2025-06-02,S003,Crane,0
2025-06-02,S003,Loader,1
2025-06-02,S003,Roller,1
2025-06-02,S004,Excavator,0
2025-06-02,S004,Bulldozer,0
2025-06-02,S004,Grader,0
2025-06-02,S004,Crane,0
2025-06-02,S004,Loader,0
2025-06-02,S004,Roller,0
2025-06-02,S005,Excavator,0
2025-06-02,S005,Bulldozer,0
2025-06-02,S005,Grader,1
2025-06-02,S005,Crane,1
2025-06-02,S005,Loader,1
2025-06-02,S005,Roller,1
2025-06-02,S006,Excavator,1
2025-06-02,S006,Bulldozer,1
2025-06-02,S006,Grader,0
2025-06-02,S006,Crane,0
2025-06-02,S006,Loader,0
2025-06-02,S006,Roller,0
2025-06-02,S007,Excavator,0
2025-06-02,S007,Bulldozer,0
2025-06-02,S007,Grader,0
2025-06-02,S007,Crane,0
2025-06-02,S007,Loader,0
2025-06-02,S007,Roller,0
2025-06-02,S008,Excavator,1
2025-06-02,S008,Bulldozer,1
2025-06-02,S008,Grader,2
2025-06-02,S008,Crane,0
2025-06-02,S008,Loader,0
2025-06-02,S008,Roller,2
2025-06-02,S009,Excavator,0
2025-06-02,S009,Bulldozer,2
2025-06-02,S009,Grader,0
2025-06-02,S009,Crane,0
2025-06-02,S009,Loader,0
2025-06-02,S009,Roller,0
2025-06-02,S010,Excavator,1
2025-06-02,S010,Bulldozer,0
2025-06-02,S010,Grader,1
2025-06-02,S010,Crane,2
2025-06-02,S010,Loader,1
2025-06-02,S010,Roller,0
2025-06-09,S001,Excavator,0
2025-06-09,S001,Bulldozer,1
2025-06-09,S001,Grader,1
2025-06-09,S001,Crane,1
2025-06-09,S001,Loader,1
2025-06-09,S001,Roller,0
2025-06-09,S002,Excavator,1
2025-06-09,S002,Bulldozer,1
2025-06-09,S002,Grader,1
2025-06-09,S002,Crane,3
2025-06-09,S002,Loader,2
2025-06-09,S002,Roller,0
2025-06-09,S003,Excavator,0
2025-06-09,S003,Bulldozer,0
2025-06-09,S003,Grader,0
2025-06-09,S003,Crane,0
2025-06-09,S003,Loader,1
2025-06-09,S003,Roller,1
2025-06-09,S004,Excavator,0
2025-06-09,S004,Bulldozer,1
2025-06-09,S004,Grader,0
2025-06-09,S004,Crane,0
2025-06-09,S004,Loader,1
2025-06-09,S004,Roller,0
2025-06-09,S005,Excavator,0
2025-06-09,S005,Bulldozer,0
2025-06-09,S005,Grader,1
2025-06-09,S005,Crane,1
2025-06-09,S005,Loader,1
2025-06-09,S005,Roller,1
2025-06-09,S006,Excavator,0
2025-06-09,S006,Bulldozer,1
2025-06-09,S006,Grader,0
2025-06-09,S006,Crane,0
2025-06-09,S006,Loader,0
2025-06-09,S006,Roller,0
2025-06-09,S007,Excavator,0
2025-06-09,S007,Bulldozer,0
2025-06-09,S007,Grader,0
2025-06-09,S007,Crane,0
2025-06-09,S007,Loader,0
2025-06-09,S007,Roller,0
2025-06-09,S008,Excavator,0
2025-06-09,S008,Bulldozer,1
2025-06-09,S008,Grader,0
2025-06-09,S008,Crane,1
2025-06-09,S008,Loader,0
2025-06-09,S008,Roller,0
2025-06-09,S009,Excavator,0
2025-06-09,S009,Bulldozer,2
2025-06-09,S009,Grader,0
2025-06-09,S009,Crane,0
2025-06-09,S009,Loader,1
2025-06-09,S009,Roller,0
2025-06-09,S010,Excavator,1
2025-06-09,S010,Bulldozer,0
2025-06-09,S010,Grader,1
2025-06-09,S010,Crane,2
2025-06-09,S010,Loader,1
2025-06-09,S010,Roller,1
2025-06-16,S001,Excavator,2
2025-06-16,S001,Bulldozer,2
2025-06-16,S001,Grader,0
2025-06-16,S001,Crane,1
2025-06-16,S001,Loader,1
2025-06-16,S001,Roller,0
2025-06-16,S002,Excavator,1
2025-06-16,S002,Bulldozer,0
2025-06-16,S002,Grader,1
2025-06-16,S002,Crane,2
2025-06-16,S002,Loader,2
2025-06-16,S002,Roller,0
2025-06-16,S003,Excavator,0
2025-06-16,S003,Bulldozer,0
2025-06-16,S003,Grader,0
2025-06-16,S003,Crane,0
2025-06-16,S003,Loader,1
2025-06-16,S003,Roller,1
2025-06-16,S004,Excavator,0
2025-06-16,S004,Bulldozer,1
2025-06-16,S004,Grader,0
2025-06-16,S004,Crane,0
2025-06-16,S004,Loader,1
2025-06-16,S004,Roller,0
2025-06-16,S005,Excavator,0
2025-06-16,S005,Bulldozer,0
2025-06-16,S005,Grader,1
2025-06-16,S005,Crane,0
2025-06-16,S005,Loader,0
2025-06-16,S005,Roller,0
2025-06-16,S006,Excavator,1
2025-06-16,S006,Bulldozer,0
2025-06-16,S006,Grader,0
2025-06-16,S006,Crane,2
2025-06-16,S006,Loader,0
2025-06-16,S006,Roller,0
2025-06-16,S007,Excavator,1
2025-06-16,S007,Bulldozer,1
2025-06-16,S007,Grader,0
2025-06-16,S007,Crane,0
2025-06-16,S007,Loader,0
2025-06-16,S007,Roller,0
2025-06-16,S008,Excavator,0
2025-06-16,S008,Bulldozer,0
2025-06-16,S008,Grader,0
2025-06-16,S008,Crane,1
2025-06-16,S008,Loader,0
2025-06-16,S008,Roller,0
2025-06-16,S009,Excavator,0
2025-06-16,S009,Bulldozer,0
2025-06-16,S009,Grader,1
2025-06-16,S009,Crane,0
2025-06-16,S009,Loader,1
2025-06-16,S009,Roller,0
2025-06-16,S010,Excavator,1
2025-06-16,S010,Bulldozer,1
2025-06-16,S010,Grader,0
2025-06-16,S010,Crane,0
2025-06-16,S010,Loader,1
2025-06-16,S010,Roller,1
2025-06-23,S001,Excavator,2
2025-06-23,S001,Bulldozer,2
2025-06-23,S001,Grader,0
2025-06-23,S001,Crane,1
2025-06-23,S001,Loader,0
2025-06-23,S001,Roller,0
2025-06-23,S002,Excavator,1
2025-06-23,S002,Bulldozer,1
2025-06-23,S002,Grader,1
2025-06-23,S002,Crane,1
2025-06-23,S002,Loader,0
2025-06-23,S002,Roller,0
2025-06-23,S003,Excavator,0
2025-06-23,S003,Bulldozer,0
2025-06-23,S003,Grader,1
2025-06-23,S003,Crane,0
2025-06-23,S003,Loader,0
2025-06-23,S003,Roller,1
2025-06-23,S004,Excavator,0
2025-06-23,S004,Bulldozer,1
2025-06-23,S004,Grader,0
2025-06-23,S004,Crane,0
2025-06-23,S004,Loader,0
2025-06-23,S004,Roller,0
2025-06-23,S005,Excavator,0
2025-06-23,S005,Bulldozer,1
2025-06-23,S005,Grader,2
2025-06-23,S005,Crane,1
2025-06-23,S005,Loader,1
2025-06-23,S005,Roller,1
2025-06-23,S006,Excavator,1
2025-06-23,S006,Bulldozer,0
2025-06-23,S006,Grader,1
2025-06-23,S006,Crane,2
2025-06-23,S006,Loader,0
2025-06-23,S006,Roller,0
2025-06-23,S007,Excavator,1
2025-06-23,S007,Bulldozer,1
2025-06-23,S007,Grader,1
2025-06-23,S007,Crane,0
2025-06-23,S007,Loader,0
2025-06-23,S007,Roller,0
2025-06-23,S008,Excavator,0
2025-06-23,S008,Bulldozer,0
2025-06-23,S008,Grader,0
2025-06-23,S008,Crane,0
2025-06-23,S008,Loader,1
2025-06-23,S008,Roller,0
2025-06-23,S009,Excavator,0
2025-06-23,S009,Bulldozer,0
2025-06-23,S009,Grader,1
2025-06-23,S009,Crane,0
2025-06-23,S009,Loader,1
2025-06-23,S009,Roller,0
2025-06-23,S010,Excavator,1
2025-06-23,S010,Bulldozer,1
2025-06-23,S010,Grader,0
2025-06-23,S010,Crane,0
2025-06-23,S010,Loader,1
2025-06-23,S010,Roller,1
2025-06-30,S001,Excavator,2
2025-06-30,S001,Bulldozer,1
2025-06-30,S001,Grader,2
2025-06-30,S001,Crane,0
2025-06-30,S001,Loader,0
2025-06-30,S001,Roller,0
2025-06-30,S002,Excavator,1
2025-06-30,S002,Bulldozer,1
2025-06-30,S002,Grader,0
2025-06-30,S002,Crane,1
2025-06-30,S002,Loader,1
2025-06-30,S002,Roller,0
2025-06-30,S003,Excavator,0
2025-06-30,S003,Bulldozer,0
2025-06-30,S003,Grader,3
2025-06-30,S003,Crane,0
2025-06-30,S003,Loader,0
2025-06-30,S003,Roller,1
2025-06-30,S004,Excavator,1
2025-06-30,S004,Bulldozer,1
2025-06-30,S004,Grader,0
2025-06-30,S004,Crane,0
2025-06-30,S004,Loader,0
2025-06-30,S004,Roller,0
2025-06-30,S005,Excavator,0
2025-06-30,S005,Bulldozer,1
2025-06-30,S005,Grader,2
2025-06-30,S005,Crane,1
2025-06-30,S005,Loader,1
2025-06-30,S005,Roller,1
2025-06-30,S006,Excavator,2
2025-06-30,S006,Bulldozer,0
2025-06-30,S006,Grader,1
2025-06-30,S006,Crane,1
2025-06-30,S006,Loader,0
2025-06-30,S006,Roller,0
2025-06-30,S007,Excavator,1
2025-06-30,S007,Bulldozer,1
2025-06-30,S007,Grader,1
2025-06-30,S007,Crane,0
2025-06-30,S007,Loader,0
2025-06-30,S007,Roller,0
2025-06-30,S008,Excavator,0
2025-06-30,S008,Bulldozer,0
2025-06-30,S008,Grader,0
2025-06-30,S008,Crane,0
2025-06-30,S008,Loader,1
2025-06-30,S008,Roller,0
2025-06-30,S009,Excavator,1
2025-06-30,S009,Bulldozer,0
2025-06-30,S009,Grader,3
2025-06-30,S009,Crane,0
2025-06-30,S009,Loader,0
2025-06-30,S009,Roller,0
2025-06-30,S010,Excavator,1
2025-06-30,S010,Bulldozer,0
2025-06-30,S010,Grader,0
2025-06-30,S010,Crane,0
2025-06-30,S010,Loader,0
2025-06-30,S010,Roller,1
2025-07-07,S001,Excavator,0
2025-07-07,S001,Bulldozer,1
2025-07-07,S001,Grader,2
2025-07-07,S001,Crane,1
2025-07-07,S001,Loader,1
2025-07-07,S001,Roller,1
2025-07-07,S002,Excavator,0
2025-07-07,S002,Bulldozer,1
2025-07-07,S002,Grader,0
2025-07-07,S002,Crane,0
2025-07-07,S002,Loader,1
2025-07-07,S002,Roller,0
2025-07-07,S003,Excavator,0
2025-07-07,S003,Bulldozer,0
2025-07-07,S003,Grader,3
2025-07-07,S003,Crane,0
2025-07-07,S003,Loader,0
2025-07-07,S003,Roller,1
2025-07-07,S004,Excavator,1
2025-07-07,S004,Bulldozer,1
2025-07-07,S004,Grader,1
2025-07-07,S004,Crane,1
2025-07-07,S004,Loader,1
2025-07-07,S004,Roller,0
2025-07-07,S005,Excavator,0
2025-07-07,S005,Bulldozer,1
2025-07-07,S005,Grader,0
2025-07-07,S005,Crane,0
2025-07-07,S005,Loader,0
2025-07-07,S005,Roller,1
2025-07-07,S006,Excavator,2
2025-07-07,S006,Bulldozer,0
2025-07-07,S006,Grader,1
2025-07-07,S006,Crane,0
2025-07-07,S006,Loader,0
2025-07-07,S006,Roller,1
2025-07-07,S007,Excavator,0
2025-07-07,S007,Bulldozer,1
2025-07-07,S007,Grader,0
2025-07-07,S007,Crane,1
2025-07-07,S007,Loader,1
2025-07-07,S007,Roller,0
2025-07-07,S008,Excavator,0
2025-07-07,S008,Bulldozer,0
2025-07-07,S008,Grader,0
2025-07-07,S008,Crane,0
2025-07-07,S008,Loader,1
2025-07-07,S008,Roller,0
2025-07-07,S009,Excavator,1
2025-07-07,S009,Bulldozer,0
2025-07-07,S009,Grader,3
2025-07-07,S009,Crane,0
2025-07-07,S009,Loader,0
2025-07-07,S009,Roller,1
2025-07-07,S010,Excavator,1
2025-07-07,S010,Bulldozer,1
2025-07-07,S010,Grader,1
2025-07-07,S010,Crane,0
2025-07-07,S010,Loader,1
2025-07-07,S010,Roller,1
2025-07-14,S001,Excavator,0
2025-07-14,S001,Bulldozer,1
2025-07-14,S001,Grader,0
2025-07-14,S001,Crane,1
2025-07-14,S001,Loader,1
2025-07-14,S001,Roller,1
2025-07-14,S002,Excavator,1
2025-07-14,S002,Bulldozer,1
2025-07-14,S002,Grader,0
2025-07-14,S002,Crane,0
2025-07-14,S002,Loader,1
2025-07-14,S002,Roller,0
2025-07-14,S003,Excavator,0
2025-07-14,S003,Bulldozer,0
2025-07-14,S003,Grader,2
2025-07-14,S003,Crane,0
2025-07-14,S003,Loader,1
2025-07-14,S003,Roller,1
2025-07-14,S004,Excavator,1
2025-07-14,S004,Bulldozer,1
2025-07-14,S004,Grader,1
2025-07-14,S004,Crane,1
2025-07-14,S004,Loader,1
2025-07-14,S004,Roller,0
2025-07-14,S005,Excavator,0
2025-07-14,S005,Bulldozer,1
2025-07-14,S005,Grader,0
2025-07-14,S005,Crane,0
2025-07-14,S005,Loader,0
2025-07-14,S005,Roller,0
2025-07-14,S006,Excavator,2
2025-07-14,S006,Bulldozer,0
2025-07-14,S006,Grader,1
2025-07-14,S006,Crane,0
2025-07-14,S006,Loader,0
2025-07-14,S006,Roller,1
2025-07-14,S007,Excavator,0
2025-07-14,S007,Bulldozer,1
2025-07-14,S007,Grader,0
2025-07-14,S007,Crane,1
2025-07-14,S007,Loader,1
2025-07-14,S007,Roller,0
2025-07-14,S008,Excavator,0
2025-07-14,S008,Bulldozer,0
2025-07-14,S008,Grader,0
2025-07-14,S008,Crane,0
2025-07-14,S008,Loader,1
2025-07-14,S008,Roller,0
2025-07-14,S009,Excavator,1
2025-07-14,S009,Bulldozer,1
2025-07-14,S009,Grader,3
2025-07-14,S009,Crane,0
2025-07-14,S009,Loader,0
2025-07-14,S009,Roller,1
2025-07-14,S010,Excavator,1
2025-07-14,S010,Bulldozer,1
2025-07-14,S010,Grader,1
2025-07-14,S010,Crane,0
2025-07-14,S010,Loader,1
2025-07-14,S010,Roller,0
2025-07-21,S001,Excavator,0
2025-07-21,S001,Bulldozer,1
2025-07-21,S001,Grader,0
2025-07-21,S001,Crane,1
2025-07-21,S001,Loader,1
2025-07-21,S001,Roller,1
2025-07-21,S002,Excavator,1
2025-07-21,S002,Bulldozer,0
2025-07-21,S002,Grader,0
2025-07-21,S002,Crane,0
2025-07-21,S002,Loader,1
2025-07-21,S002,Roller,0
2025-07-21,S003,Excavator,0
2025-07-21,S003,Bulldozer,0
2025-07-21,S003,Grader,1
2025-07-21,S003,Crane,0
2025-07-21,S003,Loader,1
2025-07-21,S003,Roller,1
2025-07-21,S004,Excavator,0
2025-07-21,S004,Bulldozer,1
2025-07-21,S004,Grader,0
2025-07-21,S004,Crane,0
2025-07-21,S004,Loader,0
2025-07-21,S004,Roller,1
2025-07-21,S005,Excavator,0
2025-07-21,S005,Bulldozer,0
2025-07-21,S005,Grader,0
2025-07-21,S005,Crane,0
2025-07-21,S005,Loader,0
2025-07-21,S005,Roller,0
2025-07-21,S006,Excavator,2
2025-07-21,S006,Bulldozer,1
2025-07-21,S006,Grader,1
2025-07-21,S006,Crane,0
2025-07-21,S006,Loader,0
2025-07-21,S006,Roller,0
2025-07-21,S007,Excavator,0
2025-07-21,S007,Bulldozer,1
2025-07-21,S007,Grader,0
2025-07-21,S007,Crane,1
2025-07-21,S007,Loader,1
2025-07-21,S007,Roller,0
2025-07-21,S008,Excavator,1
2025-07-21,S008,Bulldozer,1
2025-07-21,S008,Grader,0
2025-07-21,S008,Crane,0
2025-07-21,S008,Loader,1
2025-07-21,S008,Roller,0
2025-07-21,S009,Excavator,1
2025-07-21,S009,Bulldozer,1
2025-07-21,S009,Grader,2
2025-07-21,S009,Crane,0
2025-07-21,S009,Loader,0
2025-07-21,S009,Roller,1
2025-07-21,S010,Excavator,1
2025-07-21,S010,Bulldozer,1
2025-07-21,S010,Grader,1
2025-07-21,S010,Crane,0
2025-07-21,S010,Loader,1
2025-07-21,S010,Roller,1
2025-07-28,S001,Excavator,0
2025-07-28,S001,Bulldozer,1
2025-07-28,S001,Grader,0
2025-07-28,S001,Crane,1
2025-07-28,S001,Loader,1
2025-07-28,S001,Roller,0
2025-07-28,S002,Excavator,1
2025-07-28,S002,Bulldozer,1
2025-07-28,S002,Grader,0
2025-07-28,S002,Crane,0
2025-07-28,S002,Loader,0
2025-07-28,S002,Roller,0
2025-07-28,S003,Excavator,0
2025-07-28,S003,Bulldozer,0
2025-07-28,S003,Grader,1
2025-07-28,S003,Crane,0
2025-07-28,S003,Loader,0
2025-07-28,S003,Roller,1
2025-07-28,S004,Excavator,1
2025-07-28,S004,Bulldozer,1
2025-07-28,S004,Grader,0
2025-07-28,S004,Crane,0
2025-07-28,S004,Loader,0
2025-07-28,S004,Roller,1
2025-07-28,S005,Excavator,0
2025-07-28,S005,Bulldozer,0
2025-07-28,S005,Grader,1
2025-07-28,S005,Crane,0
2025-07-28,S005,Loader,0
2025-07-28,S005,Roller,0
2025-07-28,S006,Excavator,2
2025-07-28,S006,Bulldozer,1
2025-07-28,S006,Grader,0
2025-07-28,S006,Crane,0
2025-07-28,S006,Loader,1
2025-07-28,S006,Roller,0
2025-07-28,S007,Excavator,0
2025-07-28,S007,Bulldozer,0
2025-07-28,S007,Grader,0
2025-07-28,S007,Crane,1
2025-07-28,S007,Loader,0
2025-07-28,S007,Roller,0
2025-07-28,S008,Excavator,2
2025-07-28,S008,Bulldozer,1
2025-07-28,S008,Grader,0
2025-07-28,S008,Crane,0
2025-07-28,S008,Loader,1
2025-07-28,S008,Roller,0
2025-07-28,S009,Excavator,0
2025-07-28,S009,Bulldozer,1
2025-07-28,S009,Grader,2
2025-07-28,S009,Crane,0
2025-07-28,S009,Loader,1
2025-07-28,S009,Roller,1
2025-07-28,S010,Excavator,0
2025-07-28,S010,Bulldozer,1
2025-07-28,S010,Grader,1
2025-07-28,S010,Crane,1
2025-07-28,S010,Loader,0
2025-07-28,S010,Roller,1
2025-08-04,S001,Excavator,0
2025-08-04,S001,Bulldozer,0
2025-08-04,S001,Grader,0
2025-08-04,S001,Crane,0
2025-08-04,S001,Loader,1
2025-08-04,S001,Roller,0
2025-08-04,S002,Excavator,0
2025-08-04,S002,Bulldozer,1
2025-08-04,S002,Grader,1
2025-08-04,S002,Crane,0
2025-08-04,S002,Loader,0
2025-08-04,S002,Roller,1
2025-08-04,S003,Excavator,1
2025-08-04,S003,Bulldozer,0
2025-08-04,S003,Grader,1
2025-08-04,S003,Crane,0
2025-08-04,S003,Loader,0
2025-08-04,S003,Roller,1
2025-08-04,S004,Excavator,1
2025-08-04,S004,Bulldozer,1
2025-08-04,S004,Grader,1
2025-08-04,S004,Crane,0
2025-08-04,S004,Loader,1
2025-08-04,S004,Roller,1
2025-08-04,S005,Excavator,0
2025-08-04,S005,Bulldozer,1
2025-08-04,S005,Grader,1
2025-08-04,S005,Crane,0
2025-08-04,S005,Loader,0
2025-08-04,S005,Roller,2
2025-08-04,S006,Excavator,2
2025-08-04,S006,Bulldozer,1
2025-08-04,S006,Grader,2
2025-08-04,S006,Crane,0
2025-08-04,S006,Loader,1
2025-08-04,S006,Roller,0
2025-08-04,S007,Excavator,1
2025-08-04,S007,Bulldozer,0
2025-08-04,S007,Grader,0
2025-08-04,S007,Crane,0
2025-08-04,S007,Loader,0
2025-08-04,S007,Roller,1
2025-08-04,S008,Excavator,2
2025-08-04,S008,Bulldozer,0
2025-08-04,S008,Grader,0
2025-08-04,S008,Crane,0
2025-08-04,S008,Loader,1
2025-08-04,S008,Roller,0
2025-08-04,S009,Excavator,2
2025-08-04,S009,Bulldozer,1
2025-08-04,S009,Grader,2
2025-08-04,S009,Crane,0
2025-08-04,S009,Loader,1
2025-08-04,S009,Roller,1
2025-08-04,S010,Excavator,0
2025-08-04,S010,Bulldozer,0
2025-08-04,S010,Grader,0
2025-08-04,S010,Crane,1
2025-08-04,S010,Loader,1
2025-08-04,S010,Roller,1
2025-08-11,S001,Excavator,0
2025-08-11,S001,Bulldozer,0
2025-08-11,S001,Grader,0
2025-08-11,S001,Crane,0
2025-08-11,S001,Loader,1
2025-08-11,S001,Roller,0
2025-08-11,S002,Excavator,0
2025-08-11,S002,Bulldozer,1
2025-08-11,S002,Grader,1
2025-08-11,S002,Crane,0
2025-08-11,S002,Loader,0
2025-08-11,S002,Roller,1
2025-08-11,S003,Excavator,1
2025-08-11,S003,Bulldozer,0
2025-08-11,S003,Grader,1
2025-08-11,S003,Crane,0
2025-08-11,S003,Loader,0
2025-08-11,S003,Roller,1
2025-08-11,S004,Excavator,0
2025-08-11,S004,Bulldozer,1
2025-08-11,S004,Grader,1
2025-08-11,S004,Crane,0
2025-08-11,S004,Loader,1
2025-08-11,S004,Roller,1
2025-08-11,S005,Excavator,0
2025-08-11,S005,Bulldozer,1
2025-08-11,S005,Grader,0
2025-08-11,S005,Crane,0
2025-08-11,S005,Loader,1
2025-08-11,S005,Roller,2
2025-08-11,S006,Excavator,1
2025-08-11,S006,Bulldozer,1
2025-08-11,S006,Grader,2
2025-08-11,S006,Crane,0
2025-08-11,S006,Loader,2
2025-08-11,S006,Roller,1
2025-08-11,S007,Excavator,1
2025-08-11,S007,Bulldozer,1
2025-08-11,S007,Grader,0
2025-08-11,S007,Crane,0
2025-08-11,S007,Loader,1
2025-08-11,S007,Roller,1
2025-08-11,S008,Excavator,2
2025-08-11,S008,Bulldozer,1
2025-08-11,S008,Grader,0
2025-08-11,S008,Crane,0
2025-08-11,S008,Loader,0
2025-08-11,S008,Roller,0
2025-08-11,S009,Excavator,2
2025-08-11,S009,Bulldozer,4
2025-08-11,S009,Grader,0
2025-08-11,S009,Crane,0
2025-08-11,S009,Loader,1
2025-08-11,S009,Roller,1
2025-08-11,S010,Excavator,0
2025-08-11,S010,Bulldozer,0
2025-08-11,S010,Grader,0
2025-08-11,S010,Crane,1
2025-08-11,S010,Loader,1
2025-08-11,S010,Roller,1
2025-08-18,S001,Excavator,0
2025-08-18,S001,Bulldozer,0
2025-08-18,S001,Grader,0
2025-08-18,S001,Crane,0
2025-08-18,S001,Loader,1
2025-08-18,S001,Roller,0
2025-08-18,S002,Excavator,0
2025-08-18,S002,Bulldozer,1
2025-08-18,S002,Grader,0
2025-08-18,S002,Crane,0
2025-08-18,S002,Loader,0
2025-08-18,S002,Roller,0
2025-08-18,S003,Excavator,1
2025-08-18,S003,Bulldozer,1
2025-08-18,S003,Grader,0
2025-08-18,S003,Crane,0
2025-08-18,S003,Loader,0
2025-08-18,S003,Roller,0
2025-08-18,S004,Excavator,0
2025-08-18,S004,Bulldozer,2
2025-08-18,S004,Grader,0
2025-08-18,S004,Crane,0
2025-08-18,S004,Loader,0
2025-08-18,S004,Roller,0
2025-08-18,S005,Excavator,0
2025-08-18,S005,Bulldozer,0
2025-08-18,S005,Grader,0
2025-08-18,S005,Crane,0
2025-08-18,S005,Loader,1
2025-08-18,S005,Roller,1
2025-08-18,S006,Excavator,1
2025-08-18,S006,Bulldozer,0
2025-08-18,S006,Grader,1
2025-08-18,S006,Crane,0
2025-08-18,S006,Loader,2
2025-08-18,S006,Roller,1
2025-08-18,S007,Excavator,1
2025-08-18,S007,Bulldozer,1
2025-08-18,S007,Grader,0
2025-08-18,S007,Crane,0
2025-08-18,S007,Loader,1
2025-08-18,S007,Roller,1
2025-08-18,S008,Excavator,2
2025-08-18,S008,Bulldozer,1
2025-08-18,S008,Grader,0
2025-08-18,S008,Crane,0
2025-08-18,S008,Loader,1
2025-08-18,S008,Roller,0
2025-08-18,S009,Excavator,2
2025-08-18,S009,Bulldozer,4
2025-08-18,S009,Grader,0
2025-08-18,S009,Crane,0
2025-08-18,S009,Loader,1
2025-08-18,S009,Roller,0
2025-08-18,S010,Excavator,0
2025-08-18,S010,Bulldozer,0
2025-08-18,S010,Grader,0
2025-08-18,S010,Crane,0
2025-08-18,S010,Loader,0
2025-08-18,S010,Roller,1
2025-08-25,S001,Excavator,0
2025-08-25,S001,Bulldozer,0
2025-08-25,S001,Grader,0
2025-08-25,S001,Crane,0
2025-08-25,S001,Loader,3
2025-08-25,S001,Roller,0
2025-08-25,S002,Excavator,0
2025-08-25,S002,Bulldozer,0
2025-08-25,S002,Grader,0
2025-08-25,S002,Crane,0
2025-08-25,S002,Loader,0
2025-08-25,S002,Roller,0
2025-08-25,S003,Excavator,0
2025-08-25,S003,Bulldozer,1
2025-08-25,S003,Grader,0
2025-08-25,S003,Crane,0
2025-08-25,S003,Loader,0
2025-08-25,S003,Roller,0
2025-08-25,S004,Excavator,0
2025-08-25,S004,Bulldozer,2
2025-08-25,S004,Grader,0
2025-08-25,S004,Crane,0
2025-08-25,S004,Loader,0
2025-08-25,S004,Roller,1
2025-08-25,S005,Excavator,0
2025-08-25,S005,Bulldozer,0
2025-08-25,S005,Grader,0
2025-08-25,S005,Crane,1
2025-08-25,S005,Loader,0
2025-08-25,S005,Roller,0
2025-08-25,S006,Excavator,1
2025-08-25,S006,Bulldozer,1
2025-08-25,S006,Grader,1
2025-08-25,S006,Crane,0
2025-08-25,S006,Loader,1
2025-08-25,S006,Roller,0
2025-08-25,S007,Excavator,1
2025-08-25,S007,Bulldozer,0
2025-08-25,S007,Grader,0
2025-08-25,S007,Crane,0
2025-08-25,S007,Loader,0
2025-08-25,S007,Roller,0
2025-08-25,S008,Excavator,0
2025-08-25,S008,Bulldozer,0
2025-08-25,S008,Grader,1
2025-08-25,S008,Crane,0
2025-08-25,S008,Loader,1
2025-08-25,S008,Roller,0
2025-08-25,S009,Excavator,1
2025-08-25,S009,Bulldozer,1
2025-08-25,S009,Grader,1
2025-08-25,S009,Crane,0
2025-08-25,S009,Loader,0
2025-08-25,S009,Roller,0
2025-08-25,S010,Excavator,0
2025-08-25,S010,Bulldozer,0
2025-08-25,S010,Grader,0
2025-08-25,S010,Crane,0
2025-08-25,S010,Loader,1
2025-08-25,S010,Roller,3
2025-09-01,S001,Excavator,0
2025-09-01,S001,Bulldozer,0
2025-09-01,S001,Grader,0
2025-09-01,S001,Crane,0
2025-09-01,S001,Loader,3
2025-09-01,S001,Roller,1
2025-09-01,S002,Excavator,0
2025-09-01,S002,Bulldozer,0
2025-09-01,S002,Grader,0
2025-09-01,S002,Crane,1
2025-09-01,S002,Loader,0
2025-09-01,S002,Roller,0
2025-09-01,S003,Excavator,0
2025-09-01,S003,Bulldozer,1
2025-09-01,S003,Grader,1
2025-09-01,S003,Crane,0
2025-09-01,S003,Loader,0
2025-09-01,S003,Roller,0
2025-09-01,S004,Excavator,0
2025-09-01,S004,Bulldozer,1
2025-09-01,S004,Grader,0
2025-09-01,S004,Crane,0
2025-09-01,S004,Loader,0
2025-09-01,S004,Roller,1
2025-09-01,S005,Excavator,0
2025-09-01,S005,Bulldozer,0
2025-09-01,S005,Grader,0
2025-09-01,S005,Crane,1
2025-09-01,S005,Loader,2
2025-09-01,S005,Roller,0
2025-09-01,S006,Excavator,1
2025-09-01,S006,Bulldozer,1
2025-09-01,S006,Grader,1
2025-09-01,S006,Crane,1
2025-09-01,S006,Loader,2
2025-09-01,S006,Roller,0
2025-09-01,S007,Excavator,1
2025-09-01,S007,Bulldozer,0
2025-09-01,S007,Grader,0
2025-09-01,S007,Crane,0
2025-09-01,S007,Loader,0
2025-09-01,S007,Roller,0
2025-09-01,S008,Excavator,0
2025-09-01,S008,Bulldozer,0
2025-09-01,S008,Grader,1
2025-09-01,S008,Crane,0
2025-09-01,S008,Loader,0
2025-09-01,S008,Roller,0
2025-09-01,S009,Excavator,2
2025-09-01,S009,Bulldozer,1
2025-09-01,S009,Grader,1
2025-09-01,S009,Crane,0
2025-09-01,S009,Loader,2
2025-09-01,S009,Roller,2
2025-09-01,S010,Excavator,0
2025-09-01,S010,Bulldozer,0
2025-09-01,S010,Grader,1
2025-09-01,S010,Crane,0
2025-09-01,S010,Loader,1
2025-09-01,S010,Roller,3
2025-09-08,S001,Excavator,0
2025-09-08,S001,Bulldozer,0
2025-09-08,S001,Grader,0
2025-09-08,S001,Crane,0
2025-09-08,S001,Loader,3
2025-09-08,S001,Roller,1
2025-09-08,S002,Excavator,0
2025-09-08,S002,Bulldozer,0
2025-09-08,S002,Grader,0
2025-09-08,S002,Crane,2
2025-09-08,S002,Loader,0
2025-09-08,S002,Roller,0
2025-09-08,S003,Excavator,1
2025-09-08,S003,Bulldozer,0
2025-09-08,S003,Grader,1
2025-09-08,S003,Crane,0
2025-09-08,S003,Loader,0
2025-09-08,S003,Roller,0
2025-09-08,S004,Excavator,0
2025-09-08,S004,Bulldozer,0
2025-09-08,S004,Grader,0
2025-09-08,S004,Crane,0
2025-09-08,S004,Loader,0
2025-09-08,S004,Roller,0
2025-09-08,S005,Excavator,0
2025-09-08,S005,Bulldozer,0
2025-09-08,S005,Grader,0
2025-09-08,S005,Crane,0
2025-09-08,S005,Loader,2
2025-09-08,S005,Roller,0
2025-09-08,S006,Excavator,0
2025-09-08,S006,Bulldozer,2
2025-09-08,S006,Grader,0
2025-09-08,S006,Crane,1
2025-09-08,S006,Loader,2
2025-09-08,S006,Roller,0
2025-09-08,S007,Excavator,0
2025-09-08,S007,Bulldozer,0
2025-09-08,S007,Grader,0
2025-09-08,S007,Crane,0
2025-09-08,S007,Loader,2
2025-09-08,S007,Roller,0
2025-09-08,S008,Excavator,1
2025-09-08,S008,Bulldozer,0
2025-09-08,S008,Grader,0
2025-09-08,S008,Crane,0
2025-09-08,S008,Loader,2
2025-09-08,S008,Roller,0
2025-09-08,S009,Excavator,2
2025-09-08,S009,Bulldozer,1
2025-09-08,S009,Grader,0
2025-09-08,S009,Crane,0
2025-09-08,S009,Loader,2
2025-09-08,S009,Roller,2
2025-09-08,S010,Excavator,0
2025-09-08,S010,Bulldozer,0
2025-09-08,S010,Grader,1
2025-09-08,S010,Crane,1
2025-09-08,S010,Loader,1
2025-09-08,S010,Roller,1
2025-09-15,S001,Excavator,0
2025-09-15,S001,Bulldozer,0
2025-09-15,S001,Grader,0
2025-09-15,S001,Crane,0
2025-09-15,S001,Loader,2
2025-09-15,S001,Roller,1
2025-09-15,S002,Excavator,0
2025-09-15,S002,Bulldozer,0
2025-09-15,S002,Grader,0
2025-09-15,S002,Crane,2
2025-09-15,S002,Loader,0
2025-09-15,S002,Roller,0
2025-09-15,S003,Excavator,1
2025-09-15,S003,Bulldozer,2
2025-09-15,S003,Grader,1
2025-09-15,S003,Crane,0
2025-09-15,S003,Loader,0
2025-09-15,S003,Roller,0
2025-09-15,S004,Excavator,1
2025-09-15,S004,Bulldozer,1
2025-09-15,S004,Grader,3
2025-09-15,S004,Crane,0
2025-09-15,S004,Loader,0
2025-09-15,S004,Roller,0
2025-09-15,S005,Excavator,0
2025-09-15,S005,Bulldozer,0
2025-09-15,S005,Grader,0
2025-09-15,S005,Crane,1
2025-09-15,S005,Loader,0
2025-09-15,S005,Roller,0
2025-09-15,S006,Excavator,2
2025-09-15,S006,Bulldozer,2
2025-09-15,S006,Grader,0
2025-09-15,S006,Crane,0
2025-09-15,S006,Loader,1
2025-09-15,S006,Roller,0
2025-09-15,S007,Excavator,1
2025-09-15,S007,Bulldozer,0
2025-09-15,S007,Grader,0
2025-09-15,S007,Crane,0
2025-09-15,S007,Loader,2
2025-09-15,S007,Roller,0
2025-09-15,S008,Excavator,1
2025-09-15,S008,Bulldozer,1
2025-09-15,S008,Grader,0
2025-09-15,S008,Crane,0
2025-09-15,S008,Loader,2
2025-09-15,S008,Roller,0
2025-09-15,S009,Excavator,2
2025-09-15,S009,Bulldozer,0
2025-09-15,S009,Grader,0
2025-09-15,S009,Crane,1
2025-09-15,S009,Loader,1
2025-09-15,S009,Roller,0
2025-09-15,S010,Excavator,1
2025-09-15,S010,Bulldozer,0
2025-09-15,S010,Grader,0
2025-09-15,S010,Crane,1
2025-09-15,S010,Loader,0
2025-09-15,S010,Roller,0
2025-09-22,S001,Excavator,0
2025-09-22,S001,Bulldozer,0
2025-09-22,S001,Grader,0
2025-09-22,S001,Crane,1
2025-09-22,S001,Loader,1
2025-09-22,S001,Roller,0
2025-09-22,S002,Excavator,0
2025-09-22,S002,Bulldozer,1
2025-09-22,S002,Grader,0
2025-09-22,S002,Crane,1
2025-09-22,S002,Loader,0
2025-09-22,S002,Roller,0
2025-09-22,S003,Excavator,1
2025-09-22,S003,Bulldozer,2
2025-09-22,S003,Grader,1
2025-09-22,S003,Crane,1
2025-09-22,S003,Loader,0
2025-09-22,S003,Roller,1
2025-09-22,S004,Excavator,1
2025-09-22,S004,Bulldozer,2
2025-09-22,S004,Grader,3
2025-09-22,S004,Crane,0
2025-09-22,S004,Loader,0
2025-09-22,S004,Roller,0
2025-09-22,S005,Excavator,0
2025-09-22,S005,Bulldozer,0
2025-09-22,S005,Grader,0
2025-09-22,S005,Crane,1
2025-09-22,S005,Loader,0
2025-09-22,S005,Roller,0
2025-09-22,S006,Excavator,2
2025-09-22,S006,Bulldozer,2
2025-09-22,S006,Grader,1
2025-09-22,S006,Crane,0
2025-09-22,S006,Loader,1
2025-09-22,S006,Roller,0
2025-09-22,S007,Excavator,1
2025-09-22,S007,Bulldozer,0
2025-09-22,S007,Grader,0
2025-09-22,S007,Crane,0
2025-09-22,S007,Loader,1
2025-09-22,S007,Roller,0
2025-09-22,S008,Excavator,1
2025-09-22,S008,Bulldozer,1
2025-09-22,S008,Grader,0
2025-09-22,S008,Crane,0
2025-09-22,S008,Loader,1
2025-09-22,S008,Roller,0
2025-09-22,S009,Excavator,0
2025-09-22,S009,Bulldozer,1
2025-09-22,S009,Grader,0
2025-09-22,S009,Crane,1
2025-09-22,S009,Loader,0
2025-09-22,S009,Roller,0
2025-09-22,S010,Excavator,1
2025-09-22,S010,Bulldozer,0
2025-09-22,S010,Grader,1
2025-09-22,S010,Crane,1
2025-09-22,S010,Loader,0
2025-09-22,S010,Roller,1
2025-09-29,S001,Excavator,0
2025-09-29,S001,Bulldozer,0
2025-09-29,S001,Grader,0
2025-09-29,S001,Crane,1
2025-09-29,S001,Loader,0
2025-09-29,S001,Roller,0
2025-09-29,S002,Excavator,0
2025-09-29,S002,Bulldozer,1
2025-09-29,S002,Grader,0
2025-09-29,S002,Crane,1
2025-09-29,S002,Loader,0
2025-09-29,S002,Roller,0
2025-09-29,S003,Excavator,1
2025-09-29,S003,Bulldozer,0
2025-09-29,S003,Grader,1
2025-09-29,S003,Crane,1
2025-09-29,S003,Loader,1
2025-09-29,S003,Roller,1
2025-09-29,S004,Excavator,1
2025-09-29,S004,Bulldozer,2
2025-09-29,S004,Grader,1
2025-09-29,S004,Crane,0
2025-09-29,S004,Loader,0
2025-09-29,S004,Roller,0
2025-09-29,S005,Excavator,0
2025-09-29,S005,Bulldozer,1
2025-09-29,S005,Grader,0
2025-09-29,S005,Crane,1
2025-09-29,S005,Loader,0
2025-09-29,S005,Roller,0
2025-09-29,S006,Excavator,1
2025-09-29,S006,Bulldozer,2
2025-09-29,S006,Grader,1
2025-09-29,S006,Crane,0
2025-09-29,S006,Loader,0
2025-09-29,S006,Roller,0
2025-09-29,S007,Excavator,1
2025-09-29,S007,Bulldozer,1
2025-09-29,S007,Grader,0
2025-09-29,S007,Crane,0
2025-09-29,S007,Loader,1
2025-09-29,S007,Roller,1
2025-09-29,S008,Excavator,1
2025-09-29,S008,Bulldozer,0
2025-09-29,S008,Grader,0
2025-09-29,S008,Crane,0
2025-09-29,S008,Loader,1
2025-09-29,S008,Roller,1
2025-09-29,S009,Excavator,0
2025-09-29,S009,Bulldozer,1
2025-09-29,S009,Grader,0
2025-09-29,S009,Crane,0
2025-09-29,S009,Loader,0
2025-09-29,S009,Roller,0
2025-09-29,S010,Excavator,1
2025-09-29,S010,Bulldozer,0
2025-09-29,S010,Grader,1
2025-09-29,S010,Crane,0
2025-09-29,S010,Loader,1
2025-09-29,S010,Roller,1
2025-10-06,S001,Excavator,0
2025-10-06,S001,Bulldozer,0
2025-10-06,S001,Grader,0
2025-10-06,S001,Crane,0
2025-10-06,S001,Loader,1
2025-10-06,S001,Roller,0
2025-10-06,S002,Excavator,0
2025-10-06,S002,Bulldozer,0
2025-10-06,S002,Grader,0
2025-10-06,S002,Crane,1
2025-10-06,S002,Loader,1
2025-10-06,S002,Roller,0
2025-10-06,S003,Excavator,2
2025-10-06,S003,Bulldozer,0
2025-10-06,S003,Grader,0
2025-10-06,S003,Crane,0
2025-10-06,S003,Loader,1
2025-10-06,S003,Roller,0
2025-10-06,S004,Excavator,1
2025-10-06,S004,Bulldozer,1
2025-10-06,S004,Grader,2
2025-10-06,S004,Crane,0
2025-10-06,S004,Loader,1
2025-10-06,S004,Roller,0
2025-10-06,S005,Excavator,0
2025-10-06,S005,Bulldozer,1
2025-10-06,S005,Grader,0
2025-10-06,S005,Crane,1
2025-10-06,S005,Loader,0
2025-10-06,S005,Roller,0
2025-10-06,S006,Excavator,1
2025-10-06,S006,Bulldozer,1
2025-10-06,S006,Grader,1
2025-10-06,S006,Crane,1
2025-10-06,S006,Loader,0
2025-10-06,S006,Roller,1
2025-10-06,S007,Excavator,1
2025-10-06,S007,Bulldozer,1
2025-10-06,S007,Grader,0
2025-10-06,S007,Crane,0
2025-10-06,S007,Loader,1
2025-10-06,S007,Roller,1
2025-10-06,S008,Excavator,1
2025-10-06,S008,Bulldozer,1
2025-10-06,S008,Grader,0
2025-10-06,S008,Crane,0
2025-10-06,S008,Loader,1
2025-10-06,S008,Roller,2
2025-10-06,S009,Excavator,0
2025-10-06,S009,Bulldozer,1
2025-10-06,S009,Grader,0
2025-10-06,S009,Crane,1
2025-10-06,S009,Loader,0
2025-10-06,S009,Roller,1
2025-10-06,S010,Excavator,1
2025-10-06,S010,Bulldozer,0
2025-10-06,S010,Grader,0
2025-10-06,S010,Crane,0
2025-10-06,S010,Loader,1
2025-10-06,S010,Roller,0
2025-10-13,S001,Excavator,0
2025-10-13,S001,Bulldozer,0
2025-10-13,S001,Grader,0
2025-10-13,S001,Crane,1
2025-10-13,S001,Loader,1
2025-10-13,S001,Roller,0
2025-10-13,S002,Excavator,0
2025-10-13,S002,Bulldozer,0
2025-10-13,S002,Grader,0
2025-10-13,S002,Crane,1
2025-10-13,S002,Loader,1
2025-10-13,S002,Roller,0
2025-10-13,S003,Excavator,2
2025-10-13,S003,Bulldozer,0
2025-10-13,S003,Grader,0
2025-10-13,S003,Crane,0
2025-10-13,S003,Loader,1
2025-10-13,S003,Roller,0
2025-10-13,S004,Excavator,2
2025-10-13,S004,Bulldozer,1
2025-10-13,S004,Grader,2
2025-10-13,S004,Crane,0
2025-10-13,S004,Loader,1
2025-10-13,S004,Roller,0
2025-10-13,S005,Excavator,1
2025-10-13,S005,Bulldozer,0
2025-10-13,S005,Grader,0
2025-10-13,S005,Crane,0
2025-10-13,S005,Loader,1
2025-10-13,S005,Roller,1
2025-10-13,S006,Excavator,1
2025-10-13,S006,Bulldozer,0
2025-10-13,S006,Grader,1
2025-10-13,S006,Crane,1
2025-10-13,S006,Loader,1
2025-10-13,S006,Roller,1
2025-10-13,S007,Excavator,1
2025-10-13,S007,Bulldozer,0
2025-10-13,S007,Grader,1
2025-10-13,S007,Crane,0
2025-10-13,S007,Loader,3
2025-10-13,S007,Roller,0
2025-10-13,S008,Excavator,1
2025-10-13,S008,Bulldozer,1
2025-10-13,S008,Grader,0
2025-10-13,S008,Crane,0
2025-10-13,S008,Loader,2
2025-10-13,S008,Roller,2
2025-10-13,S009,Excavator,0
2025-10-13,S009,Bulldozer,1
2025-10-13,S009,Grader,0
2025-10-13,S009,Crane,1
2025-10-13,S009,Loader,0
2025-10-13,S009,Roller,1
2025-10-13,S010,Excavator,0
2025-10-13,S010,Bulldozer,0
2025-10-13,S010,Grader,0
2025-10-13,S010,Crane,1
2025-10-13,S010,Loader,0
2025-10-13,S010,Roller,0
2025-10-20,S001,Excavator,0
2025-10-20,S001,Bulldozer,0
2025-10-20,S001,Grader,0
2025-10-20,S001,Crane,1
2025-10-20,S001,Loader,0
2025-10-20,S001,Roller,0
2025-10-20,S002,Excavator,0
2025-10-20,S002,Bulldozer,0
2025-10-20,S002,Grader,0
2025-10-20,S002,Crane,0
2025-10-20,S002,Loader,1
2025-10-20,S002,Roller,0
2025-10-20,S003,Excavator,1
2025-10-20,S003,Bulldozer,0
2025-10-20,S003,Grader,0
2025-10-20,S003,Crane,1
2025-10-20,S003,Loader,2
2025-10-20,S003,Roller,0
2025-10-20,S004,Excavator,2
2025-10-20,S004,Bulldozer,1
2025-10-20,S004,Grader,1
2025-10-20,S004,Crane,0
2025-10-20,S004,Loader,0
2025-10-20,S004,Roller,0
2025-10-20,S005,Excavator,1
2025-10-20,S005,Bulldozer,1
2025-10-20,S005,Grader,0
2025-10-20,S005,Crane,0
2025-10-20,S005,Loader,1
2025-10-20,S005,Roller,1
2025-10-20,S006,Excavator,1
2025-10-20,S006,Bulldozer,0
2025-10-20,S006,Grader,0
2025-10-20,S006,Crane,0
2025-10-20,S006,Loader,1
2025-10-20,S006,Roller,0
2025-10-20,S007,Excavator,1
2025-10-20,S007,Bulldozer,0
2025-10-20,S007,Grader,1
2025-10-20,S007,Crane,1
2025-10-20,S007,Loader,3
2025-10-20,S007,Roller,0
2025-10-20,S008,Excavator,0
2025-10-20,S008,Bulldozer,0
2025-10-20,S008,Grader,1
2025-10-20,S008,Crane,0
2025-10-20,S008,Loader,2
2025-10-20,S008,Roller,0
2025-10-20,S009,Excavator,1
2025-10-20,S009,Bulldozer,1
2025-10-20,S009,Grader,0
2025-10-20,S009,Crane,1
2025-10-20,S009,Loader,1
2025-10-20,S009,Roller,0
2025-10-20,S010,Excavator,0
2025-10-20,S010,Bulldozer,0
2025-10-20,S010,Grader,0
2025-10-20,S010,Crane,1
2025-10-20,S010,Loader,1
2025-10-20,S010,Roller,0
2025-10-27,S001,Excavator,0
2025-10-27,S001,Bulldozer,0
2025-10-27,S001,Grader,0
2025-10-27,S001,Crane,0
2025-10-27,S001,Loader,0
2025-10-27,S001,Roller,0
2025-10-27,S002,Excavator,0
2025-10-27,S002,Bulldozer,0
2025-10-27,S002,Grader,0
2025-10-27,S002,Crane,2
2025-10-27,S002,Loader,1
2025-10-27,S002,Roller,0
2025-10-27,S003,Excavator,0
2025-10-27,S003,Bulldozer,0
2025-10-27,S003,Grader,0
2025-10-27,S003,Crane,1
2025-10-27,S003,Loader,2
2025-10-27,S003,Roller,0
2025-10-27,S004,Excavator,1
2025-10-27,S004,Bulldozer,0
2025-10-27,S004,Grader,1
2025-10-27,S004,Crane,0
2025-10-27,S004,Loader,0
2025-10-27,S004,Roller,1
2025-10-27,S005,Excavator,1
2025-10-27,S005,Bulldozer,1
2025-10-27,S005,Grader,0
2025-10-27,S005,Crane,0
2025-10-27,S005,Loader,0
2025-10-27,S005,Roller,0
2025-10-27,S006,Excavator,1
2025-10-27,S006,Bulldozer,1
2025-10-27,S006,Grader,0
2025-10-27,S006,Crane,0
2025-10-27,S006,Loader,0
2025-10-27,S006,Roller,0
2025-10-27,S007,Excavator,1
2025-10-27,S007,Bulldozer,0
2025-10-27,S007,Grader,0
2025-10-27,S007,Crane,1
2025-10-27,S007,Loader,3
2025-10-27,S007,Roller,0
2025-10-27,S008,Excavator,0
2025-10-27,S008,Bulldozer,0
2025-10-27,S008,Grader,1
2025-10-27,S008,Crane,0
2025-10-27,S008,Loader,0
2025-10-27,S008,Roller,0
2025-10-27,S009,Excavator,1
2025-10-27,S009,Bulldozer,0
2025-10-27,S009,Grader,0
2025-10-27,S009,Crane,1
2025-10-27,S009,Loader,1
2025-10-27,S009,Roller,0
2025-10-27,S010,Excavator,0
2025-10-27,S010,Bulldozer,0
2025-10-27,S010,Grader,0
2025-10-27,S010,Crane,1
2025-10-27,S010,Loader,3
2025-10-27,S010,Roller,0
2025-11-03,S001,Excavator,0
2025-11-03,S001,Bulldozer,0
2025-11-03,S001,Grader,0
2025-11-03,S001,Crane,0
2025-11-03,S001,Loader,0
2025-11-03,S001,Roller,1
2025-11-03,S002,Excavator,1
2025-11-03,S002,Bulldozer,0
2025-11-03,S002,Grader,0
2025-11-03,S002,Crane,2
2025-11-03,S002,Loader,0
2025-11-03,S002,Roller,0
2025-11-03,S003,Excavator,0
2025-11-03,S003,Bulldozer,1
2025-11-03,S003,Grader,0
2025-11-03,S003,Crane,1
2025-11-03,S003,Loader,2
2025-11-03,S003,Roller,0
2025-11-03,S004,Excavator,0
2025-11-03,S004,Bulldozer,0
2025-11-03,S004,Grader,1
2025-11-03,S004,Crane,0
2025-11-03,S004,Loader,0
2025-11-03,S004,Roller,1
2025-11-03,S005,Excavator,0
2025-11-03,S005,Bulldozer,1
2025-11-03,S005,Grader,0
2025-11-03,S005,Crane,0
2025-11-03,S005,Loader,0
2025-11-03,S005,Roller,0
2025-11-03,S006,Excavator,1
2025-11-03,S006,Bulldozer,1
2025-11-03,S006,Grader,0
2025-11-03,S006,Crane,1
2025-11-03,S006,Loader,0
2025-11-03,S006,Roller,0
2025-11-03,S007,Excavator,1
2025-11-03,S007,Bulldozer,0
2025-11-03,S007,Grader,0
2025-11-03,S007,Crane,1
2025-11-03,S007,Loader,1
2025-11-03,S007,Roller,0
2025-11-03,S008,Excavator,0
2025-11-03,S008,Bulldozer,0
2025-11-03,S008,Grader,3
2025-11-03,S008,Crane,0
2025-11-03,S008,Loader,0
2025-11-03,S008,Roller,0
2025-11-03,S009,Excavator,1
2025-11-03,S009,Bulldozer,0
2025-11-03,S009,Grader,0
2025-11-03,S009,Crane,0
2025-11-03,S009,Loader,0
2025-11-03,S009,Roller,0
2025-11-03,S010,Excavator,1
2025-11-03,S010,Bulldozer,0
2025-11-03,S010,Grader,1
2025-11-03,S010,Crane,2
2025-11-03,S010,Loader,3
2025-11-03,S010,Roller,0
2025-11-10,S001,Excavator,1
2025-11-10,S001,Bulldozer,0
2025-11-10,S001,Grader,0
2025-11-10,S001,Crane,0
2025-11-10,S001,Loader,0
2025-11-10,S001,Roller,1
2025-11-10,S002,Excavator,1
2025-11-10,S002,Bulldozer,2
2025-11-10,S002,Grader,0
2025-11-10,S002,Crane,1
2025-11-10,S002,Loader,0
2025-11-10,S002,Roller,0
2025-11-10,S003,Excavator,0
2025-11-10,S003,Bulldozer,1
2025-11-10,S003,Grader,2
2025-11-10,S003,Crane,1
2025-11-10,S003,Loader,2
2025-11-10,S003,Roller,1
2025-11-10,S004,Excavator,1
2025-11-10,S004,Bulldozer,0
2025-11-10,S004,Grader,0
2025-11-10,S004,Crane,0
2025-11-10,S004,Loader,0
2025-11-10,S004,Roller,1
2025-11-10,S005,Excavator,0
2025-11-10,S005,Bulldozer,0
2025-11-10,S005,Grader,0
2025-11-10,S005,Crane,0
2025-11-10,S005,Loader,0
2025-11-10,S005,Roller,0
2025-11-10,S006,Excavator,1
2025-11-10,S006,Bulldozer,0
2025-11-10,S006,Grader,1
2025-11-10,S006,Crane,1
2025-11-10,S006,Loader,1
2025-11-10,S006,Roller,0
2025-11-10,S007,Excavator,0
2025-11-10,S007,Bulldozer,0
2025-11-10,S007,Grader,0
2025-11-10,S007,Crane,1
2025-11-10,S007,Loader,2
2025-11-10,S007,Roller,0
2025-11-10,S008,Excavator,0
2025-11-10,S008,Bulldozer,0
2025-11-10,S008,Grader,3
2025-11-10,S008,Crane,0
2025-11-10,S008,Loader,0
2025-11-10,S008,Roller,0
2025-11-10,S009,Excavator,1
2025-11-10,S009,Bulldozer,0
2025-11-10,S009,Grader,0
2025-11-10,S009,Crane,0
2025-11-10,S009,Loader,1
2025-11-10,S009,Roller,0
2025-11-10,S010,Excavator,1
2025-11-10,S010,Bulldozer,0
2025-11-10,S010,Grader,1
2025-11-10,S010,Crane,3
2025-11-10,S010,Loader,3
2025-11-10,S010,Roller,1
2025-11-17,S001,Excavator,1
2025-11-17,S001,Bulldozer,1
2025-11-17,S001,Grader,0
2025-11-17,S001,Crane,0
2025-11-17,S001,Loader,0
2025-11-17,S001,Roller,0
2025-11-17,S002,Excavator,0
2025-11-17,S002,Bulldozer,2
2025-11-17,S002,Grader,0
2025-11-17,S002,Crane,0
2025-11-17,S002,Loader,0
2025-11-17,S002,Roller,0
2025-11-17,S003,Excavator,0
2025-11-17,S003,Bulldozer,0
2025-11-17,S003,Grader,2
2025-11-17,S003,Crane,0
2025-11-17,S003,Loader,0
2025-11-17,S003,Roller,1
2025-11-17,S004,Excavator,1
2025-11-17,S004,Bulldozer,1
2025-11-17,S004,Grader,0
2025-11-17,S004,Crane,0
2025-11-17,S004,Loader,0
2025-11-17,S004,Roller,1
2025-11-17,S005,Excavator,0
2025-11-17,S005,Bulldozer,0
2025-11-17,S005,Grader,0
2025-11-17,S005,Crane,0
2025-11-17,S005,Loader,0
2025-11-17,S005,Roller,0
2025-11-17,S006,Excavator,1
2025-11-17,S006,Bulldozer,0
2025-11-17,S006,Grader,1
2025-11-17,S006,Crane,0
2025-11-17,S006,Loader,1
2025-11-17,S006,Roller,0
2025-11-17,S007,Excavator,0
2025-11-17,S007,Bulldozer,1
2025-11-17,S007,Grader,0
2025-11-17,S007,Crane,1
2025-11-17,S007,Loader,2
2025-11-17,S007,Roller,0
2025-11-17,S008,Excavator,0
2025-11-17,S008,Bulldozer,0
2025-11-17,S008,Grader,1
2025-11-17,S008,Crane,0
2025-11-17,S008,Loader,0
2025-11-17,S008,Roller,1
2025-11-17,S009,Excavator,1
2025-11-17,S009,Bulldozer,0
2025-11-17,S009,Grader,0
2025-11-17,S009,Crane,0
2025-11-17,S009,Loader,1
2025-11-17,S009,Roller,0
2025-11-17,S010,Excavator,1
2025-11-17,S010,Bulldozer,1
2025-11-17,S010,Grader,1
2025-11-17,S010,Crane,3
2025-11-17,S010,Loader,1
2025-11-17,S010,Roller,1
2025-11-24,S001,Excavator,2
2025-11-24,S001,Bulldozer,3
2025-11-24,S001,Grader,1
2025-11-24,S001,Crane,0
2025-11-24,S001,Loader,0
2025-11-24,S001,Roller,0
2025-11-24,S002,Excavator,0
2025-11-24,S002,Bulldozer,0
2025-11-24,S002,Grader,0
2025-11-24,S002,Crane,0
2025-11-24,S002,Loader,0
2025-11-24,S002,Roller,0
2025-11-24,S003,Excavator,1
2025-11-24,S003,Bulldozer,0
2025-11-24,S003,Grader,2
2025-11-24,S003,Crane,1
2025-11-24,S003,Loader,0
2025-11-24,S003,Roller,2
2025-11-24,S004,Excavator,1
2025-11-24,S004,Bulldozer,1
2025-11-24,S004,Grader,1
2025-11-24,S004,Crane,0
2025-11-24,S004,Loader,0
2025-11-24,S004,Roller,1
2025-11-24,S005,Excavator,0
2025-11-24,S005,Bulldozer,0
2025-11-24,S005,Grader,0
2025-11-24,S005,Crane,0
2025-11-24,S005,Loader,0
2025-11-24,S005,Roller,0
2025-11-24,S006,Excavator,0
2025-11-24,S006,Bulldozer,0
2025-11-24,S006,Grader,0
2025-11-24,S006,Crane,1
2025-11-24,S006,Loader,0
2025-11-24,S006,Roller,1
2025-11-24,S007,Excavator,0
2025-11-24,S007,Bulldozer,2
2025-11-24,S007,Grader,0
2025-11-24,S007,Crane,0
2025-11-24,S007,Loader,1
2025-11-24,S007,Roller,0
2025-11-24,S008,Excavator,0
2025-11-24,S008,Bulldozer,0
2025-11-24,S008,Grader,2
2025-11-24,S008,Crane,0
2025-11-24,S008,Loader,1
2025-11-24,S008,Roller,1
2025-11-24,S009,Excavator,0
2025-11-24,S009,Bulldozer,1
2025-11-24,S009,Grader,1
2025-11-24,S009,Crane,0
2025-11-24,S009,Loader,0
2025-11-24,S009,Roller,0
2025-11-24,S010,Excavator,0
2025-11-24,S010,Bulldozer,1
2025-11-24,S010,Grader,1
2025-11-24,S010,Crane,1
2025-11-24,S010,Loader,1
2025-11-24,S010,Roller,0
2025-12-01,S001,Excavator,3
2025-12-01,S001,Bulldozer,3
2025-12-01,S001,Grader,1
2025-12-01,S001,Crane,1
2025-12-01,S001,Loader,0
2025-12-01,S001,Roller,0
2025-12-01,S002,Excavator,0
2025-12-01,S002,Bulldozer,0
2025-12-01,S002,Grader,2
2025-12-01,S002,Crane,0
2025-12-01,S002,Loader,1
2025-12-01,S002,Roller,0
2025-12-01,S003,Excavator,1
2025-12-01,S003,Bulldozer,0
2025-12-01,S003,Grader,1
2025-12-01,S003,Crane,1
2025-12-01,S003,Loader,0
2025-12-01,S003,Roller,2
2025-12-01,S004,Excavator,2
2025-12-01,S004,Bulldozer,1
2025-12-01,S004,Grader,2
2025-12-01,S004,Crane,1
2025-12-01,S004,Loader,1
2025-12-01,S004,Roller,1
2025-12-01,S005,Excavator,0
2025-12-01,S005,Bulldozer,1
2025-12-01,S005,Grader,0
2025-12-01,S005,Crane,0
2025-12-01,S005,Loader,0
2025-12-01,S005,Roller,0
2025-12-01,S006,Excavator,0
2025-12-01,S006,Bulldozer,0
2025-12-01,S006,Grader,0
2025-12-01,S006,Crane,1
2025-12-01,S006,Loader,0
2025-12-01,S006,Roller,1
2025-12-01,S007,Excavator,0
2025-12-01,S007,Bulldozer,2
2025-12-01,S007,Grader,0
2025-12-01,S007,Crane,0
2025-12-01,S007,Loader,0
2025-12-01,S007,Roller,1
2025-12-01,S008,Excavator,1
2025-12-01,S008,Bulldozer,0
2025-12-01,S008,Grader,2
2025-12-01,S008,Crane,0
2025-12-01,S008,Loader,3
2025-12-01,S008,Roller,0
2025-12-01,S009,Excavator,0
2025-12-01,S009,Bulldozer,1
2025-12-01,S009,Grader,1
2025-12-01,S009,Crane,0
2025-12-01,S009,Loader,0
2025-12-01,S009,Roller,0
2025-12-01,S010,Excavator,1
2025-12-01,S010,Bulldozer,1
2025-12-01,S010,Grader,1
2025-12-01,S010,Crane,0
2025-12-01,S010,Loader,1
2025-12-01,S010,Roller,0
2025-12-08,S001,Excavator,5
2025-12-08,S001,Bulldozer,3
2025-12-08,S001,Grader,1
2025-12-08,S001,Crane,1
2025-12-08,S001,Loader,0
2025-12-08,S001,Roller,1
2025-12-08,S002,Excavator,0
2025-12-08,S002,Bulldozer,0
2025-12-08,S002,Grader,2
2025-12-08,S002,Crane,0
2025-12-08,S002,Loader,1
2025-12-08,S002,Roller,0
2025-12-08,S003,Excavator,1
2025-12-08,S003,Bulldozer,0
2025-12-08,S003,Grader,3
2025-12-08,S003,Crane,0
2025-12-08,S003,Loader,0
2025-12-08,S003,Roller,2
2025-12-08,S004,Excavator,2
2025-12-08,S004,Bulldozer,1
2025-12-08,S004,Grader,3
2025-12-08,S004,Crane,1
2025-12-08,S004,Loader,1
2025-12-08,S004,Roller,2
2025-12-08,S005,Excavator,1
2025-12-08,S005,Bulldozer,1
2025-12-08,S005,Grader,0
2025-12-08,S005,Crane,0
2025-12-08,S005,Loader,0
2025-12-08,S005,Roller,0
2025-12-08,S006,Excavator,0
2025-12-08,S006,Bulldozer,1
2025-12-08,S006,Grader,0
2025-12-08,S006,Crane,1
2025-12-08,S006,Loader,0
2025-12-08,S006,Roller,0
2025-12-08,S007,Excavator,0
2025-12-08,S007,Bulldozer,1
2025-12-08,S007,Grader,0
2025-12-08,S007,Crane,0
2025-12-08,S007,Loader,0
2025-12-08,S007,Roller,1
2025-12-08,S008,Excavator,1
2025-12-08,S008,Bulldozer,0
2025-12-08,S008,Grader,0
2025-12-08,S008,Crane,0
2025-12-08,S008,Loader,3
2025-12-08,S008,Roller,2
2025-12-08,S009,Excavator,0
2025-12-08,S009,Bulldozer,1
2025-12-08,S009,Grader,2
2025-12-08,S009,Crane,0
2025-12-08,S009,Loader,0
2025-12-08,S009,Roller,1
2025-12-08,S010,Excavator,1
2025-12-08,S010,Bulldozer,1
2025-12-08,S010,Grader,1
2025-12-08,S010,Crane,0
2025-12-08,S010,Loader,0
2025-12-08,S010,Roller,0
2025-12-15,S001,Excavator,5
2025-12-15,S001,Bulldozer,3
2025-12-15,S001,Grader,1
2025-12-15,S001,Crane,1
2025-12-15,S001,Loader,1
2025-12-15,S001,Roller,1
2025-12-15,S002,Excavator,0
2025-12-15,S002,Bulldozer,0
2025-12-15,S002,Grader,1
2025-12-15,S002,Crane,1
2025-12-15,S002,Loader,0
2025-12-15,S002,Roller,0
2025-12-15,S003,Excavator,1
2025-12-15,S003,Bulldozer,0
2025-12-15,S003,Grader,3
2025-12-15,S003,Crane,0
2025-12-15,S003,Loader,1
2025-12-15,S003,Roller,0
2025-12-15,S004,Excavator,0
2025-12-15,S004,Bulldozer,1
2025-12-15,S004,Grader,3
2025-12-15,S004,Crane,1
2025-12-15,S004,Loader,1
2025-12-15,S004,Roller,2
2025-12-15,S005,Excavator,1
2025-12-15,S005,Bulldozer,1
2025-12-15,S005,Grader,1
2025-12-15,S005,Crane,0
2025-12-15,S005,Loader,0
2025-12-15,S005,Roller,0
2025-12-15,S006,Excavator,0
2025-12-15,S006,Bulldozer,1
2025-12-15,S006,Grader,0
2025-12-15,S006,Crane,1
2025-12-15,S006,Loader,0
2025-12-15,S006,Roller,0
2025-12-15,S007,Excavator,0
2025-12-15,S007,Bulldozer,1
2025-12-15,S007,Grader,0
2025-12-15,S007,Crane,1
2025-12-15,S007,Loader,0
2025-12-15,S007,Roller,0
2025-12-15,S008,Excavator,3
2025-12-15,S008,Bulldozer,1
2025-12-15,S008,Grader,0
2025-12-15,S008,Crane,0
2025-12-15,S008,Loader,2
2025-12-15,S008,Roller,2
2025-12-15,S009,Excavator,1
2025-12-15,S009,Bulldozer,1
2025-12-15,S009,Grader,2
2025-12-15,S009,Crane,0
2025-12-15,S009,Loader,1
2025-12-15,S009,Roller,1
2025-12-15,S010,Excavator,0
2025-12-15,S010,Bulldozer,1
2025-12-15,S010,Grader,1
2025-12-15,S010,Crane,3
2025-12-15,S010,Loader,0
2025-12-15,S010,Roller,0
2025-12-22,S001,Excavator,2
2025-12-22,S001,Bulldozer,1
2025-12-22,S001,Grader,1
2025-12-22,S001,Crane,1
2025-12-22,S001,Loader,2
2025-12-22,S001,Roller,0
2025-12-22,S002,Excavator,0
2025-12-22,S002,Bulldozer,0
2025-12-22,S002,Grader,1
2025-12-22,S002,Crane,3
2025-12-22,S002,Loader,0
2025-12-22,S002,Roller,0
2025-12-22,S003,Excavator,2
2025-12-22,S003,Bulldozer,1
2025-12-22,S003,Grader,0
2025-12-22,S003,Crane,0
2025-12-22,S003,Loader,1
2025-12-22,S003,Roller,0
2025-12-22,S004,Excavator,0
2025-12-22,S004,Bulldozer,0
2025-12-22,S004,Grader,0
2025-12-22,S004,Crane,0
2025-12-22,S004,Loader,3
2025-12-22,S004,Roller,0
2025-12-22,S005,Excavator,0
2025-12-22,S005,Bulldozer,1
2025-12-22,S005,Grader,1
2025-12-22,S005,Crane,0
2025-12-22,S005,Loader,0
2025-12-22,S005,Roller,0
2025-12-22,S006,Excavator,0
2025-12-22,S006,Bulldozer,1
2025-12-22,S006,Grader,0
2025-12-22,S006,Crane,0
2025-12-22,S006,Loader,0
2025-12-22,S006,Roller,0
2025-12-22,S007,Excavator,0
2025-12-22,S007,Bulldozer,1
2025-12-22,S007,Grader,0
2025-12-22,S007,Crane,1
2025-12-22,S007,Loader,1
2025-12-22,S007,Roller,1
2025-12-22,S008,Excavator,3
2025-12-22,S008,Bulldozer,1
2025-12-22,S008,Grader,1
2025-12-22,S008,Crane,1
2025-12-22,S008,Loader,1
2025-12-22,S008,Roller,2
2025-12-22,S009,Excavator,1
2025-12-22,S009,Bulldozer,1
2025-12-22,S009,Grader,1
2025-12-22,S009,Crane,0
2025-12-22,S009,Loader,1
2025-12-22,S009,Roller,0
2025-12-22,S010,Excavator,1
2025-12-22,S010,Bulldozer,1
2025-12-22,S010,Grader,0
2025-12-22,S010,Crane,3
2025-12-22,S010,Loader,0
2025-12-22,S010,Roller,0
