week_start,site_id,equipment_type,current_demand,target_next_week_demand,demand_lag_1,demand_lag_2,demand_lag_4,demand_rolling_mean_4,demand_rolling_max_4,demand_rolling_std_4,demand_trend_4,weeks_since_last_positive_demand,year,month,quarter,week_of_year,site_total_active_units,site_active_equipment_type_count,active_excavator_count,active_bulldozer_count,active_grader_count,active_crane_count,active_loader_count,active_roller_count,rental_starts_current_week,rental_ends_current_week,rental_starts_previous_2_weeks,rental_ends_previous_2_weeks
2024-01-01,S001,Bulldozer,0,1,0.0,0.0,0.0,0.0,0.0,0.0,0.0,1,2024,1,1,1,3,3,1,0,1,0,0,1,0,0,0,0
2024-01-08,S001,Bulldozer,1,1,0.0,0.0,0.0,0.0,0.0,0.0,0.0,0,2024,1,1,2,5,4,2,1,1,0,0,1,1,0,0,0
2024-01-15,S001,Bulldozer,1,2,1.0,0.0,0.0,0.0,0.0,0.0,0.0,0,2024,1,1,3,8,5,2,1,0,1,2,2,0,1,1,0
2024-01-22,S001,Bulldozer,2,2,1.0,1.0,0.0,1.0,2.0,0.816496580927726,0.0,0,2024,1,1,4,9,5,2,2,0,1,2,2,2,0,1,1
2024-01-29,S001,Bulldozer,2,0,2.0,1.0,0.0,1.5,2.0,0.5773502691896257,2.0,0,2024,1,1,5,5,3,2,2,0,0,0,1,0,2,2,1
2024-02-05,S001,Bulldozer,0,0,2.0,2.0,1.0,1.25,2.0,0.9574271077563381,-1.0,1,2024,2,1,6,3,3,1,0,1,0,0,1,0,0,2,2
2024-02-12,S001,Bulldozer,0,0,0.0,2.0,1.0,1.0,2.0,1.1547005383792515,-1.0,2,2024,2,1,7,5,4,2,0,1,0,1,1,0,0,0,2
2024-02-19,S001,Bulldozer,0,0,0.0,0.0,2.0,0.5,2.0,1.0,-2.0,3,2024,2,1,8,4,3,2,0,0,0,1,1,0,0,0,0
2024-02-26,S001,Bulldozer,0,1,0.0,0.0,2.0,0.0,0.0,0.0,-2.0,4,2024,2,1,9,4,3,2,0,0,0,1,1,0,0,0,0
2024-03-04,S001,Bulldozer,1,1,0.0,0.0,0.0,0.25,1.0,0.5,1.0,0,2024,3,1,10,6,5,2,1,0,1,1,1,1,0,0,0
2024-03-11,S001,Bulldozer,1,1,1.0,0.0,0.0,0.5,1.0,0.5773502691896257,1.0,0,2024,3,1,11,5,4,2,1,0,1,1,0,0,0,1,0
2024-03-18,S001,Bulldozer,1,0,1.0,1.0,0.0,0.75,1.0,0.5,1.0,0,2024,3,1,12,4,4,0,1,1,1,1,0,0,1,1,0
2024-03-25,S001,Bulldozer,0,0,1.0,1.0,0.0,0.75,1.0,0.5,0.0,1,2024,3,1,13,2,2,0,0,1,0,1,0,0,0,0,1
2024-04-01,S001,Bulldozer,0,0,0.0,1.0,1.0,0.5,1.0,0.5773502691896257,-1.0,2,2024,4,2,14,1,1,1,0,0,0,0,0,0,0,0,1
2024-04-08,S001,Bulldozer,0,0,0.0,0.0,1.0,0.25,1.0,0.5,-1.0,3,2024,4,2,15,3,2,2,0,0,0,0,1,0,0,0,0
2024-04-15,S001,Bulldozer,0,0,0.0,0.0,1.0,0.0,0.0,0.0,-1.0,4,2024,4,2,16,3,2,2,0,0,0,0,1,0,0,0,0
2024-04-22,S001,Bulldozer,0,0,0.0,0.0,0.0,0.0,0.0,0.0,0.0,5,2024,4,2,17,1,1,1,0,0,0,0,0,0,0,0,0
2024-04-29,S001,Bulldozer,0,0,0.0,0.0,0.0,0.0,0.0,0.0,0.0,6,2024,4,2,18,1,1,0,0,0,0,0,1,0,0,0,0
2024-05-06,S001,Bulldozer,0,0,0.0,0.0,0.0,0.0,0.0,0.0,0.0,7,2024,5,2,19,4,4,1,0,0,1,1,1,0,0,0,0
2024-05-13,S001,Bulldozer,0,0,0.0,0.0,0.0,0.0,0.0,0.0,0.0,8,2024,5,2,20,6,5,2,0,1,1,1,1,0,0,0,0
2024-05-20,S001,Bulldozer,0,0,0.0,0.0,0.0,0.0,0.0,0.0,0.0,9,2024,5,2,21,5,3,2,0,1,0,2,0,0,0,0,0
2024-05-27,S001,Bulldozer,0,0,0.0,0.0,0.0,0.0,0.0,0.0,0.0,10,2024,5,2,22,5,3,0,0,0,2,2,1,0,0,0,0
2024-06-03,S001,Bulldozer,0,2,0.0,0.0,0.0,0.0,0.0,0.0,0.0,11,2024,6,2,23,6,3,0,0,0,3,2,1,0,0,0,0
2024-06-10,S001,Bulldozer,2,2,0.0,0.0,0.0,0.5,2.0,1.0,2.0,0,2024,6,2,24,8,4,0,2,0,3,2,1,2,0,0,0
2024-06-17,S001,Bulldozer,2,1,2.0,0.0,0.0,1.0,2.0,1.1547005383792515,2.0,0,2024,6,2,25,6,4,1,2,0,2,0,1,0,1,2,0
2024-06-24,S001,Bulldozer,1,0,2.0,2.0,0.0,1.25,2.0,0.9574271077563382,1.0,0,2024,6,2,26,6,5,1,1,2,0,1,1,0,1,2,1
2024-07-01,S001,Bulldozer,0,0,1.0,2.0,0.0,1.25,2.0,0.9574271077563382,0.0,1,2024,7,3,27,5,4,1,0,2,0,1,1,0,0,0,2
2024-07-08,S001,Bulldozer,0,1,0.0,1.0,2.0,0.75,2.0,0.9574271077563382,-2.0,2,2024,7,3,28,1,1,1,0,0,0,0,0,0,0,0,1
2024-07-15,S001,Bulldozer,1,1,0.0,0.0,2.0,0.5,1.0,0.5773502691896258,-1.0,0,2024,7,3,29,1,1,0,1,0,0,0,0,1,0,0,0
2024-07-22,S001,Bulldozer,1,2,1.0,0.0,1.0,0.5,1.0,0.5773502691896258,0.0,0,2024,7,3,30,1,1,0,1,0,0,0,0,0,0,1,0
2024-07-29,S001,Bulldozer,2,2,1.0,1.0,0.0,1.0,2.0,0.8164965809277263,2.0,0,2024,7,3,31,2,1,0,2,0,0,0,0,1,0,1,0
2024-08-05,S001,Bulldozer,2,2,2.0,1.0,0.0,1.5,2.0,0.5773502691896261,2.0,0,2024,8,3,32,3,2,1,2,0,0,0,0,0,0,1,0
2024-08-12,S001,Bulldozer,2,2,2.0,2.0,1.0,1.75,2.0,0.5000000000000002,1.0,0,2024,8,3,33,5,4,1,2,1,1,0,0,0,0,1,0
2024-08-19,S001,Bulldozer,2,0,2.0,2.0,1.0,2.0,2.0,0.0,1.0,0,2024,8,3,34,6,4,2,2,1,1,0,0,0,2,0,0
2024-08-26,S001,Bulldozer,0,0,2.0,2.0,2.0,1.5,2.0,1.0,-2.0,1,2024,8,3,35,5,4,2,0,1,1,0,1,0,0,0,2
2024-09-02,S001,Bulldozer,0,0,0.0,2.0,2.0,1.0,2.0,1.1547005383792515,-2.0,2,2024,9,3,36,3,2,2,0,0,0,0,1,0,0,0,2
2024-09-09,S001,Bulldozer,0,0,0.0,0.0,2.0,0.5,2.0,1.0,-2.0,3,2024,9,3,37,3,3,1,0,1,0,0,1,0,0,0,0
2024-09-16,S001,Bulldozer,0,1,0.0,0.0,2.0,0.0,0.0,0.0,-2.0,4,2024,9,3,38,3,3,1,0,1,0,0,1,0,0,0,0
2024-09-23,S001,Bulldozer,1,1,0.0,0.0,0.0,0.25,1.0,0.5,1.0,0,2024,9,3,39,3,3,1,1,0,0,0,1,1,0,0,0
2024-09-30,S001,Bulldozer,1,0,1.0,0.0,0.0,0.5,1.0,0.5773502691896257,1.0,0,2024,9,3,40,4,4,1,1,1,0,0,1,0,1,1,0
2024-10-07,S001,Bulldozer,0,1,1.0,1.0,0.0,0.5,1.0,0.5773502691896257,0.0,1,2024,10,4,41,2,2,1,0,1,0,0,0,0,0,1,1
2024-10-14,S001,Bulldozer,1,2,0.0,1.0,0.0,0.75,1.0,0.5,1.0,0,2024,10,4,42,2,2,1,1,0,0,0,0,1,0,0,1
2024-10-21,S001,Bulldozer,2,2,1.0,0.0,1.0,1.0,2.0,0.816496580927726,1.0,0,2024,10,4,43,6,4,2,2,1,0,0,1,1,0,1,0
2024-10-28,S001,Bulldozer,2,2,2.0,1.0,1.0,1.25,2.0,0.9574271077563381,1.0,0,2024,10,4,44,7,4,2,2,2,0,0,1,0,0,2,0
2024-11-04,S001,Bulldozer,2,0,2.0,2.0,0.0,1.75,2.0,0.4999999999999999,2.0,0,2024,11,4,45,7,5,1,2,2,0,1,1,0,2,1,0
2024-11-11,S001,Bulldozer,0,0,2.0,2.0,1.0,1.5,2.0,1.0,-1.0,1,2024,11,4,46,6,4,1,0,2,0,2,1,0,0,0,2
2024-11-18,S001,Bulldozer,0,0,0.0,2.0,2.0,1.0,2.0,1.1547005383792515,-2.0,2,2024,11,4,47,4,3,1,0,0,0,2,1,0,0,0,2
2024-11-25,S001,Bulldozer,0,0,0.0,0.0,2.0,0.5,2.0,1.0,-2.0,3,2024,11,4,48,2,2,1,0,0,0,1,0,0,0,0,0
2024-12-02,S001,Bulldozer,0,0,0.0,0.0,2.0,0.0,0.0,0.0,-2.0,4,2024,12,4,49,2,2,1,0,0,0,1,0,0,0,0,0
2024-12-09,S001,Bulldozer,0,0,0.0,0.0,0.0,0.0,0.0,0.0,0.0,5,2024,12,4,50,2,2,0,0,0,1,1,0,0,0,0,0
2024-12-16,S001,Bulldozer,0,1,0.0,0.0,0.0,0.0,0.0,0.0,0.0,6,2024,12,4,51,1,1,0,0,0,1,0,0,0,0,0,0
2024-12-23,S001,Bulldozer,1,1,0.0,0.0,0.0,0.25,1.0,0.5,1.0,0,2024,12,4,52,2,2,0,1,0,1,0,0,1,0,0,0
2024-12-30,S001,Bulldozer,1,1,1.0,0.0,0.0,0.5,1.0,0.5773502691896257,1.0,0,2024,12,4,1,4,3,0,1,0,1,2,0,0,0,1,0
2025-01-06,S001,Bulldozer,1,3,1.0,1.0,0.0,0.75,1.0,0.5,1.0,0,2025,1,1,2,6,4,2,1,0,1,2,0,0,0,1,0
2025-01-13,S001,Bulldozer,3,3,1.0,1.0,0.0,1.5,3.0,1.0,3.0,0,2025,1,1,3,6,3,2,3,0,0,1,0,2,0,0,0
2025-01-20,S001,Bulldozer,3,1,3.0,1.0,1.0,2.0,3.0,1.1547005383792515,2.0,0,2025,1,1,4,6,3,2,3,1,0,0,0,0,2,2,0
2025-01-27,S001,Bulldozer,1,0,3.0,3.0,1.0,2.0,3.0,1.1547005383792515,0.0,0,2025,1,1,5,3,3,1,1,1,0,0,0,0,1,2,2
2025-02-03,S001,Bulldozer,0,1,1.0,3.0,1.0,1.75,3.0,1.5,-1.0,1,2025,2,1,6,3,2,2,0,0,0,0,1,0,0,0,3
2025-02-10,S001,Bulldozer,1,1,0.0,1.0,3.0,1.25,3.0,1.2583057392117916,-2.0,0,2025,2,1,7,4,3,2,1,0,0,0,1,1,0,0,1
2025-02-17,S001,Bulldozer,1,0,1.0,0.0,3.0,0.75,1.0,0.4999999999999995,-2.0,0,2025,2,1,8,1,1,0,1,0,0,0,0,0,1,1,0
2025-02-24,S001,Bulldozer,0,0,1.0,1.0,1.0,0.5,1.0,0.5773502691896253,-1.0,1,2025,2,1,9,0,0,0,0,0,0,0,0,0,0,1,1
2025-03-03,S001,Bulldozer,0,0,0.0,1.0,0.0,0.5,1.0,0.5773502691896253,0.0,2,2025,3,1,10,0,0,0,0,0,0,0,0,0,0,0,1
2025-03-10,S001,Bulldozer,0,1,0.0,0.0,1.0,0.25,1.0,0.4999999999999995,-1.0,3,2025,3,1,11,2,2,1,0,0,0,1,0,0,0,0,0
2025-03-17,S001,Bulldozer,1,2,0.0,0.0,1.0,0.25,1.0,0.5,0.0,0,2025,3,1,12,3,3,1,1,0,0,1,0,1,0,0,0
2025-03-24,S001,Bulldozer,2,2,1.0,0.0,0.0,0.75,2.0,0.9574271077563381,2.0,0,2025,3,1,13,5,4,1,2,1,0,1,0,1,0,1,0
2025-03-31,S001,Bulldozer,2,0,2.0,1.0,0.0,1.25,2.0,0.9574271077563381,2.0,0,2025,3,1,14,5,4,1,2,1,0,1,0,0,2,2,0
2025-04-07,S001,Bulldozer,0,0,2.0,2.0,0.0,1.25,2.0,0.9574271077563381,0.0,1,2025,4,2,15,2,2,1,0,1,0,0,0,0,0,1,2
2025-04-14,S001,Bulldozer,0,0,0.0,2.0,1.0,1.0,2.0,1.1547005383792515,-1.0,2,2025,4,2,16,2,1,2,0,0,0,0,0,0,0,0,2
2025-04-21,S001,Bulldozer,0,2,0.0,0.0,2.0,0.5,2.0,1.0,-2.0,3,2025,4,2,17,6,4,3,0,0,1,1,1,0,0,0,0
2025-04-28,S001,Bulldozer,2,2,0.0,0.0,2.0,0.5,2.0,1.0,0.0,0,2025,4,2,18,9,5,3,2,0,1,2,1,2,0,0,0
2025-05-05,S001,Bulldozer,2,0,2.0,0.0,0.0,1.0,2.0,1.1547005383792515,2.0,0,2025,5,2,19,9,4,4,2,1,0,2,0,0,2,2,0
2025-05-12,S001,Bulldozer,0,1,2.0,2.0,0.0,1.0,2.0,1.1547005383792515,0.0,1,2025,5,2,20,10,4,5,0,2,0,1,2,0,0,2,2
2025-05-19,S001,Bulldozer,1,2,0.0,2.0,0.0,1.25,2.0,0.9574271077563382,1.0,0,2025,5,2,21,12,6,5,1,2,1,1,2,1,0,0,2
2025-05-26,S001,Bulldozer,2,2,1.0,0.0,2.0,1.25,2.0,0.9574271077563382,0.0,0,2025,5,2,22,8,5,0,2,3,1,1,1,1,0,1,0
2025-06-02,S001,Bulldozer,2,1,2.0,1.0,2.0,1.25,2.0,0.9574271077563382,0.0,0,2025,6,2,23,6,3,0,2,3,0,0,1,0,1,2,0
2025-06-09,S001,Bulldozer,1,2,2.0,2.0,0.0,1.5,2.0,0.5773502691896258,1.0,0,2025,6,2,24,4,4,0,1,1,1,1,0,0,1,1,1
2025-06-16,S001,Bulldozer,2,2,1.0,2.0,1.0,1.75,2.0,0.5000000000000001,1.0,0,2025,6,2,25,6,4,2,2,0,1,1,0,2,0,0,2
2025-06-23,S001,Bulldozer,2,1,2.0,1.0,2.0,1.75,2.0,0.5000000000000001,0.0,0,2025,6,2,26,5,3,2,2,0,1,0,0,0,1,2,1
2025-06-30,S001,Bulldozer,1,1,2.0,2.0,2.0,1.5,2.0,0.5773502691896258,-1.0,0,2025,6,2,27,5,3,2,1,2,0,0,0,0,1,2,1
2025-07-07,S001,Bulldozer,1,1,1.0,2.0,1.0,1.5,2.0,0.5773502691896258,0.0,0,2025,7,3,28,6,5,0,1,2,1,1,1,1,0,0,2
2025-07-14,S001,Bulldozer,1,1,1.0,1.0,2.0,1.25,2.0,0.5000000000000001,-1.0,0,2025,7,3,29,4,4,0,1,0,1,1,1,0,1,1,1
2025-07-21,S001,Bulldozer,1,1,1.0,1.0,2.0,1.0,1.0,0.0,-1.0,0,2025,7,3,30,4,4,0,1,0,1,1,1,1,0,1,1
2025-07-28,S001,Bulldozer,1,0,1.0,1.0,1.0,1.0,1.0,0.0,0.0,0,2025,7,3,31,3,3,0,1,0,1,1,0,0,1,1,1
2025-08-04,S001,Bulldozer,0,0,1.0,1.0,1.0,0.75,1.0,0.5,-1.0,1,2025,8,3,32,1,1,0,0,0,0,1,0,0,0,1,1
2025-08-11,S001,Bulldozer,0,0,0.0,1.0,1.0,0.5,1.0,0.5773502691896257,-1.0,2,2025,8,3,33,1,1,0,0,0,0,1,0,0,0,0,1
2025-08-18,S001,Bulldozer,0,0,0.0,0.0,1.0,0.25,1.0,0.5,-1.0,3,2025,8,3,34,1,1,0,0,0,0,1,0,0,0,0,0
2025-08-25,S001,Bulldozer,0,0,0.0,0.0,1.0,0.0,0.0,0.0,-1.0,4,2025,8,3,35,3,1,0,0,0,0,3,0,0,0,0,0
2025-09-01,S001,Bulldozer,0,0,0.0,0.0,0.0,0.0,0.0,0.0,0.0,5,2025,9,3,36,4,2,0,0,0,0,3,1,0,0,0,0
2025-09-08,S001,Bulldozer,0,0,0.0,0.0,0.0,0.0,0.0,0.0,0.0,6,2025,9,3,37,4,2,0,0,0,0,3,1,0,0,0,0
2025-09-15,S001,Bulldozer,0,0,0.0,0.0,0.0,0.0,0.0,0.0,0.0,7,2025,9,3,38,3,2,0,0,0,0,2,1,0,0,0,0
2025-09-22,S001,Bulldozer,0,0,0.0,0.0,0.0,0.0,0.0,0.0,0.0,8,2025,9,3,39,2,2,0,0,0,1,1,0,0,0,0,0
2025-09-29,S001,Bulldozer,0,0,0.0,0.0,0.0,0.0,0.0,0.0,0.0,9,2025,9,3,40,1,1,0,0,0,1,0,0,0,0,0,0
2025-10-06,S001,Bulldozer,0,0,0.0,0.0,0.0,0.0,0.0,0.0,0.0,10,2025,10,4,41,1,1,0,0,0,0,1,0,0,0,0,0
2025-10-13,S001,Bulldozer,0,0,0.0,0.0,0.0,0.0,0.0,0.0,0.0,11,2025,10,4,42,2,2,0,0,0,1,1,0,0,0,0,0
2025-10-20,S001,Bulldozer,0,0,0.0,0.0,0.0,0.0,0.0,0.0,0.0,12,2025,10,4,43,1,1,0,0,0,1,0,0,0,0,0,0
2025-10-27,S001,Bulldozer,0,0,0.0,0.0,0.0,0.0,0.0,0.0,0.0,13,2025,10,4,44,0,0,0,0,0,0,0,0,0,0,0,0
2025-11-03,S001,Bulldozer,0,0,0.0,0.0,0.0,0.0,0.0,0.0,0.0,14,2025,11,4,45,1,1,0,0,0,0,0,1,0,0,0,0
2025-11-10,S001,Bulldozer,0,1,0.0,0.0,0.0,0.0,0.0,0.0,0.0,15,2025,11,4,46,2,2,1,0,0,0,0,1,0,0,0,0
2025-11-17,S001,Bulldozer,1,3,0.0,0.0,0.0,0.25,1.0,0.5,1.0,0,2025,11,4,47,2,2,1,1,0,0,0,0,1,0,0,0
2025-11-24,S001,Bulldozer,3,3,1.0,0.0,0.0,1.0,3.0,1.4142135623730951,3.0,0,2025,11,4,48,6,3,2,3,1,0,0,0,2,0,1,0
2025-12-01,S001,Bulldozer,3,3,3.0,1.0,0.0,1.75,3.0,1.5,3.0,0,2025,12,4,49,8,4,3,3,1,1,0,0,0,1,3,0
2025-12-08,S001,Bulldozer,3,3,3.0,3.0,0.0,2.5,3.0,0.9999999999999998,3.0,0,2025,12,4,50,11,5,5,3,1,1,0,1,1,0,2,1
2025-12-15,S001,Bulldozer,3,1,3.0,3.0,1.0,3.0,3.0,0.0,2.0,0,2025,12,4,51,12,6,5,3,1,1,1,1,0,2,1,1
2024-01-01,S001,Crane,0,0,0.0,0.0,0.0,0.0,0.0,0.0,0.0,1,2024,1,1,1,3,3,1,0,1,0,0,1,0,0,0,0
2024-01-08,S001,Crane,0,1,0.0,0.0,0.0,0.0,0.0,0.0,0.0,2,2024,1,1,2,5,4,2,1,1,0,0,1,0,0,0,0
2024-01-15,S001,Crane,1,1,0.0,0.0,0.0,0.0,0.0,0.0,0.0,0,2024,1,1,3,8,5,2,1,0,1,2,2,1,0,0,0
2024-01-22,S001,Crane,1,0,1.0,0.0,0.0,0.5,1.0,0.5773502691896257,0.0,0,2024,1,1,4,9,5,2,2,0,1,2,2,0,1,1,0
2024-01-29,S001,Crane,0,0,1.0,1.0,0.0,0.5,1.0,0.5773502691896257,0.0,1,2024,1,1,5,5,3,2,2,0,0,0,1,0,0,1,1
2024-02-05,S001,Crane,0,0,0.0,1.0,0.0,0.5,1.0,0.5773502691896257,0.0,2,2024,2,1,6,3,3,1,0,1,0,0,1,0,0,0,1
2024-02-12,S001,Crane,0,0,0.0,0.0,1.0,0.25,1.0,0.5,-1.0,3,2024,2,1,7,5,4,2,0,1,0,1,1,0,0,0,0
2024-02-19,S001,Crane,0,0,0.0,0.0,1.0,0.0,0.0,0.0,-1.0,4,2024,2,1,8,4,3,2,0,0,0,1,1,0,0,0,0
2024-02-26,S001,Crane,0,1,0.0,0.0,0.0,0.0,0.0,0.0,0.0,5,2024,2,1,9,4,3,2,0,0,0,1,1,0,0,0,0
2024-03-04,S001,Crane,1,1,0.0,0.0,0.0,0.25,1.0,0.5,1.0,0,2024,3,1,10,6,5,2,1,0,1,1,1,1,0,0,0
2024-03-11,S001,Crane,1,1,1.0,0.0,0.0,0.5,1.0,0.5773502691896257,1.0,0,2024,3,1,11,5,4,2,1,0,1,1,0,0,0,1,0
2024-03-18,S001,Crane,1,0,1.0,1.0,0.0,0.75,1.0,0.5,1.0,0,2024,3,1,12,4,4,0,1,1,1,1,0,0,1,1,0
2024-03-25,S001,Crane,0,0,1.0,1.0,0.0,0.75,1.0,0.5,0.0,1,2024,3,1,13,2,2,0,0,1,0,1,0,0,0,0,1
2024-04-01,S001,Crane,0,0,0.0,1.0,1.0,0.5,1.0,0.5773502691896257,-1.0,2,2024,4,2,14,1,1,1,0,0,0,0,0,0,0,0,1
2024-04-08,S001,Crane,0,0,0.0,0.0,1.0,0.25,1.0,0.5,-1.0,3,2024,4,2,15,3,2,2,0,0,0,0,1,0,0,0,0
2024-04-15,S001,Crane,0,0,0.0,0.0,1.0,0.0,0.0,0.0,-1.0,4,2024,4,2,16,3,2,2,0,0,0,0,1,0,0,0,0
2024-04-22,S001,Crane,0,0,0.0,0.0,0.0,0.0,0.0,0.0,0.0,5,2024,4,2,17,1,1,1,0,0,0,0,0,0,0,0,0
2024-04-29,S001,Crane,0,1,0.0,0.0,0.0,0.0,0.0,0.0,0.0,6,2024,4,2,18,1,1,0,0,0,0,0,1,0,0,0,0
2024-05-06,S001,Crane,1,1,0.0,0.0,0.0,0.25,1.0,0.5,1.0,0,2024,5,2,19,4,4,1,0,0,1,1,1,1,0,0,0
2024-05-13,S001,Crane,1,0,1.0,0.0,0.0,0.5,1.0,0.5773502691896257,1.0,0,2024,5,2,20,6,5,2,0,1,1,1,1,0,1,1,0
2024-05-20,S001,Crane,0,2,1.0,1.0,0.0,0.5,1.0,0.5773502691896257,0.0,1,2024,5,2,21,5,3,2,0,1,0,2,0,0,0,1,1
2024-05-27,S001,Crane,2,3,0.0,1.0,0.0,1.0,2.0,0.816496580927726,2.0,0,2024,5,2,22,5,3,0,0,0,2,2,1,2,0,0,1
2024-06-03,S001,Crane,3,3,2.0,0.0,1.0,1.5,3.0,1.2909944487358056,2.0,0,2024,6,2,23,6,3,0,0,0,3,2,1,1,0,2,0
2024-06-10,S001,Crane,3,2,3.0,2.0,1.0,2.0,3.0,1.4142135623730951,2.0,0,2024,6,2,24,8,4,0,2,0,3,2,1,0,1,3,0
2024-06-17,S001,Crane,2,0,3.0,3.0,0.0,2.5,3.0,0.5773502691896258,2.0,0,2024,6,2,25,6,4,1,2,0,2,0,1,0,2,1,1
2024-06-24,S001,Crane,0,0,2.0,3.0,2.0,2.0,3.0,1.4142135623730951,-2.0,1,2024,6,2,26,6,5,1,1,2,0,1,1,0,0,0,3
2024-07-01,S001,Crane,0,0,0.0,2.0,3.0,1.25,3.0,1.5,-3.0,2,2024,7,3,27,5,4,1,0,2,0,1,1,0,0,0,2
2024-07-08,S001,Crane,0,0,0.0,0.0,3.0,0.5,2.0,0.9999999999999999,-3.0,3,2024,7,3,28,1,1,1,0,0,0,0,0,0,0,0,0
2024-07-15,S001,Crane,0,0,0.0,0.0,2.0,0.0,0.0,0.0,-2.0,4,2024,7,3,29,1,1,0,1,0,0,0,0,0,0,0,0
2024-07-22,S001,Crane,0,0,0.0,0.0,0.0,0.0,0.0,0.0,0.0,5,2024,7,3,30,1,1,0,1,0,0,0,0,0,0,0,0
2024-07-29,S001,Crane,0,0,0.0,0.0,0.0,0.0,0.0,0.0,0.0,6,2024,7,3,31,2,1,0,2,0,0,0,0,0,0,0,0
2024-08-05,S001,Crane,0,1,0.0,0.0,0.0,0.0,0.0,0.0,0.0,7,2024,8,3,32,3,2,1,2,0,0,0,0,0,0,0,0
2024-08-12,S001,Crane,1,1,0.0,0.0,0.0,0.25,1.0,0.5,1.0,0,2024,8,3,33,5,4,1,2,1,1,0,0,1,0,0,0
2024-08-19,S001,Crane,1,1,1.0,0.0,0.0,0.5,1.0,0.5773502691896257,1.0,0,2024,8,3,34,6,4,2,2,1,1,0,0,0,0,1,0
2024-08-26,S001,Crane,1,0,1.0,1.0,0.0,0.75,1.0,0.5,1.0,0,2024,8,3,35,5,4,2,0,1,1,0,1,0,1,1,0
2024-09-02,S001,Crane,0,0,1.0,1.0,0.0,0.75,1.0,0.5,0.0,1,2024,9,3,36,3,2,2,0,0,0,0,1,0,0,0,1
2024-09-09,S001,Crane,0,0,0.0,1.0,1.0,0.5,1.0,0.5773502691896257,-1.0,2,2024,9,3,37,3,3,1,0,1,0,0,1,0,0,0,1
2024-09-16,S001,Crane,0,0,0.0,0.0,1.0,0.25,1.0,0.5,-1.0,3,2024,9,3,38,3,3,1,0,1,0,0,1,0,0,0,0
2024-09-23,S001,Crane,0,0,0.0,0.0,1.0,0.0,0.0,0.0,-1.0,4,2024,9,3,39,3,3,1,1,0,0,0,1,0,0,0,0
2024-09-30,S001,Crane,0,0,0.0,0.0,0.0,0.0,0.0,0.0,0.0,5,2024,9,3,40,4,4,1,1,1,0,0,1,0,0,0,0
2024-10-07,S001,Crane,0,0,0.0,0.0,0.0,0.0,0.0,0.0,0.0,6,2024,10,4,41,2,2,1,0,1,0,0,0,0,0,0,0
2024-10-14,S001,Crane,0,0,0.0,0.0,0.0,0.0,0.0,0.0,0.0,7,2024,10,4,42,2,2,1,1,0,0,0,0,0,0,0,0
2024-10-21,S001,Crane,0,0,0.0,0.0,0.0,0.0,0.0,0.0,0.0,8,2024,10,4,43,6,4,2,2,1,0,0,1,0,0,0,0
2024-10-28,S001,Crane,0,0,0.0,0.0,0.0,0.0,0.0,0.0,0.0,9,2024,10,4,44,7,4,2,2,2,0,0,1,0,0,0,0
2024-11-04,S001,Crane,0,0,0.0,0.0,0.0,0.0,0.0,0.0,0.0,10,2024,11,4,45,7,5,1,2,2,0,1,1,0,0,0,0
2024-11-11,S001,Crane,0,0,0.0,0.0,0.0,0.0,0.0,0.0,0.0,11,2024,11,4,46,6,4,1,0,2,0,2,1,0,0,0,0
2024-11-18,S001,Crane,0,0,0.0,0.0,0.0,0.0,0.0,0.0,0.0,12,2024,11,4,47,4,3,1,0,0,0,2,1,0,0,0,0
2024-11-25,S001,Crane,0,0,0.0,0.0,0.0,0.0,0.0,0.0,0.0,13,2024,11,4,48,2,2,1,0,0,0,1,0,0,0,0,0
2024-12-02,S001,Crane,0,1,0.0,0.0,0.0,0.0,0.0,0.0,0.0,14,2024,12,4,49,2,2,1,0,0,0,1,0,0,0,0,0
2024-12-09,S001,Crane,1,1,0.0,0.0,0.0,0.25,1.0,0.5,1.0,0,2024,12,4,50,2,2,0,0,0,1,1,0,1,0,0,0
2024-12-16,S001,Crane,1,1,1.0,0.0,0.0,0.5,1.0,0.5773502691896257,1.0,0,2024,12,4,51,1,1,0,0,0,1,0,0,0,1,1,0
2024-12-23,S001,Crane,1,1,1.0,1.0,0.0,0.75,1.0,0.5,1.0,0,2024,12,4,52,2,2,0,1,0,1,0,0,1,0,1,1
2024-12-30,S001,Crane,1,1,1.0,1.0,0.0,1.0,1.0,0.0,1.0,0,2024,12,4,1,4,3,0,1,0,1,2,0,0,0,1,1
2025-01-06,S001,Crane,1,0,1.0,1.0,1.0,1.0,1.0,0.0,0.0,0,2025,1,1,2,6,4,2,1,0,1,2,0,0,1,1,0
2025-01-13,S001,Crane,0,0,1.0,1.0,1.0,0.75,1.0,0.5,-1.0,1,2025,1,1,3,6,3,2,3,0,0,1,0,0,0,0,1
2025-01-20,S001,Crane,0,0,0.0,1.0,1.0,0.5,1.0,0.5773502691896257,-1.0,2,2025,1,1,4,6,3,2,3,1,0,0,0,0,0,0,1
2025-01-27,S001,Crane,0,0,0.0,0.0,1.0,0.25,1.0,0.5,-1.0,3,2025,1,1,5,3,3,1,1,1,0,0,0,0,0,0,0
2025-02-03,S001,Crane,0,0,0.0,0.0,1.0,0.0,0.0,0.0,-1.0,4,2025,2,1,6,3,2,2,0,0,0,0,1,0,0,0,0
2025-02-10,S001,Crane,0,0,0.0,0.0,0.0,0.0,0.0,0.0,0.0,5,2025,2,1,7,4,3,2,1,0,0,0,1,0,0,0,0
2025-02-17,S001,Crane,0,0,0.0,0.0,0.0,0.0,0.0,0.0,0.0,6,2025,2,1,8,1,1,0,1,0,0,0,0,0,0,0,0
2025-02-24,S001,Crane,0,0,0.0,0.0,0.0,0.0,0.0,0.0,0.0,7,2025,2,1,9,0,0,0,0,0,0,0,0,0,0,0,0
2025-03-03,S001,Crane,0,0,0.0,0.0,0.0,0.0,0.0,0.0,0.0,8,2025,3,1,10,0,0,0,0,0,0,0,0,0,0,0,0
2025-03-10,S001,Crane,0,0,0.0,0.0,0.0,0.0,0.0,0.0,0.0,9,2025,3,1,11,2,2,1,0,0,0,1,0,0,0,0,0
2025-03-17,S001,Crane,0,0,0.0,0.0,0.0,0.0,0.0,0.0,0.0,10,2025,3,1,12,3,3,1,1,0,0,1,0,0,0,0,0
2025-03-24,S001,Crane,0,0,0.0,0.0,0.0,0.0,0.0,0.0,0.0,11,2025,3,1,13,5,4,1,2,1,0,1,0,0,0,0,0
2025-03-31,S001,Crane,0,0,0.0,0.0,0.0,0.0,0.0,0.0,0.0,12,2025,3,1,14,5,4,1,2,1,0,1,0,0,0,0,0
2025-04-07,S001,Crane,0,0,0.0,0.0,0.0,0.0,0.0,0.0,0.0,13,2025,4,2,15,2,2,1,0,1,0,0,0,0,0,0,0
2025-04-14,S001,Crane,0,1,0.0,0.0,0.0,0.0,0.0,0.0,0.0,14,2025,4,2,16,2,1,2,0,0,0,0,0,0,0,0,0
2025-04-21,S001,Crane,1,1,0.0,0.0,0.0,0.25,1.0,0.5,1.0,0,2025,4,2,17,6,4,3,0,0,1,1,1,1,0,0,0
2025-04-28,S001,Crane,1,0,1.0,0.0,0.0,0.5,1.0,0.5773502691896257,1.0,0,2025,4,2,18,9,5,3,2,0,1,2,1,0,1,1,0
2025-05-05,S001,Crane,0,0,1.0,1.0,0.0,0.5,1.0,0.5773502691896257,0.0,1,2025,5,2,19,9,4,4,2,1,0,2,0,0,0,1,1
2025-05-12,S001,Crane,0,1,0.0,1.0,0.0,0.5,1.0,0.5773502691896257,0.0,2,2025,5,2,20,10,4,5,0,2,0,1,2,0,0,0,1
2025-05-19,S001,Crane,1,1,0.0,0.0,1.0,0.5,1.0,0.5773502691896257,0.0,0,2025,5,2,21,12,6,5,1,2,1,1,2,1,0,0,0
2025-05-26,S001,Crane,1,0,1.0,0.0,1.0,0.5,1.0,0.5773502691896257,0.0,0,2025,5,2,22,8,5,0,2,3,1,1,1,0,1,1,0
2025-06-02,S001,Crane,0,1,1.0,1.0,0.0,0.5,1.0,0.5773502691896257,0.0,1,2025,6,2,23,6,3,0,2,3,0,0,1,0,0,1,1
2025-06-09,S001,Crane,1,1,0.0,1.0,0.0,0.75,1.0,0.5,1.0,0,2025,6,2,24,4,4,0,1,1,1,1,0,1,0,0,1
2025-06-16,S001,Crane,1,1,1.0,0.0,1.0,0.75,1.0,0.5,0.0,0,2025,6,2,25,6,4,2,2,0,1,1,0,0,0,1,0
2025-06-23,S001,Crane,1,0,1.0,1.0,1.0,0.75,1.0,0.5,0.0,0,2025,6,2,26,5,3,2,2,0,1,0,0,0,1,1,0
2025-06-30,S001,Crane,0,1,1.0,1.0,0.0,0.75,1.0,0.5,0.0,1,2025,6,2,27,5,3,2,1,2,0,0,0,0,0,0,1
2025-07-07,S001,Crane,1,1,0.0,1.0,1.0,0.75,1.0,0.5,0.0,0,2025,7,3,28,6,5,0,1,2,1,1,1,1,0,0,1
2025-07-14,S001,Crane,1,1,1.0,0.0,1.0,0.75,1.0,0.5,0.0,0,2025,7,3,29,4,4,0,1,0,1,1,1,0,0,1,0
2025-07-21,S001,Crane,1,1,1.0,1.0,1.0,0.75,1.0,0.5,0.0,0,2025,7,3,30,4,4,0,1,0,1,1,1,0,0,1,0
2025-07-28,S001,Crane,1,0,1.0,1.0,0.0,1.0,1.0,0.0,1.0,0,2025,7,3,31,3,3,0,1,0,1,1,0,0,1,0,0
2025-08-04,S001,Crane,0,0,1.0,1.0,1.0,0.75,1.0,0.5,-1.0,1,2025,8,3,32,1,1,0,0,0,0,1,0,0,0,0,1
2025-08-11,S001,Crane,0,0,0.0,1.0,1.0,0.5,1.0,0.5773502691896257,-1.0,2,2025,8,3,33,1,1,0,0,0,0,1,0,0,0,0,1
2025-08-18,S001,Crane,0,0,0.0,0.0,1.0,0.25,1.0,0.5,-1.0,3,2025,8,3,34,1,1,0,0,0,0,1,0,0,0,0,0
2025-08-25,S001,Crane,0,0,0.0,0.0,1.0,0.0,0.0,0.0,-1.0,4,2025,8,3,35,3,1,0,0,0,0,3,0,0,0,0,0
2025-09-01,S001,Crane,0,0,0.0,0.0,0.0,0.0,0.0,0.0,0.0,5,2025,9,3,36,4,2,0,0,0,0,3,1,0,0,0,0
2025-09-08,S001,Crane,0,0,0.0,0.0,0.0,0.0,0.0,0.0,0.0,6,2025,9,3,37,4,2,0,0,0,0,3,1,0,0,0,0
2025-09-15,S001,Crane,0,1,0.0,0.0,0.0,0.0,0.0,0.0,0.0,7,2025,9,3,38,3,2,0,0,0,0,2,1,0,0,0,0
2025-09-22,S001,Crane,1,1,0.0,0.0,0.0,0.25,1.0,0.5,1.0,0,2025,9,3,39,2,2,0,0,0,1,1,0,1,0,0,0
2025-09-29,S001,Crane,1,0,1.0,0.0,0.0,0.5,1.0,0.5773502691896257,1.0,0,2025,9,3,40,1,1,0,0,0,1,0,0,0,1,1,0
2025-10-06,S001,Crane,0,1,1.0,1.0,0.0,0.5,1.0,0.5773502691896257,0.0,1,2025,10,4,41,1,1,0,0,0,0,1,0,0,0,1,1
2025-10-13,S001,Crane,1,1,0.0,1.0,0.0,0.75,1.0,0.5,1.0,0,2025,10,4,42,2,2,0,0,0,1,1,0,1,0,0,1
2025-10-20,S001,Crane,1,0,1.0,0.0,1.0,0.75,1.0,0.5,0.0,0,2025,10,4,43,1,1,0,0,0,1,0,0,0,1,1,0
2025-10-27,S001,Crane,0,0,1.0,1.0,1.0,0.5,1.0,0.5773502691896257,-1.0,1,2025,10,4,44,0,0,0,0,0,0,0,0,0,0,1,1
2025-11-03,S001,Crane,0,0,0.0,1.0,0.0,0.5,1.0,0.5773502691896257,0.0,2,2025,11,4,45,1,1,0,0,0,0,0,1,0,0,0,1
2025-11-10,S001,Crane,0,0,0.0,0.0,1.0,0.25,1.0,0.5,-1.0,3,2025,11,4,46,2,2,1,0,0,0,0,1,0,0,0,0
2025-11-17,S001,Crane,0,0,0.0,0.0,1.0,0.0,0.0,0.0,-1.0,4,2025,11,4,47,2,2,1,1,0,0,0,0,0,0,0,0
2025-11-24,S001,Crane,0,1,0.0,0.0,0.0,0.0,0.0,0.0,0.0,5,2025,11,4,48,6,3,2,3,1,0,0,0,0,0,0,0
2025-12-01,S001,Crane,1,1,0.0,0.0,0.0,0.25,1.0,0.5,1.0,0,2025,12,4,49,8,4,3,3,1,1,0,0,1,0,0,0
2025-12-08,S001,Crane,1,1,1.0,0.0,0.0,0.5,1.0,0.5773502691896257,1.0,0,2025,12,4,50,11,5,5,3,1,1,0,1,0,1,1,0
2025-12-15,S001,Crane,1,1,1.0,1.0,0.0,0.75,1.0,0.5,1.0,0,2025,12,4,51,12,6,5,3,1,1,1,1,1,0,1,1
2024-01-01,S001,Excavator,1,2,0.0,0.0,0.0,0.0,0.0,0.0,0.0,0,2024,1,1,1,3,3,1,0,1,0,0,1,1,0,0,0
2024-01-08,S001,Excavator,2,2,1.0,0.0,0.0,0.0,0.0,0.0,0.0,0,2024,1,1,2,5,4,2,1,1,0,0,1,1,0,1,0
2024-01-15,S001,Excavator,2,2,2.0,1.0,0.0,0.0,0.0,0.0,0.0,0,2024,1,1,3,8,5,2,1,0,1,2,2,0,0,2,0
2024-01-22,S001,Excavator,2,2,2.0,2.0,0.0,1.75,2.0,0.5,0.0,0,2024,1,1,4,9,5,2,2,0,1,2,2,0,0,1,0
2024-01-29,S001,Excavator,2,1,2.0,2.0,1.0,2.0,2.0,0.0,1.0,0,2024,1,1,5,5,3,2,2,0,0,0,1,0,2,0,0
2024-02-05,S001,Excavator,1,2,2.0,2.0,2.0,1.75,2.0,0.5,-1.0,0,2024,2,1,6,3,3,1,0,1,0,0,1,1,0,0,2
2024-02-12,S001,Excavator,2,2,1.0,2.0,2.0,1.75,2.0,0.5,0.0,0,2024,2,1,7,5,4,2,0,1,0,1,1,1,0,1,2
2024-02-19,S001,Excavator,2,2,2.0,1.0,2.0,1.75,2.0,0.5,0.0,0,2024,2,1,8,4,3,2,0,0,0,1,1,0,1,2,0
2024-02-26,S001,Excavator,2,2,2.0,2.0,2.0,1.75,2.0,0.5,0.0,0,2024,2,1,9,4,3,2,0,0,0,1,1,1,0,1,1
2024-03-04,S001,Excavator,2,2,2.0,2.0,1.0,2.0,2.0,0.0,1.0,0,2024,3,1,10,6,5,2,1,0,1,1,1,0,0,1,1
2024-03-11,S001,Excavator,2,0,2.0,2.0,2.0,2.0,2.0,0.0,0.0,0,2024,3,1,11,5,4,2,1,0,1,1,0,0,2,1,0
2024-03-18,S001,Excavator,0,0,2.0,2.0,2.0,1.5,2.0,1.0,-2.0,1,2024,3,1,12,4,4,0,1,1,1,1,0,0,0,0,2
2024-03-25,S001,Excavator,0,1,0.0,2.0,2.0,1.0,2.0,1.1547005383792515,-2.0,2,2024,3,1,13,2,2,0,0,1,0,1,0,0,0,0,2
2024-04-01,S001,Excavator,1,2,0.0,0.0,2.0,0.75,2.0,0.9574271077563382,-1.0,0,2024,4,2,14,1,1,1,0,0,0,0,0,1,0,0,0
2024-04-08,S001,Excavator,2,2,1.0,0.0,2.0,0.75,2.0,0.9574271077563382,0.0,0,2024,4,2,15,3,2,2,0,0,0,0,1,1,0,1,0
2024-04-15,S001,Excavator,2,1,2.0,1.0,0.0,1.25,2.0,0.9574271077563382,2.0,0,2024,4,2,16,3,2,2,0,0,0,0,1,0,1,2,0
2024-04-22,S001,Excavator,1,0,2.0,2.0,0.0,1.5,2.0,0.5773502691896258,1.0,0,2024,4,2,17,1,1,1,0,0,0,0,0,0,1,1,1
2024-04-29,S001,Excavator,0,1,1.0,2.0,1.0,1.25,2.0,0.9574271077563382,-1.0,1,2024,4,2,18,1,1,0,0,0,0,0,1,0,0,0,2
2024-05-06,S001,Excavator,1,2,0.0,1.0,2.0,1.0,2.0,0.8164965809277261,-1.0,0,2024,5,2,19,4,4,1,0,0,1,1,1,1,0,0,1
2024-05-13,S001,Excavator,2,2,1.0,0.0,2.0,1.0,2.0,0.8164965809277261,0.0,0,2024,5,2,20,6,5,2,0,1,1,1,1,1,0,1,0
2024-05-20,S001,Excavator,2,0,2.0,1.0,1.0,1.25,2.0,0.9574271077563382,1.0,0,2024,5,2,21,5,3,2,0,1,0,2,0,0,2,2,0
2024-05-27,S001,Excavator,0,0,2.0,2.0,0.0,1.25,2.0,0.9574271077563382,0.0,1,2024,5,2,22,5,3,0,0,0,2,2,1,0,0,1,2
2024-06-03,S001,Excavator,0,0,0.0,2.0,1.0,1.0,2.0,1.1547005383792515,-1.0,2,2024,6,2,23,6,3,0,0,0,3,2,1,0,0,0,2
2024-06-10,S001,Excavator,0,1,0.0,0.0,2.0,0.5,2.0,1.0,-2.0,3,2024,6,2,24,8,4,0,2,0,3,2,1,0,0,0,0
2024-06-17,S001,Excavator,1,1,0.0,0.0,2.0,0.25,1.0,0.5,-1.0,0,2024,6,2,25,6,4,1,2,0,2,0,1,1,0,0,0
2024-06-24,S001,Excavator,1,1,1.0,0.0,0.0,0.5,1.0,0.5773502691896257,1.0,0,2024,6,2,26,6,5,1,1,2,0,1,1,0,1,1,0
2024-07-01,S001,Excavator,1,1,1.0,1.0,0.0,0.75,1.0,0.5,1.0,0,2024,7,3,27,5,4,1,0,2,0,1,1,1,0,1,1
2024-07-08,S001,Excavator,1,0,1.0,1.0,0.0,1.0,1.0,0.0,1.0,0,2024,7,3,28,1,1,1,0,0,0,0,0,0,1,1,1
2024-07-15,S001,Excavator,0,0,1.0,1.0,1.0,0.75,1.0,0.5,-1.0,1,2024,7,3,29,1,1,0,1,0,0,0,0,0,0,1,1
2024-07-22,S001,Excavator,0,0,0.0,1.0,1.0,0.5,1.0,0.5773502691896257,-1.0,2,2024,7,3,30,1,1,0,1,0,0,0,0,0,0,0,1
2024-07-29,S001,Excavator,0,1,0.0,0.0,1.0,0.25,1.0,0.5,-1.0,3,2024,7,3,31,2,1,0,2,0,0,0,0,0,0,0,0
2024-08-05,S001,Excavator,1,1,0.0,0.0,1.0,0.25,1.0,0.5,0.0,0,2024,8,3,32,3,2,1,2,0,0,0,0,1,0,0,0
2024-08-12,S001,Excavator,1,2,1.0,0.0,0.0,0.5,1.0,0.5773502691896257,1.0,0,2024,8,3,33,5,4,1,2,1,1,0,0,0,1,1,0
2024-08-19,S001,Excavator,2,2,1.0,1.0,0.0,1.0,2.0,0.816496580927726,2.0,0,2024,8,3,34,6,4,2,2,1,1,0,0,2,0,1,1
2024-08-26,S001,Excavator,2,2,2.0,1.0,0.0,1.5,2.0,0.5773502691896257,2.0,0,2024,8,3,35,5,4,2,0,1,1,0,1,0,0,2,1
2024-09-02,S001,Excavator,2,1,2.0,2.0,1.0,1.75,2.0,0.5,1.0,0,2024,9,3,36,3,2,2,0,0,0,0,1,0,2,2,0
2024-09-09,S001,Excavator,1,1,2.0,2.0,1.0,1.75,2.0,0.5,0.0,0,2024,9,3,37,3,3,1,0,1,0,0,1,1,0,0,2
2024-09-16,S001,Excavator,1,1,1.0,2.0,2.0,1.5,2.0,0.5773502691896257,-1.0,0,2024,9,3,38,3,3,1,0,1,0,0,1,0,0,1,2
2024-09-23,S001,Excavator,1,1,1.0,1.0,2.0,1.25,2.0,0.5,-1.0,0,2024,9,3,39,3,3,1,1,0,0,0,1,0,1,1,0
2024-09-30,S001,Excavator,1,1,1.0,1.0,2.0,1.0,1.0,0.0,-1.0,0,2024,9,3,40,4,4,1,1,1,0,0,1,1,0,0,1
2024-10-07,S001,Excavator,1,1,1.0,1.0,1.0,1.0,1.0,0.0,0.0,0,2024,10,4,41,2,2,1,0,1,0,0,0,0,1,1,1
2024-10-14,S001,Excavator,1,2,1.0,1.0,1.0,1.0,1.0,0.0,0.0,0,2024,10,4,42,2,2,1,1,0,0,0,0,1,0,1,1
2024-10-21,S001,Excavator,2,2,1.0,1.0,1.0,1.25,2.0,0.5,1.0,0,2024,10,4,43,6,4,2,2,1,0,0,1,1,0,1,1
2024-10-28,S001,Excavator,2,1,2.0,1.0,1.0,1.5,2.0,0.5773502691896257,1.0,0,2024,10,4,44,7,4,2,2,2,0,0,1,0,1,2,0
2024-11-04,S001,Excavator,1,1,2.0,2.0,1.0,1.5,2.0,0.5773502691896257,0.0,0,2024,11,4,45,7,5,1,2,2,0,1,1,0,0,1,1
2024-11-11,S001,Excavator,1,1,1.0,2.0,1.0,1.5,2.0,0.5773502691896257,0.0,0,2024,11,4,46,6,4,1,0,2,0,2,1,0,1,0,1
2024-11-18,S001,Excavator,1,1,1.0,1.0,2.0,1.25,2.0,0.5,-1.0,0,2024,11,4,47,4,3,1,0,0,0,2,1,1,0,0,1
2024-11-25,S001,Excavator,1,1,1.0,1.0,2.0,1.0,1.0,0.0,-1.0,0,2024,11,4,48,2,2,1,0,0,0,1,0,0,0,1,1
2024-12-02,S001,Excavator,1,0,1.0,1.0,1.0,1.0,1.0,0.0,0.0,0,2024,12,4,49,2,2,1,0,0,0,1,0,0,1,1,0
2024-12-09,S001,Excavator,0,0,1.0,1.0,1.0,0.75,1.0,0.5,-1.0,1,2024,12,4,50,2,2,0,0,0,1,1,0,0,0,0,1
2024-12-16,S001,Excavator,0,0,0.0,1.0,1.0,0.5,1.0,0.5773502691896257,-1.0,2,2024,12,4,51,1,1,0,0,0,1,0,0,0,0,0,1
2024-12-23,S001,Excavator,0,0,0.0,0.0,1.0,0.25,1.0,0.5,-1.0,3,2024,12,4,52,2,2,0,1,0,1,0,0,0,0,0,0
2024-12-30,S001,Excavator,0,2,0.0,0.0,1.0,0.0,0.0,0.0,-1.0,4,2024,12,4,1,4,3,0,1,0,1,2,0,0,0,0,0
2025-01-06,S001,Excavator,2,2,0.0,0.0,0.0,0.5,2.0,1.0,2.0,0,2025,1,1,2,6,4,2,1,0,1,2,0,2,0,0,0
2025-01-13,S001,Excavator,2,2,2.0,0.0,0.0,1.0,2.0,1.1547005383792515,2.0,0,2025,1,1,3,6,3,2,3,0,0,1,0,0,0,2,0
2025-01-20,S001,Excavator,2,1,2.0,2.0,0.0,1.5,2.0,1.0,2.0,0,2025,1,1,4,6,3,2,3,1,0,0,0,0,2,2,0
2025-01-27,S001,Excavator,1,2,2.0,2.0,0.0,1.75,2.0,0.5,1.0,0,2025,1,1,5,3,3,1,1,1,0,0,0,1,0,0,2
2025-02-03,S001,Excavator,2,2,1.0,2.0,2.0,1.75,2.0,0.5,0.0,0,2025,2,1,6,3,2,2,0,0,0,0,1,1,0,1,2
2025-02-10,S001,Excavator,2,0,2.0,1.0,2.0,1.75,2.0,0.5,0.0,0,2025,2,1,7,4,3,2,1,0,0,0,1,0,2,2,0
2025-02-17,S001,Excavator,0,0,2.0,2.0,2.0,1.25,2.0,0.9574271077563381,-2.0,1,2025,2,1,8,1,1,0,1,0,0,0,0,0,0,1,2
2025-02-24,S001,Excavator,0,0,0.0,2.0,1.0,1.0,2.0,1.1547005383792515,-1.0,2,2025,2,1,9,0,0,0,0,0,0,0,0,0,0,0,2
2025-03-03,S001,Excavator,0,1,0.0,0.0,2.0,0.5,2.0,1.0,-2.0,3,2025,3,1,10,0,0,0,0,0,0,0,0,0,0,0,0
2025-03-10,S001,Excavator,1,1,0.0,0.0,2.0,0.25,1.0,0.5,-1.0,0,2025,3,1,11,2,2,1,0,0,0,1,0,1,0,0,0
2025-03-17,S001,Excavator,1,1,1.0,0.0,0.0,0.5,1.0,0.5773502691896257,1.0,0,2025,3,1,12,3,3,1,1,0,0,1,0,0,0,1,0
2025-03-24,S001,Excavator,1,1,1.0,1.0,0.0,0.75,1.0,0.5,1.0,0,2025,3,1,13,5,4,1,2,1,0,1,0,0,0,1,0
2025-03-31,S001,Excavator,1,1,1.0,1.0,0.0,1.0,1.0,0.0,1.0,0,2025,3,1,14,5,4,1,2,1,0,1,0,0,0,0,0
2025-04-07,S001,Excavator,1,2,1.0,1.0,1.0,1.0,1.0,0.0,0.0,0,2025,4,2,15,2,2,1,0,1,0,0,0,0,0,0,0
2025-04-14,S001,Excavator,2,3,1.0,1.0,1.0,1.25,2.0,0.5,1.0,0,2025,4,2,16,2,1,2,0,0,0,0,0,1,0,0,0
2025-04-21,S001,Excavator,3,3,2.0,1.0,1.0,1.75,3.0,0.9574271077563381,2.0,0,2025,4,2,17,6,4,3,0,0,1,1,1,1,0,1,0
2025-04-28,S001,Excavator,3,4,3.0,2.0,1.0,2.25,3.0,0.9574271077563381,2.0,0,2025,4,2,18,9,5,3,2,0,1,2,1,0,1,2,0
2025-05-05,S001,Excavator,4,5,3.0,3.0,1.0,3.0,4.0,0.8164965809277261,3.0,0,2025,5,2,19,9,4,4,2,1,0,2,0,2,0,1,1
2025-05-12,S001,Excavator,5,5,4.0,3.0,2.0,3.75,5.0,0.9574271077563381,3.0,0,2025,5,2,20,10,4,5,0,2,0,1,2,1,0,2,1
2025-05-19,S001,Excavator,5,0,5.0,4.0,3.0,4.25,5.0,0.9574271077563381,2.0,0,2025,5,2,21,12,6,5,1,2,1,1,2,0,5,3,0
2025-05-26,S001,Excavator,0,0,5.0,5.0,3.0,3.5,5.0,2.3804761428476167,-3.0,1,2025,5,2,22,8,5,0,2,3,1,1,1,0,0,1,5
2025-06-02,S001,Excavator,0,0,0.0,5.0,4.0,2.5,5.0,2.886751345948129,-4.0,2,2025,6,2,23,6,3,0,2,3,0,0,1,0,0,0,5
2025-06-09,S001,Excavator,0,2,0.0,0.0,5.0,1.25,5.0,2.5,-5.0,3,2025,6,2,24,4,4,0,1,1,1,1,0,0,0,0,0
2025-06-16,S001,Excavator,2,2,0.0,0.0,5.0,0.5,2.0,1.0,-3.0,0,2025,6,2,25,6,4,2,2,0,1,1,0,2,0,0,0
2025-06-23,S001,Excavator,2,2,2.0,0.0,0.0,1.0,2.0,1.1547005383792515,2.0,0,2025,6,2,26,5,3,2,2,0,1,0,0,0,0,2,0
2025-06-30,S001,Excavator,2,0,2.0,2.0,0.0,1.5,2.0,1.0,2.0,0,2025,6,2,27,5,3,2,1,2,0,0,0,0,2,2,0
2025-07-07,S001,Excavator,0,0,2.0,2.0,0.0,1.5,2.0,1.0,0.0,1,2025,7,3,28,6,5,0,1,2,1,1,1,0,0,0,2
2025-07-14,S001,Excavator,0,0,0.0,2.0,2.0,1.0,2.0,1.1547005383792515,-2.0,2,2025,7,3,29,4,4,0,1,0,1,1,1,0,0,0,2
2025-07-21,S001,Excavator,0,0,0.0,0.0,2.0,0.5,2.0,1.0,-2.0,3,2025,7,3,30,4,4,0,1,0,1,1,1,0,0,0,0
2025-07-28,S001,Excavator,0,0,0.0,0.0,2.0,0.0,0.0,0.0,-2.0,4,2025,7,3,31,3,3,0,1,0,1,1,0,0,0,0,0
2025-08-04,S001,Excavator,0,0,0.0,0.0,0.0,0.0,0.0,0.0,0.0,5,2025,8,3,32,1,1,0,0,0,0,1,0,0,0,0,0
2025-08-11,S001,Excavator,0,0,0.0,0.0,0.0,0.0,0.0,0.0,0.0,6,2025,8,3,33,1,1,0,0,0,0,1,0,0,0,0,0
2025-08-18,S001,Excavator,0,0,0.0,0.0,0.0,0.0,0.0,0.0,0.0,7,2025,8,3,34,1,1,0,0,0,0,1,0,0,0,0,0
2025-08-25,S001,Excavator,0,0,0.0,0.0,0.0,0.0,0.0,0.0,0.0,8,2025,8,3,35,3,1,0,0,0,0,3,0,0,0,0,0
2025-09-01,S001,Excavator,0,0,0.0,0.0,0.0,0.0,0.0,0.0,0.0,9,2025,9,3,36,4,2,0,0,0,0,3,1,0,0,0,0
2025-09-08,S001,Excavator,0,0,0.0,0.0,0.0,0.0,0.0,0.0,0.0,10,2025,9,3,37,4,2,0,0,0,0,3,1,0,0,0,0
2025-09-15,S001,Excavator,0,0,0.0,0.0,0.0,0.0,0.0,0.0,0.0,11,2025,9,3,38,3,2,0,0,0,0,2,1,0,0,0,0
2025-09-22,S001,Excavator,0,0,0.0,0.0,0.0,0.0,0.0,0.0,0.0,12,2025,9,3,39,2,2,0,0,0,1,1,0,0,0,0,0
2025-09-29,S001,Excavator,0,0,0.0,0.0,0.0,0.0,0.0,0.0,0.0,13,2025,9,3,40,1,1,0,0,0,1,0,0,0,0,0,0
2025-10-06,S001,Excavator,0,0,0.0,0.0,0.0,0.0,0.0,0.0,0.0,14,2025,10,4,41,1,1,0,0,0,0,1,0,0,0,0,0
2025-10-13,S001,Excavator,0,0,0.0,0.0,0.0,0.0,0.0,0.0,0.0,15,2025,10,4,42,2,2,0,0,0,1,1,0,0,0,0,0
2025-10-20,S001,Excavator,0,0,0.0,0.0,0.0,0.0,0.0,0.0,0.0,16,2025,10,4,43,1,1,0,0,0,1,0,0,0,0,0,0
2025-10-27,S001,Excavator,0,0,0.0,0.0,0.0,0.0,0.0,0.0,0.0,17,2025,10,4,44,0,0,0,0,0,0,0,0,0,0,0,0
2025-11-03,S001,Excavator,0,1,0.0,0.0,0.0,0.0,0.0,0.0,0.0,18,2025,11,4,45,1,1,0,0,0,0,0,1,0,0,0,0
2025-11-10,S001,Excavator,1,1,0.0,0.0,0.0,0.25,1.0,0.5,1.0,0,2025,11,4,46,2,2,1,0,0,0,0,1,1,0,0,0
2025-11-17,S001,Excavator,1,2,1.0,0.0,0.0,0.5,1.0,0.5773502691896257,1.0,0,2025,11,4,47,2,2,1,1,0,0,0,0,0,0,1,0
2025-11-24,S001,Excavator,2,3,1.0,1.0,0.0,1.0,2.0,0.816496580927726,2.0,0,2025,11,4,48,6,3,2,3,1,0,0,0,1,0,1,0
2025-12-01,S001,Excavator,3,5,2.0,1.0,0.0,1.75,3.0,0.9574271077563381,3.0,0,2025,12,4,49,8,4,3,3,1,1,0,0,1,0,1,0
2025-12-08,S001,Excavator,5,5,3.0,2.0,1.0,2.75,5.0,1.707825127659933,4.0,0,2025,12,4,50,11,5,5,3,1,1,0,1,2,0,2,0
2025-12-15,S001,Excavator,5,2,5.0,3.0,1.0,3.75,5.0,1.4999999999999998,4.0,0,2025,12,4,51,12,6,5,3,1,1,1,1,0,3,3,0
2024-01-01,S001,Grader,1,1,0.0,0.0,0.0,0.0,0.0,0.0,0.0,0,2024,1,1,1,3,3,1,0,1,0,0,1,1,0,0,0
2024-01-08,S001,Grader,1,0,1.0,0.0,0.0,0.0,0.0,0.0,0.0,0,2024,1,1,2,5,4,2,1,1,0,0,1,0,1,1,0
2024-01-15,S001,Grader,0,0,1.0,1.0,0.0,0.0,0.0,0.0,0.0,1,2024,1,1,3,8,5,2,1,0,1,2,2,0,0,1,1
2024-01-22,S001,Grader,0,0,0.0,1.0,0.0,0.5,1.0,0.5773502691896257,0.0,2,2024,1,1,4,9,5,2,2,0,1,2,2,0,0,0,1
2024-01-29,S001,Grader,0,1,0.0,0.0,1.0,0.25,1.0,0.5,-1.0,3,2024,1,1,5,5,3,2,2,0,0,0,1,0,0,0,0
2024-02-05,S001,Grader,1,1,0.0,0.0,1.0,0.25,1.0,0.5,0.0,0,2024,2,1,6,3,3,1,0,1,0,0,1,1,0,0,0
2024-02-12,S001,Grader,1,0,1.0,0.0,0.0,0.5,1.0,0.5773502691896257,1.0,0,2024,2,1,7,5,4,2,0,1,0,1,1,0,1,1,0
2024-02-19,S001,Grader,0,0,1.0,1.0,0.0,0.5,1.0,0.5773502691896257,0.0,1,2024,2,1,8,4,3,2,0,0,0,1,1,0,0,1,1
2024-02-26,S001,Grader,0,0,0.0,1.0,0.0,0.5,1.0,0.5773502691896257,0.0,2,2024,2,1,9,4,3,2,0,0,0,1,1,0,0,0,1
2024-03-04,S001,Grader,0,0,0.0,0.0,1.0,0.25,1.0,0.5,-1.0,3,2024,3,1,10,6,5,2,1,0,1,1,1,0,0,0,0
2024-03-11,S001,Grader,0,1,0.0,0.0,1.0,0.0,0.0,0.0,-1.0,4,2024,3,1,11,5,4,2,1,0,1,1,0,0,0,0,0
2024-03-18,S001,Grader,1,1,0.0,0.0,0.0,0.25,1.0,0.5,1.0,0,2024,3,1,12,4,4,0,1,1,1,1,0,1,0,0,0
2024-03-25,S001,Grader,1,0,1.0,0.0,0.0,0.5,1.0,0.5773502691896257,1.0,0,2024,3,1,13,2,2,0,0,1,0,1,0,0,1,1,0
2024-04-01,S001,Grader,0,0,1.0,1.0,0.0,0.5,1.0,0.5773502691896257,0.0,1,2024,4,2,14,1,1,1,0,0,0,0,0,0,0,1,1
2024-04-08,S001,Grader,0,0,0.0,1.0,0.0,0.5,1.0,0.5773502691896257,0.0,2,2024,4,2,15,3,2,2,0,0,0,0,1,0,0,0,1
2024-04-15,S001,Grader,0,0,0.0,0.0,1.0,0.25,1.0,0.5,-1.0,3,2024,4,2,16,3,2,2,0,0,0,0,1,0,0,0,0
2024-04-22,S001,Grader,0,0,0.0,0.0,1.0,0.0,0.0,0.0,-1.0,4,2024,4,2,17,1,1,1,0,0,0,0,0,0,0,0,0
2024-04-29,S001,Grader,0,0,0.0,0.0,0.0,0.0,0.0,0.0,0.0,5,2024,4,2,18,1,1,0,0,0,0,0,1,0,0,0,0
2024-05-06,S001,Grader,0,1,0.0,0.0,0.0,0.0,0.0,0.0,0.0,6,2024,5,2,19,4,4,1,0,0,1,1,1,0,0,0,0
2024-05-13,S001,Grader,1,1,0.0,0.0,0.0,0.25,1.0,0.5,1.0,0,2024,5,2,20,6,5,2,0,1,1,1,1,1,0,0,0
2024-05-20,S001,Grader,1,0,1.0,0.0,0.0,0.5,1.0,0.5773502691896257,1.0,0,2024,5,2,21,5,3,2,0,1,0,2,0,0,1,1,0
2024-05-27,S001,Grader,0,0,1.0,1.0,0.0,0.5,1.0,0.5773502691896257,0.0,1,2024,5,2,22,5,3,0,0,0,2,2,1,0,0,1,1
2024-06-03,S001,Grader,0,0,0.0,1.0,0.0,0.5,1.0,0.5773502691896257,0.0,2,2024,6,2,23,6,3,0,0,0,3,2,1,0,0,0,1
2024-06-10,S001,Grader,0,0,0.0,0.0,1.0,0.25,1.0,0.5,-1.0,3,2024,6,2,24,8,4,0,2,0,3,2,1,0,0,0,0
2024-06-17,S001,Grader,0,2,0.0,0.0,1.0,0.0,0.0,0.0,-1.0,4,2024,6,2,25,6,4,1,2,0,2,0,1,0,0,0,0
2024-06-24,S001,Grader,2,2,0.0,0.0,0.0,0.5,2.0,1.0,2.0,0,2024,6,2,26,6,5,1,1,2,0,1,1,2,0,0,0
2024-07-01,S001,Grader,2,0,2.0,0.0,0.0,1.0,2.0,1.1547005383792515,2.0,0,2024,7,3,27,5,4,1,0,2,0,1,1,0,2,2,0
2024-07-08,S001,Grader,0,0,2.0,2.0,0.0,1.0,2.0,1.1547005383792515,0.0,1,2024,7,3,28,1,1,1,0,0,0,0,0,0,0,2,2
2024-07-15,S001,Grader,0,0,0.0,2.0,0.0,1.0,2.0,1.1547005383792515,0.0,2,2024,7,3,29,1,1,0,1,0,0,0,0,0,0,0,2
2024-07-22,S001,Grader,0,0,0.0,0.0,2.0,0.5,2.0,1.0,-2.0,3,2024,7,3,30,1,1,0,1,0,0,0,0,0,0,0,0
2024-07-29,S001,Grader,0,0,0.0,0.0,2.0,0.0,0.0,0.0,-2.0,4,2024,7,3,31,2,1,0,2,0,0,0,0,0,0,0,0
2024-08-05,S001,Grader,0,1,0.0,0.0,0.0,0.0,0.0,0.0,0.0,5,2024,8,3,32,3,2,1,2,0,0,0,0,0,0,0,0
2024-08-12,S001,Grader,1,1,0.0,0.0,0.0,0.25,1.0,0.5,1.0,0,2024,8,3,33,5,4,1,2,1,1,0,0,1,0,0,0
2024-08-19,S001,Grader,1,1,1.0,0.0,0.0,0.5,1.0,0.5773502691896257,1.0,0,2024,8,3,34,6,4,2,2,1,1,0,0,0,0,1,0
2024-08-26,S001,Grader,1,0,1.0,1.0,0.0,0.75,1.0,0.5,1.0,0,2024,8,3,35,5,4,2,0,1,1,0,1,0,1,1,0
2024-09-02,S001,Grader,0,1,1.0,1.0,0.0,0.75,1.0,0.5,0.0,1,2024,9,3,36,3,2,2,0,0,0,0,1,0,0,0,1
2024-09-09,S001,Grader,1,1,0.0,1.0,1.0,0.75,1.0,0.5,0.0,0,2024,9,3,37,3,3,1,0,1,0,0,1,1,0,0,1
2024-09-16,S001,Grader,1,0,1.0,0.0,1.0,0.75,1.0,0.5,0.0,0,2024,9,3,38,3,3,1,0,1,0,0,1,0,1,1,0
2024-09-23,S001,Grader,0,1,1.0,1.0,1.0,0.5,1.0,0.5773502691896257,-1.0,1,2024,9,3,39,3,3,1,1,0,0,0,1,0,0,1,1
2024-09-30,S001,Grader,1,1,0.0,1.0,0.0,0.75,1.0,0.5,1.0,0,2024,9,3,40,4,4,1,1,1,0,0,1,1,0,0,1
2024-10-07,S001,Grader,1,0,1.0,0.0,1.0,0.75,1.0,0.5,0.0,0,2024,10,4,41,2,2,1,0,1,0,0,0,0,1,1,0
2024-10-14,S001,Grader,0,1,1.0,1.0,1.0,0.5,1.0,0.5773502691896257,-1.0,1,2024,10,4,42,2,2,1,1,0,0,0,0,0,0,1,1
2024-10-21,S001,Grader,1,2,0.0,1.0,0.0,0.75,1.0,0.5,1.0,0,2024,10,4,43,6,4,2,2,1,0,0,1,1,0,0,1
2024-10-28,S001,Grader,2,2,1.0,0.0,1.0,1.0,2.0,0.816496580927726,1.0,0,2024,10,4,44,7,4,2,2,2,0,0,1,1,0,1,0
2024-11-04,S001,Grader,2,2,2.0,1.0,1.0,1.25,2.0,0.9574271077563381,1.0,0,2024,11,4,45,7,5,1,2,2,0,1,1,0,0,2,0
2024-11-11,S001,Grader,2,0,2.0,2.0,0.0,1.75,2.0,0.4999999999999999,2.0,0,2024,11,4,46,6,4,1,0,2,0,2,1,0,2,1,0
2024-11-18,S001,Grader,0,0,2.0,2.0,1.0,1.5,2.0,1.0,-1.0,1,2024,11,4,47,4,3,1,0,0,0,2,1,0,0,0,2
2024-11-25,S001,Grader,0,0,0.0,2.0,2.0,1.0,2.0,1.1547005383792515,-2.0,2,2024,11,4,48,2,2,1,0,0,0,1,0,0,0,0,2
2024-12-02,S001,Grader,0,0,0.0,0.0,2.0,0.5,2.0,1.0,-2.0,3,2024,12,4,49,2,2,1,0,0,0,1,0,0,0,0,0
2024-12-09,S001,Grader,0,0,0.0,0.0,2.0,0.0,0.0,0.0,-2.0,4,2024,12,4,50,2,2,0,0,0,1,1,0,0,0,0,0
2024-12-16,S001,Grader,0,0,0.0,0.0,0.0,0.0,0.0,0.0,0.0,5,2024,12,4,51,1,1,0,0,0,1,0,0,0,0,0,0
2024-12-23,S001,Grader,0,0,0.0,0.0,0.0,0.0,0.0,0.0,0.0,6,2024,12,4,52,2,2,0,1,0,1,0,0,0,0,0,0
2024-12-30,S001,Grader,0,0,0.0,0.0,0.0,0.0,0.0,0.0,0.0,7,2024,12,4,1,4,3,0,1,0,1,2,0,0,0,0,0
2025-01-06,S001,Grader,0,0,0.0,0.0,0.0,0.0,0.0,0.0,0.0,8,2025,1,1,2,6,4,2,1,0,1,2,0,0,0,0,0
2025-01-13,S001,Grader,0,1,0.0,0.0,0.0,0.0,0.0,0.0,0.0,9,2025,1,1,3,6,3,2,3,0,0,1,0,0,0,0,0
2025-01-20,S001,Grader,1,1,0.0,0.0,0.0,0.25,1.0,0.5,1.0,0,2025,1,1,4,6,3,2,3,1,0,0,0,1,0,0,0
2025-01-27,S001,Grader,1,0,1.0,0.0,0.0,0.5,1.0,0.5773502691896257,1.0,0,2025,1,1,5,3,3,1,1,1,0,0,0,0,1,1,0
2025-02-03,S001,Grader,0,0,1.0,1.0,0.0,0.5,1.0,0.5773502691896257,0.0,1,2025,2,1,6,3,2,2,0,0,0,0,1,0,0,1,1
2025-02-10,S001,Grader,0,0,0.0,1.0,0.0,0.5,1.0,0.5773502691896257,0.0,2,2025,2,1,7,4,3,2,1,0,0,0,1,0,0,0,1
2025-02-17,S001,Grader,0,0,0.0,0.0,1.0,0.25,1.0,0.5,-1.0,3,2025,2,1,8,1,1,0,1,0,0,0,0,0,0,0,0
2025-02-24,S001,Grader,0,0,0.0,0.0,1.0,0.0,0.0,0.0,-1.0,4,2025,2,1,9,0,0,0,0,0,0,0,0,0,0,0,0
2025-03-03,S001,Grader,0,0,0.0,0.0,0.0,0.0,0.0,0.0,0.0,5,2025,3,1,10,0,0,0,0,0,0,0,0,0,0,0,0
2025-03-10,S001,Grader,0,0,0.0,0.0,0.0,0.0,0.0,0.0,0.0,6,2025,3,1,11,2,2,1,0,0,0,1,0,0,0,0,0
2025-03-17,S001,Grader,0,1,0.0,0.0,0.0,0.0,0.0,0.0,0.0,7,2025,3,1,12,3,3,1,1,0,0,1,0,0,0,0,0
2025-03-24,S001,Grader,1,1,0.0,0.0,0.0,0.25,1.0,0.5,1.0,0,2025,3,1,13,5,4,1,2,1,0,1,0,1,0,0,0
2025-03-31,S001,Grader,1,1,1.0,0.0,0.0,0.5,1.0,0.5773502691896257,1.0,0,2025,3,1,14,5,4,1,2,1,0,1,0,0,0,1,0
2025-04-07,S001,Grader,1,0,1.0,1.0,0.0,0.75,1.0,0.5,1.0,0,2025,4,2,15,2,2,1,0,1,0,0,0,0,1,1,0
2025-04-14,S001,Grader,0,0,1.0,1.0,0.0,0.75,1.0,0.5,0.0,1,2025,4,2,16,2,1,2,0,0,0,0,0,0,0,0,1
2025-04-21,S001,Grader,0,0,0.0,1.0,1.0,0.5,1.0,0.5773502691896257,-1.0,2,2025,4,2,17,6,4,3,0,0,1,1,1,0,0,0,1
2025-04-28,S001,Grader,0,1,0.0,0.0,1.0,0.25,1.0,0.5,-1.0,3,2025,4,2,18,9,5,3,2,0,1,2,1,0,0,0,0
2025-05-05,S001,Grader,1,2,0.0,0.0,1.0,0.25,1.0,0.5,0.0,0,2025,5,2,19,9,4,4,2,1,0,2,0,1,0,0,0
2025-05-12,S001,Grader,2,2,1.0,0.0,0.0,0.75,2.0,0.9574271077563381,2.0,0,2025,5,2,20,10,4,5,0,2,0,1,2,1,0,1,0
2025-05-19,S001,Grader,2,3,2.0,1.0,0.0,1.25,2.0,0.9574271077563381,2.0,0,2025,5,2,21,12,6,5,1,2,1,1,2,0,0,2,0
2025-05-26,S001,Grader,3,3,2.0,2.0,0.0,2.0,3.0,0.816496580927726,3.0,0,2025,5,2,22,8,5,0,2,3,1,1,1,1,0,1,0
2025-06-02,S001,Grader,3,1,3.0,2.0,1.0,2.5,3.0,0.5773502691896256,2.0,0,2025,6,2,23,6,3,0,2,3,0,0,1,0,2,1,0
2025-06-09,S001,Grader,1,0,3.0,3.0,2.0,2.25,3.0,0.957427107756338,-1.0,0,2025,6,2,24,4,4,0,1,1,1,1,0,0,1,1,2
2025-06-16,S001,Grader,0,0,1.0,3.0,2.0,1.75,3.0,1.5,-2.0,1,2025,6,2,25,6,4,2,2,0,1,1,0,0,0,0,3
2025-06-23,S001,Grader,0,2,0.0,1.0,3.0,1.0,3.0,1.414213562373095,-3.0,2,2025,6,2,26,5,3,2,2,0,1,0,0,0,0,0,1
2025-06-30,S001,Grader,2,2,0.0,0.0,3.0,0.75,2.0,0.957427107756338,-1.0,0,2025,6,2,27,5,3,2,1,2,0,0,0,2,0,0,0
2025-07-07,S001,Grader,2,0,2.0,0.0,1.0,1.0,2.0,1.1547005383792515,1.0,0,2025,7,3,28,6,5,0,1,2,1,1,1,0,2,2,0
2025-07-14,S001,Grader,0,0,2.0,2.0,0.0,1.0,2.0,1.1547005383792515,0.0,1,2025,7,3,29,4,4,0,1,0,1,1,1,0,0,2,2
2025-07-21,S001,Grader,0,0,0.0,2.0,0.0,1.0,2.0,1.1547005383792515,0.0,2,2025,7,3,30,4,4,0,1,0,1,1,1,0,0,0,2
2025-07-28,S001,Grader,0,0,0.0,0.0,2.0,0.5,2.0,0.9999999999999999,-2.0,3,2025,7,3,31,3,3,0,1,0,1,1,0,0,0,0,0
2025-08-04,S001,Grader,0,0,0.0,0.0,2.0,0.0,0.0,0.0,-2.0,4,2025,8,3,32,1,1,0,0,0,0,1,0,0,0,0,0
2025-08-11,S001,Grader,0,0,0.0,0.0,0.0,0.0,0.0,0.0,0.0,5,2025,8,3,33,1,1,0,0,0,0,1,0,0,0,0,0
2025-08-18,S001,Grader,0,0,0.0,0.0,0.0,0.0,0.0,0.0,0.0,6,2025,8,3,34,1,1,0,0,0,0,1,0,0,0,0,0
2025-08-25,S001,Grader,0,0,0.0,0.0,0.0,0.0,0.0,0.0,0.0,7,2025,8,3,35,3,1,0,0,0,0,3,0,0,0,0,0
2025-09-01,S001,Grader,0,0,0.0,0.0,0.0,0.0,0.0,0.0,0.0,8,2025,9,3,36,4,2,0,0,0,0,3,1,0,0,0,0
2025-09-08,S001,Grader,0,0,0.0,0.0,0.0,0.0,0.0,0.0,0.0,9,2025,9,3,37,4,2,0,0,0,0,3,1,0,0,0,0
2025-09-15,S001,Grader,0,0,0.0,0.0,0.0,0.0,0.0,0.0,0.0,10,2025,9,3,38,3,2,0,0,0,0,2,1,0,0,0,0
2025-09-22,S001,Grader,0,0,0.0,0.0,0.0,0.0,0.0,0.0,0.0,11,2025,9,3,39,2,2,0,0,0,1,1,0,0,0,0,0
2025-09-29,S001,Grader,0,0,0.0,0.0,0.0,0.0,0.0,0.0,0.0,12,2025,9,3,40,1,1,0,0,0,1,0,0,0,0,0,0
2025-10-06,S001,Grader,0,0,0.0,0.0,0.0,0.0,0.0,0.0,0.0,13,2025,10,4,41,1,1,0,0,0,0,1,0,0,0,0,0
2025-10-13,S001,Grader,0,0,0.0,0.0,0.0,0.0,0.0,0.0,0.0,14,2025,10,4,42,2,2,0,0,0,1,1,0,0,0,0,0
2025-10-20,S001,Grader,0,0,0.0,0.0,0.0,0.0,0.0,0.0,0.0,15,2025,10,4,43,1,1,0,0,0,1,0,0,0,0,0,0
2025-10-27,S001,Grader,0,0,0.0,0.0,0.0,0.0,0.0,0.0,0.0,16,2025,10,4,44,0,0,0,0,0,0,0,0,0,0,0,0
2025-11-03,S001,Grader,0,0,0.0,0.0,0.0,0.0,0.0,0.0,0.0,17,2025,11,4,45,1,1,0,0,0,0,0,1,0,0,0,0
2025-11-10,S001,Grader,0,0,0.0,0.0,0.0,0.0,0.0,0.0,0.0,18,2025,11,4,46,2,2,1,0,0,0,0,1,0,0,0,0
2025-11-17,S001,Grader,0,1,0.0,0.0,0.0,0.0,0.0,0.0,0.0,19,2025,11,4,47,2,2,1,1,0,0,0,0,0,0,0,0
2025-11-24,S001,Grader,1,1,0.0,0.0,0.0,0.25,1.0,0.5,1.0,0,2025,11,4,48,6,3,2,3,1,0,0,0,1,0,0,0
2025-12-01,S001,Grader,1,1,1.0,0.0,0.0,0.5,1.0,0.5773502691896257,1.0,0,2025,12,4,49,8,4,3,3,1,1,0,0,0,1,1,0
2025-12-08,S001,Grader,1,1,1.0,1.0,0.0,0.75,1.0,0.5,1.0,0,2025,12,4,50,11,5,5,3,1,1,0,1,1,0,1,1
2025-12-15,S001,Grader,1,1,1.0,1.0,0.0,1.0,1.0,0.0,1.0,0,2025,12,4,51,12,6,5,3,1,1,1,1,0,0,1,1
2024-01-01,S001,Loader,0,0,0.0,0.0,0.0,0.0,0.0,0.0,0.0,1,2024,1,1,1,3,3,1,0,1,0,0,1,0,0,0,0
2024-01-08,S001,Loader,0,2,0.0,0.0,0.0,0.0,0.0,0.0,0.0,2,2024,1,1,2,5,4,2,1,1,0,0,1,0,0,0,0
2024-01-15,S001,Loader,2,2,0.0,0.0,0.0,0.0,0.0,0.0,0.0,0,2024,1,1,3,8,5,2,1,0,1,2,2,2,0,0,0
2024-01-22,S001,Loader,2,0,2.0,0.0,0.0,1.0,2.0,1.1547005383792515,0.0,0,2024,1,1,4,9,5,2,2,0,1,2,2,0,2,2,0
2024-01-29,S001,Loader,0,0,2.0,2.0,0.0,1.0,2.0,1.1547005383792515,0.0,1,2024,1,1,5,5,3,2,2,0,0,0,1,0,0,2,2
2024-02-05,S001,Loader,0,1,0.0,2.0,0.0,1.0,2.0,1.1547005383792515,0.0,2,2024,2,1,6,3,3,1,0,1,0,0,1,0,0,0,2
2024-02-12,S001,Loader,1,1,0.0,0.0,2.0,0.75,2.0,0.9574271077563382,-1.0,0,2024,2,1,7,5,4,2,0,1,0,1,1,1,0,0,0
2024-02-19,S001,Loader,1,1,1.0,0.0,2.0,0.5,1.0,0.5773502691896258,-1.0,0,2024,2,1,8,4,3,2,0,0,0,1,1,0,0,1,0
2024-02-26,S001,Loader,1,1,1.0,1.0,0.0,0.75,1.0,0.5000000000000001,1.0,0,2024,2,1,9,4,3,2,0,0,0,1,1,0,0,1,0
2024-03-04,S001,Loader,1,1,1.0,1.0,0.0,1.0,1.0,0.0,1.0,0,2024,3,1,10,6,5,2,1,0,1,1,1,0,0,0,0
2024-03-11,S001,Loader,1,1,1.0,1.0,1.0,1.0,1.0,0.0,0.0,0,2024,3,1,11,5,4,2,1,0,1,1,0,0,1,0,0
2024-03-18,S001,Loader,1,1,1.0,1.0,1.0,1.0,1.0,0.0,0.0,0,2024,3,1,12,4,4,0,1,1,1,1,0,1,0,0,1
2024-03-25,S001,Loader,1,0,1.0,1.0,1.0,1.0,1.0,0.0,0.0,0,2024,3,1,13,2,2,0,0,1,0,1,0,0,1,1,1
2024-04-01,S001,Loader,0,0,1.0,1.0,1.0,0.75,1.0,0.5,-1.0,1,2024,4,2,14,1,1,1,0,0,0,0,0,0,0,1,1
2024-04-08,S001,Loader,0,0,0.0,1.0,1.0,0.5,1.0,0.5773502691896257,-1.0,2,2024,4,2,15,3,2,2,0,0,0,0,1,0,0,0,1
2024-04-15,S001,Loader,0,0,0.0,0.0,1.0,0.25,1.0,0.5,-1.0,3,2024,4,2,16,3,2,2,0,0,0,0,1,0,0,0,0
2024-04-22,S001,Loader,0,0,0.0,0.0,1.0,0.0,0.0,0.0,-1.0,4,2024,4,2,17,1,1,1,0,0,0,0,0,0,0,0,0
2024-04-29,S001,Loader,0,1,0.0,0.0,0.0,0.0,0.0,0.0,0.0,5,2024,4,2,18,1,1,0,0,0,0,0,1,0,0,0,0
2024-05-06,S001,Loader,1,1,0.0,0.0,0.0,0.25,1.0,0.5,1.0,0,2024,5,2,19,4,4,1,0,0,1,1,1,1,0,0,0
2024-05-13,S001,Loader,1,2,1.0,0.0,0.0,0.5,1.0,0.5773502691896257,1.0,0,2024,5,2,20,6,5,2,0,1,1,1,1,0,0,1,0
2024-05-20,S001,Loader,2,2,1.0,1.0,0.0,1.0,2.0,0.816496580927726,2.0,0,2024,5,2,21,5,3,2,0,1,0,2,0,1,0,1,0
2024-05-27,S001,Loader,2,2,2.0,1.0,0.0,1.5,2.0,0.5773502691896257,2.0,0,2024,5,2,22,5,3,0,0,0,2,2,1,0,1,1,0
2024-06-03,S001,Loader,2,2,2.0,2.0,1.0,1.75,2.0,0.5,1.0,0,2024,6,2,23,6,3,0,0,0,3,2,1,1,0,1,1
2024-06-10,S001,Loader,2,0,2.0,2.0,1.0,2.0,2.0,0.0,1.0,0,2024,6,2,24,8,4,0,2,0,3,2,1,0,2,1,1
2024-06-17,S001,Loader,0,1,2.0,2.0,2.0,1.5,2.0,1.0,-2.0,1,2024,6,2,25,6,4,1,2,0,2,0,1,0,0,1,2
2024-06-24,S001,Loader,1,1,0.0,2.0,2.0,1.25,2.0,0.9574271077563381,-1.0,0,2024,6,2,26,6,5,1,1,2,0,1,1,1,0,0,2
2024-07-01,S001,Loader,1,0,1.0,0.0,2.0,1.0,2.0,0.816496580927726,-1.0,0,2024,7,3,27,5,4,1,0,2,0,1,1,0,1,1,0
2024-07-08,S001,Loader,0,0,1.0,1.0,2.0,0.5,1.0,0.5773502691896257,-2.0,1,2024,7,3,28,1,1,1,0,0,0,0,0,0,0,1,1
2024-07-15,S001,Loader,0,0,0.0,1.0,0.0,0.5,1.0,0.5773502691896257,0.0,2,2024,7,3,29,1,1,0,1,0,0,0,0,0,0,0,1
2024-07-22,S001,Loader,0,0,0.0,0.0,1.0,0.25,1.0,0.5,-1.0,3,2024,7,3,30,1,1,0,1,0,0,0,0,0,0,0,0
2024-07-29,S001,Loader,0,0,0.0,0.0,1.0,0.0,0.0,0.0,-1.0,4,2024,7,3,31,2,1,0,2,0,0,0,0,0,0,0,0
2024-08-05,S001,Loader,0,0,0.0,0.0,0.0,0.0,0.0,0.0,0.0,5,2024,8,3,32,3,2,1,2,0,0,0,0,0,0,0,0
2024-08-12,S001,Loader,0,0,0.0,0.0,0.0,0.0,0.0,0.0,0.0,6,2024,8,3,33,5,4,1,2,1,1,0,0,0,0,0,0
2024-08-19,S001,Loader,0,0,0.0,0.0,0.0,0.0,0.0,0.0,0.0,7,2024,8,3,34,6,4,2,2,1,1,0,0,0,0,0,0
2024-08-26,S001,Loader,0,0,0.0,0.0,0.0,0.0,0.0,0.0,0.0,8,2024,8,3,35,5,4,2,0,1,1,0,1,0,0,0,0
2024-09-02,S001,Loader,0,0,0.0,0.0,0.0,0.0,0.0,0.0,0.0,9,2024,9,3,36,3,2,2,0,0,0,0,1,0,0,0,0
2024-09-09,S001,Loader,0,0,0.0,0.0,0.0,0.0,0.0,0.0,0.0,10,2024,9,3,37,3,3,1,0,1,0,0,1,0,0,0,0
2024-09-16,S001,Loader,0,0,0.0,0.0,0.0,0.0,0.0,0.0,0.0,11,2024,9,3,38,3,3,1,0,1,0,0,1,0,0,0,0
2024-09-23,S001,Loader,0,0,0.0,0.0,0.0,0.0,0.0,0.0,0.0,12,2024,9,3,39,3,3,1,1,0,0,0,1,0,0,0,0
2024-09-30,S001,Loader,0,0,0.0,0.0,0.0,0.0,0.0,0.0,0.0,13,2024,9,3,40,4,4,1,1,1,0,0,1,0,0,0,0
2024-10-07,S001,Loader,0,0,0.0,0.0,0.0,0.0,0.0,0.0,0.0,14,2024,10,4,41,2,2,1,0,1,0,0,0,0,0,0,0
2024-10-14,S001,Loader,0,0,0.0,0.0,0.0,0.0,0.0,0.0,0.0,15,2024,10,4,42,2,2,1,1,0,0,0,0,0,0,0,0
2024-10-21,S001,Loader,0,0,0.0,0.0,0.0,0.0,0.0,0.0,0.0,16,2024,10,4,43,6,4,2,2,1,0,0,1,0,0,0,0
2024-10-28,S001,Loader,0,1,0.0,0.0,0.0,0.0,0.0,0.0,0.0,17,2024,10,4,44,7,4,2,2,2,0,0,1,0,0,0,0
2024-11-04,S001,Loader,1,2,0.0,0.0,0.0,0.25,1.0,0.5,1.0,0,2024,11,4,45,7,5,1,2,2,0,1,1,1,0,0,0
2024-11-11,S001,Loader,2,2,1.0,0.0,0.0,0.75,2.0,0.9574271077563381,2.0,0,2024,11,4,46,6,4,1,0,2,0,2,1,1,0,1,0
2024-11-18,S001,Loader,2,1,2.0,1.0,0.0,1.25,2.0,0.9574271077563381,2.0,0,2024,11,4,47,4,3,1,0,0,0,2,1,0,1,2,0
2024-11-25,S001,Loader,1,1,2.0,2.0,0.0,1.5,2.0,0.5773502691896257,1.0,0,2024,11,4,48,2,2,1,0,0,0,1,0,0,1,1,1
2024-12-02,S001,Loader,1,1,1.0,2.0,1.0,1.5,2.0,0.5773502691896257,0.0,0,2024,12,4,49,2,2,1,0,0,0,1,0,1,0,0,2
2024-12-09,S001,Loader,1,0,1.0,1.0,2.0,1.25,2.0,0.4999999999999999,-1.0,0,2024,12,4,50,2,2,0,0,0,1,1,0,0,1,1,1
2024-12-16,S001,Loader,0,0,1.0,1.0,2.0,0.75,1.0,0.5,-2.0,1,2024,12,4,51,1,1,0,0,0,1,0,0,0,0,1,1
2024-12-23,S001,Loader,0,2,0.0,1.0,1.0,0.5,1.0,0.5773502691896257,-1.0,2,2024,12,4,52,2,2,0,1,0,1,0,0,0,0,0,1
2024-12-30,S001,Loader,2,2,0.0,0.0,1.0,0.75,2.0,0.9574271077563381,1.0,0,2024,12,4,1,4,3,0,1,0,1,2,0,2,0,0,0
2025-01-06,S001,Loader,2,1,2.0,0.0,1.0,1.0,2.0,1.1547005383792515,1.0,0,2025,1,1,2,6,4,2,1,0,1,2,0,0,1,2,0
2025-01-13,S001,Loader,1,0,2.0,2.0,0.0,1.25,2.0,0.9574271077563382,1.0,0,2025,1,1,3,6,3,2,3,0,0,1,0,0,1,2,1
2025-01-20,S001,Loader,0,0,1.0,2.0,0.0,1.25,2.0,0.9574271077563382,0.0,1,2025,1,1,4,6,3,2,3,1,0,0,0,0,0,0,2
2025-01-27,S001,Loader,0,0,0.0,1.0,2.0,0.75,2.0,0.9574271077563382,-2.0,2,2025,1,1,5,3,3,1,1,1,0,0,0,0,0,0,1
2025-02-03,S001,Loader,0,0,0.0,0.0,2.0,0.25,1.0,0.5000000000000001,-2.0,3,2025,2,1,6,3,2,2,0,0,0,0,1,0,0,0,0
2025-02-10,S001,Loader,0,0,0.0,0.0,1.0,0.0,0.0,0.0,-1.0,4,2025,2,1,7,4,3,2,1,0,0,0,1,0,0,0,0
2025-02-17,S001,Loader,0,0,0.0,0.0,0.0,0.0,0.0,0.0,0.0,5,2025,2,1,8,1,1,0,1,0,0,0,0,0,0,0,0
2025-02-24,S001,Loader,0,0,0.0,0.0,0.0,0.0,0.0,0.0,0.0,6,2025,2,1,9,0,0,0,0,0,0,0,0,0,0,0,0
2025-03-03,S001,Loader,0,1,0.0,0.0,0.0,0.0,0.0,0.0,0.0,7,2025,3,1,10,0,0,0,0,0,0,0,0,0,0,0,0
2025-03-10,S001,Loader,1,1,0.0,0.0,0.0,0.25,1.0,0.5,1.0,0,2025,3,1,11,2,2,1,0,0,0,1,0,1,0,0,0
2025-03-17,S001,Loader,1,1,1.0,0.0,0.0,0.5,1.0,0.5773502691896257,1.0,0,2025,3,1,12,3,3,1,1,0,0,1,0,0,1,1,0
2025-03-24,S001,Loader,1,1,1.0,1.0,0.0,0.75,1.0,0.5,1.0,0,2025,3,1,13,5,4,1,2,1,0,1,0,1,0,1,1
2025-03-31,S001,Loader,1,0,1.0,1.0,0.0,1.0,1.0,0.0,1.0,0,2025,3,1,14,5,4,1,2,1,0,1,0,0,1,1,1
2025-04-07,S001,Loader,0,0,1.0,1.0,1.0,0.75,1.0,0.5,-1.0,1,2025,4,2,15,2,2,1,0,1,0,0,0,0,0,1,1
2025-04-14,S001,Loader,0,1,0.0,1.0,1.0,0.5,1.0,0.5773502691896257,-1.0,2,2025,4,2,16,2,1,2,0,0,0,0,0,0,0,0,1
2025-04-21,S001,Loader,1,2,0.0,0.0,1.0,0.5,1.0,0.5773502691896257,0.0,0,2025,4,2,17,6,4,3,0,0,1,1,1,1,0,0,0
2025-04-28,S001,Loader,2,2,1.0,0.0,1.0,0.75,2.0,0.9574271077563381,1.0,0,2025,4,2,18,9,5,3,2,0,1,2,1,1,0,1,0
2025-05-05,S001,Loader,2,1,2.0,1.0,0.0,1.25,2.0,0.9574271077563381,2.0,0,2025,5,2,19,9,4,4,2,1,0,2,0,0,1,2,0
2025-05-12,S001,Loader,1,1,2.0,2.0,0.0,1.5,2.0,0.5773502691896257,1.0,0,2025,5,2,20,10,4,5,0,2,0,1,2,0,1,1,1
2025-05-19,S001,Loader,1,1,1.0,2.0,1.0,1.5,2.0,0.5773502691896257,0.0,0,2025,5,2,21,12,6,5,1,2,1,1,2,1,0,0,2
2025-05-26,S001,Loader,1,0,1.0,1.0,2.0,1.25,2.0,0.4999999999999999,-1.0,0,2025,5,2,22,8,5,0,2,3,1,1,1,0,1,1,1
2025-06-02,S001,Loader,0,1,1.0,1.0,2.0,0.75,1.0,0.5,-2.0,1,2025,6,2,23,6,3,0,2,3,0,0,1,0,0,1,1
2025-06-09,S001,Loader,1,1,0.0,1.0,1.0,0.75,1.0,0.5,0.0,0,2025,6,2,24,4,4,0,1,1,1,1,0,1,0,0,1
2025-06-16,S001,Loader,1,0,1.0,0.0,1.0,0.75,1.0,0.5,0.0,0,2025,6,2,25,6,4,2,2,0,1,1,0,0,1,1,0
2025-06-23,S001,Loader,0,0,1.0,1.0,1.0,0.5,1.0,0.5773502691896257,-1.0,1,2025,6,2,26,5,3,2,2,0,1,0,0,0,0,1,1
2025-06-30,S001,Loader,0,1,0.0,1.0,0.0,0.5,1.0,0.5773502691896257,0.0,2,2025,6,2,27,5,3,2,1,2,0,0,0,0,0,0,1
2025-07-07,S001,Loader,1,1,0.0,0.0,1.0,0.5,1.0,0.5773502691896257,0.0,0,2025,7,3,28,6,5,0,1,2,1,1,1,1,0,0,0
2025-07-14,S001,Loader,1,1,1.0,0.0,1.0,0.5,1.0,0.5773502691896257,0.0,0,2025,7,3,29,4,4,0,1,0,1,1,1,0,0,1,0
2025-07-21,S001,Loader,1,1,1.0,1.0,0.0,0.75,1.0,0.5,1.0,0,2025,7,3,30,4,4,0,1,0,1,1,1,0,1,1,0
2025-07-28,S001,Loader,1,1,1.0,1.0,0.0,1.0,1.0,0.0,1.0,0,2025,7,3,31,3,3,0,1,0,1,1,0,1,0,0,1
2025-08-04,S001,Loader,1,1,1.0,1.0,1.0,1.0,1.0,0.0,0.0,0,2025,8,3,32,1,1,0,0,0,0,1,0,0,1,1,1
2025-08-11,S001,Loader,1,1,1.0,1.0,1.0,1.0,1.0,0.0,0.0,0,2025,8,3,33,1,1,0,0,0,0,1,0,1,0,1,1
2025-08-18,S001,Loader,1,3,1.0,1.0,1.0,1.0,1.0,0.0,0.0,0,2025,8,3,34,1,1,0,0,0,0,1,0,0,0,1,1
2025-08-25,S001,Loader,3,3,1.0,1.0,1.0,1.5,3.0,1.0,2.0,0,2025,8,3,35,3,1,0,0,0,0,3,0,2,0,1,0
2025-09-01,S001,Loader,3,3,3.0,1.0,1.0,2.0,3.0,1.1547005383792515,2.0,0,2025,9,3,36,4,2,0,0,0,0,3,1,0,0,2,0
2025-09-08,S001,Loader,3,2,3.0,3.0,1.0,2.5,3.0,1.0,2.0,0,2025,9,3,37,4,2,0,0,0,0,3,1,0,1,2,0
2025-09-15,S001,Loader,2,1,3.0,3.0,1.0,2.75,3.0,0.5,1.0,0,2025,9,3,38,3,2,0,0,0,0,2,1,0,1,0,1
2025-09-22,S001,Loader,1,0,2.0,3.0,3.0,2.25,3.0,0.957427107756338,-2.0,0,2025,9,3,39,2,2,0,0,0,1,1,0,0,1,0,2
2025-09-29,S001,Loader,0,1,1.0,2.0,3.0,1.5,3.0,1.2909944487358056,-3.0,1,2025,9,3,40,1,1,0,0,0,1,0,0,0,0,0,2
2025-10-06,S001,Loader,1,1,0.0,1.0,3.0,1.0,2.0,0.816496580927726,-2.0,0,2025,10,4,41,1,1,0,0,0,0,1,0,1,0,0,1
2025-10-13,S001,Loader,1,0,1.0,0.0,2.0,0.75,1.0,0.5,-1.0,0,2025,10,4,42,2,2,0,0,0,1,1,0,0,1,1,0
2025-10-20,S001,Loader,0,0,1.0,1.0,1.0,0.5,1.0,0.5773502691896257,-1.0,1,2025,10,4,43,1,1,0,0,0,1,0,0,0,0,1,1
2025-10-27,S001,Loader,0,0,0.0,1.0,0.0,0.5,1.0,0.5773502691896257,0.0,2,2025,10,4,44,0,0,0,0,0,0,0,0,0,0,0,1
2025-11-03,S001,Loader,0,0,0.0,0.0,1.0,0.25,1.0,0.5,-1.0,3,2025,11,4,45,1,1,0,0,0,0,0,1,0,0,0,0
2025-11-10,S001,Loader,0,0,0.0,0.0,1.0,0.0,0.0,0.0,-1.0,4,2025,11,4,46,2,2,1,0,0,0,0,1,0,0,0,0
2025-11-17,S001,Loader,0,0,0.0,0.0,0.0,0.0,0.0,0.0,0.0,5,2025,11,4,47,2,2,1,1,0,0,0,0,0,0,0,0
2025-11-24,S001,Loader,0,0,0.0,0.0,0.0,0.0,0.0,0.0,0.0,6,2025,11,4,48,6,3,2,3,1,0,0,0,0,0,0,0
2025-12-01,S001,Loader,0,0,0.0,0.0,0.0,0.0,0.0,0.0,0.0,7,2025,12,4,49,8,4,3,3,1,1,0,0,0,0,0,0
2025-12-08,S001,Loader,0,1,0.0,0.0,0.0,0.0,0.0,0.0,0.0,8,2025,12,4,50,11,5,5,3,1,1,0,1,0,0,0,0
2025-12-15,S001,Loader,1,2,0.0,0.0,0.0,0.25,1.0,0.5,1.0,0,2025,12,4,51,12,6,5,3,1,1,1,1,1,0,0,0
2024-01-01,S001,Roller,1,1,0.0,0.0,0.0,0.0,0.0,0.0,0.0,0,2024,1,1,1,3,3,1,0,1,0,0,1,1,0,0,0
2024-01-08,S001,Roller,1,2,1.0,0.0,0.0,0.0,0.0,0.0,0.0,0,2024,1,1,2,5,4,2,1,1,0,0,1,0,1,1,0
2024-01-15,S001,Roller,2,2,1.0,1.0,0.0,0.0,0.0,0.0,0.0,0,2024,1,1,3,8,5,2,1,0,1,2,2,2,0,1,1
2024-01-22,S001,Roller,2,1,2.0,1.0,0.0,1.5,2.0,0.5773502691896257,0.0,0,2024,1,1,4,9,5,2,2,0,1,2,2,0,1,2,1
2024-01-29,S001,Roller,1,1,2.0,2.0,1.0,1.5,2.0,0.5773502691896257,0.0,0,2024,1,1,5,5,3,2,2,0,0,0,1,0,0,2,1
2024-02-05,S001,Roller,1,1,1.0,2.0,1.0,1.5,2.0,0.5773502691896257,0.0,0,2024,2,1,6,3,3,1,0,1,0,0,1,0,0,0,1
2024-02-12,S001,Roller,1,1,1.0,1.0,2.0,1.25,2.0,0.5,-1.0,0,2024,2,1,7,5,4,2,0,1,0,1,1,0,0,0,0
2024-02-19,S001,Roller,1,1,1.0,1.0,2.0,1.0,1.0,0.0,-1.0,0,2024,2,1,8,4,3,2,0,0,0,1,1,0,0,0,0
2024-02-26,S001,Roller,1,1,1.0,1.0,1.0,1.0,1.0,0.0,0.0,0,2024,2,1,9,4,3,2,0,0,0,1,1,0,0,0,0
2024-03-04,S001,Roller,1,0,1.0,1.0,1.0,1.0,1.0,0.0,0.0,0,2024,3,1,10,6,5,2,1,0,1,1,1,0,1,0,0
2024-03-11,S001,Roller,0,0,1.0,1.0,1.0,0.75,1.0,0.5,-1.0,1,2024,3,1,11,5,4,2,1,0,1,1,0,0,0,0,1
2024-03-18,S001,Roller,0,0,0.0,1.0,1.0,0.5,1.0,0.5773502691896257,-1.0,2,2024,3,1,12,4,4,0,1,1,1,1,0,0,0,0,1
2024-03-25,S001,Roller,0,0,0.0,0.0,1.0,0.25,1.0,0.5,-1.0,3,2024,3,1,13,2,2,0,0,1,0,1,0,0,0,0,0
2024-04-01,S001,Roller,0,1,0.0,0.0,1.0,0.0,0.0,0.0,-1.0,4,2024,4,2,14,1,1,1,0,0,0,0,0,0,0,0,0
2024-04-08,S001,Roller,1,1,0.0,0.0,0.0,0.25,1.0,0.5,1.0,0,2024,4,2,15,3,2,2,0,0,0,0,1,1,0,0,0
2024-04-15,S001,Roller,1,0,1.0,0.0,0.0,0.5,1.0,0.5773502691896257,1.0,0,2024,4,2,16,3,2,2,0,0,0,0,1,0,1,1,0
2024-04-22,S001,Roller,0,1,1.0,1.0,0.0,0.5,1.0,0.5773502691896257,0.0,1,2024,4,2,17,1,1,1,0,0,0,0,0,0,0,1,1
2024-04-29,S001,Roller,1,1,0.0,1.0,0.0,0.75,1.0,0.5,1.0,0,2024,4,2,18,1,1,0,0,0,0,0,1,1,0,0,1
2024-05-06,S001,Roller,1,1,1.0,0.0,1.0,0.75,1.0,0.5,0.0,0,2024,5,2,19,4,4,1,0,0,1,1,1,0,0,1,0
2024-05-13,S001,Roller,1,0,1.0,1.0,1.0,0.75,1.0,0.5,0.0,0,2024,5,2,20,6,5,2,0,1,1,1,1,0,1,1,0
2024-05-20,S001,Roller,0,1,1.0,1.0,0.0,0.75,1.0,0.5,0.0,1,2024,5,2,21,5,3,2,0,1,0,2,0,0,0,0,1
2024-05-27,S001,Roller,1,1,0.0,1.0,1.0,0.75,1.0,0.5,0.0,0,2024,5,2,22,5,3,0,0,0,2,2,1,1,0,0,1
2024-06-03,S001,Roller,1,1,1.0,0.0,1.0,0.75,1.0,0.5,0.0,0,2024,6,2,23,6,3,0,0,0,3,2,1,0,0,1,0
2024-06-10,S001,Roller,1,1,1.0,1.0,1.0,0.75,1.0,0.5,0.0,0,2024,6,2,24,8,4,0,2,0,3,2,1,0,0,1,0
2024-06-17,S001,Roller,1,1,1.0,1.0,0.0,1.0,1.0,0.0,1.0,0,2024,6,2,25,6,4,1,2,0,2,0,1,0,1,0,0
2024-06-24,S001,Roller,1,1,1.0,1.0,1.0,1.0,1.0,0.0,0.0,0,2024,6,2,26,6,5,1,1,2,0,1,1,1,0,0,1
2024-07-01,S001,Roller,1,0,1.0,1.0,1.0,1.0,1.0,0.0,0.0,0,2024,7,3,27,5,4,1,0,2,0,1,1,0,1,1,1
2024-07-08,S001,Roller,0,0,1.0,1.0,1.0,0.75,1.0,0.5,-1.0,1,2024,7,3,28,1,1,1,0,0,0,0,0,0,0,1,1
2024-07-15,S001,Roller,0,0,0.0,1.0,1.0,0.5,1.0,0.5773502691896257,-1.0,2,2024,7,3,29,1,1,0,1,0,0,0,0,0,0,0,1
2024-07-22,S001,Roller,0,0,0.0,0.0,1.0,0.25,1.0,0.5,-1.0,3,2024,7,3,30,1,1,0,1,0,0,0,0,0,0,0,0
2024-07-29,S001,Roller,0,0,0.0,0.0,1.0,0.0,0.0,0.0,-1.0,4,2024,7,3,31,2,1,0,2,0,0,0,0,0,0,0,0
2024-08-05,S001,Roller,0,0,0.0,0.0,0.0,0.0,0.0,0.0,0.0,5,2024,8,3,32,3,2,1,2,0,0,0,0,0,0,0,0
2024-08-12,S001,Roller,0,0,0.0,0.0,0.0,0.0,0.0,0.0,0.0,6,2024,8,3,33,5,4,1,2,1,1,0,0,0,0,0,0
2024-08-19,S001,Roller,0,1,0.0,0.0,0.0,0.0,0.0,0.0,0.0,7,2024,8,3,34,6,4,2,2,1,1,0,0,0,0,0,0
2024-08-26,S001,Roller,1,1,0.0,0.0,0.0,0.25,1.0,0.5,1.0,0,2024,8,3,35,5,4,2,0,1,1,0,1,1,0,0,0
2024-09-02,S001,Roller,1,1,1.0,0.0,0.0,0.5,1.0,0.5773502691896257,1.0,0,2024,9,3,36,3,2,2,0,0,0,0,1,0,1,1,0
2024-09-09,S001,Roller,1,1,1.0,1.0,0.0,0.75,1.0,0.5,1.0,0,2024,9,3,37,3,3,1,0,1,0,0,1,1,0,1,1
2024-09-16,S001,Roller,1,1,1.0,1.0,0.0,1.0,1.0,0.0,1.0,0,2024,9,3,38,3,3,1,0,1,0,0,1,0,0,1,1
2024-09-23,S001,Roller,1,1,1.0,1.0,1.0,1.0,1.0,0.0,0.0,0,2024,9,3,39,3,3,1,1,0,0,0,1,0,0,1,0
2024-09-30,S001,Roller,1,0,1.0,1.0,1.0,1.0,1.0,0.0,0.0,0,2024,9,3,40,4,4,1,1,1,0,0,1,0,1,0,0
2024-10-07,S001,Roller,0,0,1.0,1.0,1.0,0.75,1.0,0.5,-1.0,1,2024,10,4,41,2,2,1,0,1,0,0,0,0,0,0,1
2024-10-14,S001,Roller,0,1,0.0,1.0,1.0,0.5,1.0,0.5773502691896257,-1.0,2,2024,10,4,42,2,2,1,1,0,0,0,0,0,0,0,1
2024-10-21,S001,Roller,1,1,0.0,0.0,1.0,0.5,1.0,0.5773502691896257,0.0,0,2024,10,4,43,6,4,2,2,1,0,0,1,1,0,0,0
2024-10-28,S001,Roller,1,1,1.0,0.0,1.0,0.5,1.0,0.5773502691896257,0.0,0,2024,10,4,44,7,4,2,2,2,0,0,1,0,0,1,0
2024-11-04,S001,Roller,1,1,1.0,1.0,0.0,0.75,1.0,0.5,1.0,0,2024,11,4,45,7,5,1,2,2,0,1,1,0,1,1,0
2024-11-11,S001,Roller,1,1,1.0,1.0,0.0,1.0,1.0,0.0,1.0,0,2024,11,4,46,6,4,1,0,2,0,2,1,1,0,0,1
2024-11-18,S001,Roller,1,0,1.0,1.0,1.0,1.0,1.0,0.0,0.0,0,2024,11,4,47,4,3,1,0,0,0,2,1,0,1,1,1
2024-11-25,S001,Roller,0,0,1.0,1.0,1.0,0.75,1.0,0.5,-1.0,1,2024,11,4,48,2,2,1,0,0,0,1,0,0,0,1,1
2024-12-02,S001,Roller,0,0,0.0,1.0,1.0,0.5,1.0,0.5773502691896257,-1.0,2,2024,12,4,49,2,2,1,0,0,0,1,0,0,0,0,1
2024-12-09,S001,Roller,0,0,0.0,0.0,1.0,0.25,1.0,0.5,-1.0,3,2024,12,4,50,2,2,0,0,0,1,1,0,0,0,0,0
2024-12-16,S001,Roller,0,0,0.0,0.0,1.0,0.0,0.0,0.0,-1.0,4,2024,12,4,51,1,1,0,0,0,1,0,0,0,0,0,0
2024-12-23,S001,Roller,0,0,0.0,0.0,0.0,0.0,0.0,0.0,0.0,5,2024,12,4,52,2,2,0,1,0,1,0,0,0,0,0,0
2024-12-30,S001,Roller,0,0,0.0,0.0,0.0,0.0,0.0,0.0,0.0,6,2024,12,4,1,4,3,0,1,0,1,2,0,0,0,0,0
2025-01-06,S001,Roller,0,0,0.0,0.0,0.0,0.0,0.0,0.0,0.0,7,2025,1,1,2,6,4,2,1,0,1,2,0,0,0,0,0
2025-01-13,S001,Roller,0,0,0.0,0.0,0.0,0.0,0.0,0.0,0.0,8,2025,1,1,3,6,3,2,3,0,0,1,0,0,0,0,0
2025-01-20,S001,Roller,0,0,0.0,0.0,0.0,0.0,0.0,0.0,0.0,9,2025,1,1,4,6,3,2,3,1,0,0,0,0,0,0,0
2025-01-27,S001,Roller,0,1,0.0,0.0,0.0,0.0,0.0,0.0,0.0,10,2025,1,1,5,3,3,1,1,1,0,0,0,0,0,0,0
2025-02-03,S001,Roller,1,1,0.0,0.0,0.0,0.25,1.0,0.5,1.0,0,2025,2,1,6,3,2,2,0,0,0,0,1,1,0,0,0
2025-02-10,S001,Roller,1,0,1.0,0.0,0.0,0.5,1.0,0.5773502691896257,1.0,0,2025,2,1,7,4,3,2,1,0,0,0,1,0,1,1,0
2025-02-17,S001,Roller,0,0,1.0,1.0,0.0,0.5,1.0,0.5773502691896257,0.0,1,2025,2,1,8,1,1,0,1,0,0,0,0,0,0,1,1
2025-02-24,S001,Roller,0,0,0.0,1.0,0.0,0.5,1.0,0.5773502691896257,0.0,2,2025,2,1,9,0,0,0,0,0,0,0,0,0,0,0,1
2025-03-03,S001,Roller,0,0,0.0,0.0,1.0,0.25,1.0,0.5,-1.0,3,2025,3,1,10,0,0,0,0,0,0,0,0,0,0,0,0
2025-03-10,S001,Roller,0,0,0.0,0.0,1.0,0.0,0.0,0.0,-1.0,4,2025,3,1,11,2,2,1,0,0,0,1,0,0,0,0,0
2025-03-17,S001,Roller,0,0,0.0,0.0,0.0,0.0,0.0,0.0,0.0,5,2025,3,1,12,3,3,1,1,0,0,1,0,0,0,0,0
2025-03-24,S001,Roller,0,0,0.0,0.0,0.0,0.0,0.0,0.0,0.0,6,2025,3,1,13,5,4,1,2,1,0,1,0,0,0,0,0
2025-03-31,S001,Roller,0,0,0.0,0.0,0.0,0.0,0.0,0.0,0.0,7,2025,3,1,14,5,4,1,2,1,0,1,0,0,0,0,0
2025-04-07,S001,Roller,0,0,0.0,0.0,0.0,0.0,0.0,0.0,0.0,8,2025,4,2,15,2,2,1,0,1,0,0,0,0,0,0,0
2025-04-14,S001,Roller,0,1,0.0,0.0,0.0,0.0,0.0,0.0,0.0,9,2025,4,2,16,2,1,2,0,0,0,0,0,0,0,0,0
2025-04-21,S001,Roller,1,1,0.0,0.0,0.0,0.25,1.0,0.5,1.0,0,2025,4,2,17,6,4,3,0,0,1,1,1,1,0,0,0
2025-04-28,S001,Roller,1,0,1.0,0.0,0.0,0.5,1.0,0.5773502691896257,1.0,0,2025,4,2,18,9,5,3,2,0,1,2,1,0,1,1,0
2025-05-05,S001,Roller,0,2,1.0,1.0,0.0,0.5,1.0,0.5773502691896257,0.0,1,2025,5,2,19,9,4,4,2,1,0,2,0,0,0,1,1
2025-05-12,S001,Roller,2,2,0.0,1.0,0.0,1.0,2.0,0.816496580927726,2.0,0,2025,5,2,20,10,4,5,0,2,0,1,2,2,0,0,1
2025-05-19,S001,Roller,2,1,2.0,0.0,1.0,1.25,2.0,0.9574271077563381,1.0,0,2025,5,2,21,12,6,5,1,2,1,1,2,0,2,2,0
2025-05-26,S001,Roller,1,1,2.0,2.0,1.0,1.25,2.0,0.9574271077563381,0.0,0,2025,5,2,22,8,5,0,2,3,1,1,1,1,0,2,2
2025-06-02,S001,Roller,1,0,1.0,2.0,0.0,1.5,2.0,0.5773502691896257,1.0,0,2025,6,2,23,6,3,0,2,3,0,0,1,0,1,1,2
2025-06-09,S001,Roller,0,0,1.0,1.0,2.0,1.0,2.0,0.816496580927726,-2.0,1,2025,6,2,24,4,4,0,1,1,1,1,0,0,0,1,1
2025-06-16,S001,Roller,0,0,0.0,1.0,2.0,0.5,1.0,0.5773502691896257,-2.0,2,2025,6,2,25,6,4,2,2,0,1,1,0,0,0,0,1
2025-06-23,S001,Roller,0,0,0.0,0.0,1.0,0.25,1.0,0.49999999999999994,-1.0,3,2025,6,2,26,5,3,2,2,0,1,0,0,0,0,0,0
2025-06-30,S001,Roller,0,1,0.0,0.0,1.0,0.0,0.0,0.0,-1.0,4,2025,6,2,27,5,3,2,1,2,0,0,0,0,0,0,0
2025-07-07,S001,Roller,1,1,0.0,0.0,0.0,0.25,1.0,0.5,1.0,0,2025,7,3,28,6,5,0,1,2,1,1,1,1,0,0,0
2025-07-14,S001,Roller,1,1,1.0,0.0,0.0,0.5,1.0,0.5773502691896257,1.0,0,2025,7,3,29,4,4,0,1,0,1,1,1,0,0,1,0
2025-07-21,S001,Roller,1,0,1.0,1.0,0.0,0.75,1.0,0.5,1.0,0,2025,7,3,30,4,4,0,1,0,1,1,1,0,1,1,0
2025-07-28,S001,Roller,0,0,1.0,1.0,0.0,0.75,1.0,0.5,0.0,1,2025,7,3,31,3,3,0,1,0,1,1,0,0,0,0,1
2025-08-04,S001,Roller,0,0,0.0,1.0,1.0,0.5,1.0,0.5773502691896257,-1.0,2,2025,8,3,32,1,1,0,0,0,0,1,0,0,0,0,1
2025-08-11,S001,Roller,0,0,0.0,0.0,1.0,0.25,1.0,0.5,-1.0,3,2025,8,3,33,1,1,0,0,0,0,1,0,0,0,0,0
2025-08-18,S001,Roller,0,0,0.0,0.0,1.0,0.0,0.0,0.0,-1.0,4,2025,8,3,34,1,1,0,0,0,0,1,0,0,0,0,0
2025-08-25,S001,Roller,0,1,0.0,0.0,0.0,0.0,0.0,0.0,0.0,5,2025,8,3,35,3,1,0,0,0,0,3,0,0,0,0,0
2025-09-01,S001,Roller,1,1,0.0,0.0,0.0,0.25,1.0,0.5,1.0,0,2025,9,3,36,4,2,0,0,0,0,3,1,1,0,0,0
2025-09-08,S001,Roller,1,1,1.0,0.0,0.0,0.5,1.0,0.5773502691896257,1.0,0,2025,9,3,37,4,2,0,0,0,0,3,1,0,0,1,0
2025-09-15,S001,Roller,1,0,1.0,1.0,0.0,0.75,1.0,0.5,1.0,0,2025,9,3,38,3,2,0,0,0,0,2,1,0,1,1,0
2025-09-22,S001,Roller,0,0,1.0,1.0,0.0,0.75,1.0,0.5,0.0,1,2025,9,3,39,2,2,0,0,0,1,1,0,0,0,0,1
2025-09-29,S001,Roller,0,0,0.0,1.0,1.0,0.5,1.0,0.5773502691896257,-1.0,2,2025,9,3,40,1,1,0,0,0,1,0,0,0,0,0,1
2025-10-06,S001,Roller,0,0,0.0,0.0,1.0,0.25,1.0,0.5,-1.0,3,2025,10,4,41,1,1,0,0,0,0,1,0,0,0,0,0
2025-10-13,S001,Roller,0,0,0.0,0.0,1.0,0.0,0.0,0.0,-1.0,4,2025,10,4,42,2,2,0,0,0,1,1,0,0,0,0,0
2025-10-20,S001,Roller,0,0,0.0,0.0,0.0,0.0,0.0,0.0,0.0,5,2025,10,4,43,1,1,0,0,0,1,0,0,0,0,0,0
2025-10-27,S001,Roller,0,1,0.0,0.0,0.0,0.0,0.0,0.0,0.0,6,2025,10,4,44,0,0,0,0,0,0,0,0,0,0,0,0
2025-11-03,S001,Roller,1,1,0.0,0.0,0.0,0.25,1.0,0.5,1.0,0,2025,11,4,45,1,1,0,0,0,0,0,1,1,0,0,0
2025-11-10,S001,Roller,1,0,1.0,0.0,0.0,0.5,1.0,0.5773502691896257,1.0,0,2025,11,4,46,2,2,1,0,0,0,0,1,0,1,1,0
2025-11-17,S001,Roller,0,0,1.0,1.0,0.0,0.5,1.0,0.5773502691896257,0.0,1,2025,11,4,47,2,2,1,1,0,0,0,0,0,0,1,1
2025-11-24,S001,Roller,0,0,0.0,1.0,0.0,0.5,1.0,0.5773502691896257,0.0,2,2025,11,4,48,6,3,2,3,1,0,0,0,0,0,0,1
2025-12-01,S001,Roller,0,1,0.0,0.0,1.0,0.25,1.0,0.5,-1.0,3,2025,12,4,49,8,4,3,3,1,1,0,0,0,0,0,0
2025-12-08,S001,Roller,1,1,0.0,0.0,1.0,0.25,1.0,0.5,0.0,0,2025,12,4,50,11,5,5,3,1,1,0,1,1,0,0,0
2025-12-15,S001,Roller,1,0,1.0,0.0,0.0,0.5,1.0,0.5773502691896257,1.0,0,2025,12,4,51,12,6,5,3,1,1,1,1,0,1,1,0
2024-01-01,S002,Bulldozer,1,1,0.0,0.0,0.0,0.0,0.0,0.0,0.0,0,2024,1,1,1,2,2,0,1,1,0,0,0,1,0,0,0
2024-01-08,S002,Bulldozer,1,0,1.0,0.0,0.0,0.0,0.0,0.0,0.0,0,2024,1,1,2,3,3,1,1,1,0,0,0,0,1,1,0
2024-01-15,S002,Bulldozer,0,1,1.0,1.0,0.0,0.0,0.0,0.0,0.0,1,2024,1,1,3,2,2,1,0,0,0,0,1,0,0,1,1
2024-01-22,S002,Bulldozer,1,1,0.0,1.0,0.0,0.75,1.0,0.5,0.0,0,2024,1,1,4,2,2,0,1,0,0,0,1,1,0,0,1
2024-01-29,S002,Bulldozer,1,1,1.0,0.0,1.0,0.75,1.0,0.5,0.0,0,2024,1,1,5,3,3,1,1,0,0,0,1,0,1,1,0
2024-02-05,S002,Bulldozer,1,2,1.0,1.0,1.0,0.75,1.0,0.5,0.0,0,2024,2,1,6,4,4,1,1,0,0,1,1,1,0,1,1
2024-02-12,S002,Bulldozer,2,2,1.0,1.0,0.0,1.25,2.0,0.5,2.0,0,2024,2,1,7,6,4,1,2,0,1,2,0,1,0,1,1
2024-02-19,S002,Bulldozer,2,1,2.0,1.0,1.0,1.5,2.0,0.5773502691896257,1.0,0,2024,2,1,8,7,4,0,2,0,2,2,1,0,1,2,0
2024-02-26,S002,Bulldozer,1,1,2.0,2.0,1.0,1.5,2.0,0.5773502691896257,0.0,0,2024,2,1,9,6,4,0,1,0,2,2,1,0,1,1,1
2024-03-04,S002,Bulldozer,1,1,1.0,2.0,1.0,1.5,2.0,0.5773502691896257,0.0,0,2024,3,1,10,7,6,1,1,1,1,2,1,1,0,0,2
2024-03-11,S002,Bulldozer,1,1,1.0,1.0,2.0,1.25,2.0,0.5,-1.0,0,2024,3,1,11,5,5,1,1,1,1,1,0,0,0,1,1
2024-03-18,S002,Bulldozer,1,1,1.0,1.0,2.0,1.0,1.0,0.0,-1.0,0,2024,3,1,12,6,6,1,1,1,1,1,1,0,1,1,0
2024-03-25,S002,Bulldozer,1,1,1.0,1.0,1.0,1.0,1.0,0.0,0.0,0,2024,3,1,13,5,5,1,1,0,1,1,1,1,0,0,1
2024-04-01,S002,Bulldozer,1,1,1.0,1.0,1.0,1.0,1.0,0.0,0.0,0,2024,4,2,14,5,4,1,1,0,2,1,0,0,1,1,1
2024-04-08,S002,Bulldozer,1,1,1.0,1.0,1.0,1.0,1.0,0.0,0.0,0,2024,4,2,15,5,4,1,1,0,2,1,0,1,0,1,1
2024-04-15,S002,Bulldozer,1,1,1.0,1.0,1.0,1.0,1.0,0.0,0.0,0,2024,4,2,16,6,5,1,1,1,2,1,0,0,1,1,1
2024-04-22,S002,Bulldozer,1,1,1.0,1.0,1.0,1.0,1.0,0.0,0.0,0,2024,4,2,17,7,6,1,1,1,2,1,1,1,0,1,1
2024-04-29,S002,Bulldozer,1,0,1.0,1.0,1.0,1.0,1.0,0.0,0.0,0,2024,4,2,18,6,5,0,1,1,2,1,1,0,1,1,1
2024-05-06,S002,Bulldozer,0,0,1.0,1.0,1.0,0.75,1.0,0.5,-1.0,1,2024,5,2,19,1,1,0,0,0,0,1,0,0,0,1,1
2024-05-13,S002,Bulldozer,0,0,0.0,1.0,1.0,0.5,1.0,0.5773502691896257,-1.0,2,2024,5,2,20,2,1,0,0,0,0,2,0,0,0,0,1
2024-05-20,S002,Bulldozer,0,0,0.0,0.0,1.0,0.25,1.0,0.5,-1.0,3,2024,5,2,21,4,3,0,0,1,0,2,1,0,0,0,0
2024-05-27,S002,Bulldozer,0,3,0.0,0.0,1.0,0.0,0.0,0.0,-1.0,4,2024,5,2,22,5,4,1,0,1,0,1,2,0,0,0,0
2024-06-03,S002,Bulldozer,3,3,0.0,0.0,0.0,0.75,3.0,1.5,3.0,0,2024,6,2,23,7,4,1,3,0,0,1,2,3,0,0,0
2024-06-10,S002,Bulldozer,3,2,3.0,0.0,0.0,1.5,3.0,1.7320508075688772,3.0,0,2024,6,2,24,7,4,0,3,0,1,2,1,0,1,3,0
2024-06-17,S002,Bulldozer,2,1,3.0,3.0,0.0,2.0,3.0,1.4142135623730951,2.0,0,2024,6,2,25,6,4,0,2,0,1,2,1,0,1,3,1
2024-06-24,S002,Bulldozer,1,1,2.0,3.0,0.0,2.25,3.0,0.9574271077563381,1.0,0,2024,6,2,26,4,4,0,1,0,1,1,1,0,1,0,2
2024-07-01,S002,Bulldozer,1,1,1.0,2.0,3.0,1.75,3.0,0.9574271077563381,-2.0,0,2024,7,3,27,4,4,0,1,0,1,1,1,1,0,0,2
2024-07-08,S002,Bulldozer,1,1,1.0,1.0,3.0,1.25,2.0,0.4999999999999999,-2.0,0,2024,7,3,28,6,4,0,1,3,0,1,1,0,0,1,1
2024-07-15,S002,Bulldozer,1,1,1.0,1.0,2.0,1.0,1.0,0.0,-1.0,0,2024,7,3,29,6,4,0,1,3,0,1,1,0,0,1,0
2024-07-22,S002,Bulldozer,1,0,1.0,1.0,1.0,1.0,1.0,0.0,0.0,0,2024,7,3,30,4,4,0,1,1,0,1,1,0,1,0,0
2024-07-29,S002,Bulldozer,0,1,1.0,1.0,1.0,0.75,1.0,0.5,-1.0,1,2024,7,3,31,3,1,0,0,0,0,3,0,0,0,0,1
2024-08-05,S002,Bulldozer,1,1,0.0,1.0,1.0,0.75,1.0,0.5,0.0,0,2024,8,3,32,9,5,1,1,0,3,3,1,1,0,0,1
2024-08-12,S002,Bulldozer,1,1,1.0,0.0,1.0,0.75,1.0,0.5,0.0,0,2024,8,3,33,9,5,1,1,0,3,3,1,0,1,1,0
2024-08-19,S002,Bulldozer,1,1,1.0,1.0,1.0,0.75,1.0,0.5,0.0,0,2024,8,3,34,6,4,0,1,1,3,1,0,1,0,1,1
2024-08-26,S002,Bulldozer,1,1,1.0,1.0,0.0,1.0,1.0,0.0,1.0,0,2024,8,3,35,6,4,0,1,1,3,1,0,0,0,1,1
2024-09-02,S002,Bulldozer,1,0,1.0,1.0,1.0,1.0,1.0,0.0,0.0,0,2024,9,3,36,4,3,0,1,1,2,0,0,0,1,1,0
2024-09-09,S002,Bulldozer,0,1,1.0,1.0,1.0,0.75,1.0,0.5,-1.0,1,2024,9,3,37,2,2,0,0,1,1,0,0,0,0,0,1
2024-09-16,S002,Bulldozer,1,1,0.0,1.0,1.0,0.75,1.0,0.5,0.0,0,2024,9,3,38,3,3,0,1,1,0,1,0,1,0,0,1
2024-09-23,S002,Bulldozer,1,1,1.0,0.0,1.0,0.75,1.0,0.5,0.0,0,2024,9,3,39,3,3,0,1,1,0,1,0,0,0,1,0
2024-09-30,S002,Bulldozer,1,1,1.0,1.0,1.0,0.75,1.0,0.5,0.0,0,2024,9,3,40,5,4,0,1,1,1,2,0,0,1,1,0
2024-10-07,S002,Bulldozer,1,2,1.0,1.0,0.0,1.0,1.0,0.0,1.0,0,2024,10,4,41,6,5,1,1,1,1,2,0,1,0,0,1
2024-10-14,S002,Bulldozer,2,2,1.0,1.0,1.0,1.25,2.0,0.5,1.0,0,2024,10,4,42,8,6,1,2,1,1,2,1,1,0,1,1
2024-10-21,S002,Bulldozer,2,0,2.0,1.0,1.0,1.5,2.0,0.5773502691896257,1.0,0,2024,10,4,43,5,4,0,2,0,1,1,1,0,2,2,0
2024-10-28,S002,Bulldozer,0,1,2.0,2.0,1.0,1.25,2.0,0.9574271077563381,-1.0,1,2024,10,4,44,5,4,0,0,1,1,2,1,0,0,1,2
2024-11-04,S002,Bulldozer,1,1,0.0,2.0,1.0,1.25,2.0,0.9574271077563381,0.0,0,2024,11,4,45,6,5,0,1,1,1,2,1,1,0,0,2
2024-11-11,S002,Bulldozer,1,1,1.0,0.0,2.0,1.0,2.0,0.816496580927726,-1.0,0,2024,11,4,46,4,4,0,1,1,1,1,0,0,0,1,0
2024-11-18,S002,Bulldozer,1,0,1.0,1.0,2.0,0.75,1.0,0.5,-1.0,0,2024,11,4,47,5,5,0,1,1,1,1,1,0,1,1,0
2024-11-25,S002,Bulldozer,0,0,1.0,1.0,0.0,0.75,1.0,0.5,0.0,1,2024,11,4,48,4,4,0,0,1,1,1,1,0,0,0,1
2024-12-02,S002,Bulldozer,0,0,0.0,1.0,1.0,0.5,1.0,0.5773502691896257,-1.0,2,2024,12,4,49,7,4,0,0,1,2,3,1,0,0,0,1
2024-12-09,S002,Bulldozer,0,0,0.0,0.0,1.0,0.25,1.0,0.5,-1.0,3,2024,12,4,50,6,3,0,0,0,2,3,1,0,0,0,0
2024-12-16,S002,Bulldozer,0,0,0.0,0.0,1.0,0.0,0.0,0.0,-1.0,4,2024,12,4,51,5,3,0,0,1,2,2,0,0,0,0,0
2024-12-23,S002,Bulldozer,0,1,0.0,0.0,0.0,0.0,0.0,0.0,0.0,5,2024,12,4,52,5,3,0,0,1,2,2,0,0,0,0,0
2024-12-30,S002,Bulldozer,1,1,0.0,0.0,0.0,0.25,1.0,0.5,1.0,0,2024,12,4,1,6,6,1,1,1,1,1,1,1,0,0,0
2025-01-06,S002,Bulldozer,1,0,1.0,0.0,0.0,0.5,1.0,0.5773502691896257,1.0,0,2025,1,1,2,6,6,1,1,1,1,1,1,0,1,1,0
2025-01-13,S002,Bulldozer,0,0,1.0,1.0,0.0,0.5,1.0,0.5773502691896257,0.0,1,2025,1,1,3,4,4,0,0,1,1,1,1,0,0,1,1
2025-01-20,S002,Bulldozer,0,0,0.0,1.0,0.0,0.5,1.0,0.5773502691896257,0.0,2,2025,1,1,4,5,5,1,0,1,1,1,1,0,0,0,1
2025-01-27,S002,Bulldozer,0,0,0.0,0.0,1.0,0.25,1.0,0.5,-1.0,3,2025,1,1,5,2,2,1,0,0,0,0,1,0,0,0,0
2025-02-03,S002,Bulldozer,0,1,0.0,0.0,1.0,0.0,0.0,0.0,-1.0,4,2025,2,1,6,2,2,1,0,0,0,0,1,0,0,0,0
2025-02-10,S002,Bulldozer,1,1,0.0,0.0,0.0,0.25,1.0,0.5,1.0,0,2025,2,1,7,5,4,1,1,0,0,2,1,1,0,0,0
2025-02-17,S002,Bulldozer,1,1,1.0,0.0,0.0,0.5,1.0,0.5773502691896257,1.0,0,2025,2,1,8,7,5,1,1,1,0,3,1,0,0,1,0
2025-02-24,S002,Bulldozer,1,0,1.0,1.0,0.0,0.75,1.0,0.5,1.0,0,2025,2,1,9,8,5,1,1,1,0,3,2,0,1,1,0
2025-03-03,S002,Bulldozer,0,0,1.0,1.0,0.0,0.75,1.0,0.5,0.0,1,2025,3,1,10,5,4,1,0,1,0,1,2,0,0,0,1
2025-03-10,S002,Bulldozer,0,0,0.0,1.0,1.0,0.5,1.0,0.5773502691896257,-1.0,2,2025,3,1,11,3,3,1,0,0,0,1,1,0,0,0,1
2025-03-17,S002,Bulldozer,0,0,0.0,0.0,1.0,0.25,1.0,0.5,-1.0,3,2025,3,1,12,1,1,0,0,0,0,0,1,0,0,0,0
2025-03-24,S002,Bulldozer,0,0,0.0,0.0,1.0,0.0,0.0,0.0,-1.0,4,2025,3,1,13,4,4,1,0,0,1,1,1,0,0,0,0
2025-03-31,S002,Bulldozer,0,0,0.0,0.0,0.0,0.0,0.0,0.0,0.0,5,2025,3,1,14,6,4,1,0,0,1,3,1,0,0,0,0
2025-04-07,S002,Bulldozer,0,0,0.0,0.0,0.0,0.0,0.0,0.0,0.0,6,2025,4,2,15,5,2,0,0,0,0,4,1,0,0,0,0
2025-04-14,S002,Bulldozer,0,0,0.0,0.0,0.0,0.0,0.0,0.0,0.0,7,2025,4,2,16,5,2,0,0,0,1,4,0,0,0,0,0
2025-04-21,S002,Bulldozer,0,0,0.0,0.0,0.0,0.0,0.0,0.0,0.0,8,2025,4,2,17,4,3,1,0,0,2,1,0,0,0,0,0
2025-04-28,S002,Bulldozer,0,1,0.0,0.0,0.0,0.0,0.0,0.0,0.0,9,2025,4,2,18,4,3,1,0,0,2,1,0,0,0,0,0
2025-05-05,S002,Bulldozer,1,1,0.0,0.0,0.0,0.25,1.0,0.5,1.0,0,2025,5,2,19,4,3,1,1,0,0,2,0,1,0,0,0
2025-05-12,S002,Bulldozer,1,0,1.0,0.0,0.0,0.5,1.0,0.5773502691896257,1.0,0,2025,5,2,20,4,3,0,1,0,1,2,0,0,1,1,0
2025-05-19,S002,Bulldozer,0,0,1.0,1.0,0.0,0.5,1.0,0.5773502691896257,0.0,1,2025,5,2,21,2,2,1,0,0,1,0,0,0,0,1,1
2025-05-26,S002,Bulldozer,0,1,0.0,1.0,0.0,0.5,1.0,0.5773502691896257,0.0,2,2025,5,2,22,2,2,1,0,0,1,0,0,0,0,0,1
2025-06-02,S002,Bulldozer,1,1,0.0,0.0,1.0,0.5,1.0,0.5773502691896257,0.0,0,2025,6,2,23,5,3,1,1,0,3,0,0,1,0,0,0
2025-06-09,S002,Bulldozer,1,0,1.0,0.0,1.0,0.5,1.0,0.5773502691896257,0.0,0,2025,6,2,24,8,5,1,1,1,3,2,0,0,1,1,0
2025-06-16,S002,Bulldozer,0,1,1.0,1.0,0.0,0.5,1.0,0.5773502691896257,0.0,1,2025,6,2,25,6,4,1,0,1,2,2,0,0,0,1,1
2025-06-23,S002,Bulldozer,1,1,0.0,1.0,0.0,0.75,1.0,0.5,1.0,0,2025,6,2,26,4,4,1,1,1,1,0,0,1,0,0,1
2025-06-30,S002,Bulldozer,1,1,1.0,0.0,1.0,0.75,1.0,0.5,0.0,0,2025,6,2,27,4,4,1,1,0,1,1,0,0,1,1,0
2025-07-07,S002,Bulldozer,1,1,1.0,1.0,1.0,0.75,1.0,0.5,0.0,0,2025,7,3,28,2,2,0,1,0,0,1,0,1,0,1,1
2025-07-14,S002,Bulldozer,1,0,1.0,1.0,0.0,1.0,1.0,0.0,1.0,0,2025,7,3,29,3,3,1,1,0,0,1,0,0,1,1,1
2025-07-21,S002,Bulldozer,0,1,1.0,1.0,1.0,0.75,1.0,0.5,-1.0,1,2025,7,3,30,2,2,1,0,0,0,1,0,0,0,1,1
2025-07-28,S002,Bulldozer,1,1,0.0,1.0,1.0,0.75,1.0,0.5,0.0,0,2025,7,3,31,2,2,1,1,0,0,0,0,1,0,0,1
2025-08-04,S002,Bulldozer,1,1,1.0,0.0,1.0,0.75,1.0,0.5,0.0,0,2025,8,3,32,3,3,0,1,1,0,0,1,0,0,1,0
2025-08-11,S002,Bulldozer,1,1,1.0,1.0,1.0,0.75,1.0,0.5,0.0,0,2025,8,3,33,3,3,0,1,1,0,0,1,0,0,1,0
2025-08-18,S002,Bulldozer,1,0,1.0,1.0,0.0,1.0,1.0,0.0,1.0,0,2025,8,3,34,1,1,0,1,0,0,0,0,0,1,0,0
2025-08-25,S002,Bulldozer,0,0,1.0,1.0,1.0,0.75,1.0,0.5,-1.0,1,2025,8,3,35,0,0,0,0,0,0,0,0,0,0,0,1
2025-09-01,S002,Bulldozer,0,0,0.0,1.0,1.0,0.5,1.0,0.5773502691896257,-1.0,2,2025,9,3,36,1,1,0,0,0,1,0,0,0,0,0,1
2025-09-08,S002,Bulldozer,0,0,0.0,0.0,1.0,0.25,1.0,0.5,-1.0,3,2025,9,3,37,2,1,0,0,0,2,0,0,0,0,0,0
2025-09-15,S002,Bulldozer,0,1,0.0,0.0,1.0,0.0,0.0,0.0,-1.0,4,2025,9,3,38,2,1,0,0,0,2,0,0,0,0,0,0
2025-09-22,S002,Bulldozer,1,1,0.0,0.0,0.0,0.25,1.0,0.5,1.0,0,2025,9,3,39,2,2,0,1,0,1,0,0,1,0,0,0
2025-09-29,S002,Bulldozer,1,0,1.0,0.0,0.0,0.5,1.0,0.5773502691896257,1.0,0,2025,9,3,40,2,2,0,1,0,1,0,0,0,1,1,0
2025-10-06,S002,Bulldozer,0,0,1.0,1.0,0.0,0.5,1.0,0.5773502691896257,0.0,1,2025,10,4,41,2,2,0,0,0,1,1,0,0,0,1,1
2025-10-13,S002,Bulldozer,0,0,0.0,1.0,0.0,0.5,1.0,0.5773502691896257,0.0,2,2025,10,4,42,2,2,0,0,0,1,1,0,0,0,0,1
2025-10-20,S002,Bulldozer,0,0,0.0,0.0,1.0,0.25,1.0,0.5,-1.0,3,2025,10,4,43,1,1,0,0,0,0,1,0,0,0,0,0
2025-10-27,S002,Bulldozer,0,0,0.0,0.0,1.0,0.0,0.0,0.0,-1.0,4,2025,10,4,44,3,2,0,0,0,2,1,0,0,0,0,0
2025-11-03,S002,Bulldozer,0,2,0.0,0.0,0.0,0.0,0.0,0.0,0.0,5,2025,11,4,45,3,2,1,0,0,2,0,0,0,0,0,0
2025-11-10,S002,Bulldozer,2,2,0.0,0.0,0.0,0.5,2.0,1.0,2.0,0,2025,11,4,46,4,3,1,2,0,1,0,0,2,0,0,0
2025-11-17,S002,Bulldozer,2,0,2.0,0.0,0.0,1.0,2.0,1.1547005383792515,2.0,0,2025,11,4,47,2,1,0,2,0,0,0,0,0,2,2,0
2025-11-24,S002,Bulldozer,0,0,2.0,2.0,0.0,1.0,2.0,1.1547005383792515,0.0,1,2025,11,4,48,0,0,0,0,0,0,0,0,0,0,2,2
2025-12-01,S002,Bulldozer,0,0,0.0,2.0,0.0,1.0,2.0,1.1547005383792515,0.0,2,2025,12,4,49,3,2,0,0,2,0,1,0,0,0,0,2
2025-12-08,S002,Bulldozer,0,0,0.0,0.0,2.0,0.5,2.0,1.0,-2.0,3,2025,12,4,50,3,2,0,0,2,0,1,0,0,0,0,0
2025-12-15,S002,Bulldozer,0,0,0.0,0.0,2.0,0.0,0.0,0.0,-2.0,4,2025,12,4,51,2,2,0,0,1,1,0,0,0,0,0,0
2024-01-01,S002,Crane,0,0,0.0,0.0,0.0,0.0,0.0,0.0,0.0,1,2024,1,1,1,2,2,0,1,1,0,0,0,0,0,0,0
2024-01-08,S002,Crane,0,0,0.0,0.0,0.0,0.0,0.0,0.0,0.0,2,2024,1,1,2,3,3,1,1,1,0,0,0,0,0,0,0
2024-01-15,S002,Crane,0,0,0.0,0.0,0.0,0.0,0.0,0.0,0.0,3,2024,1,1,3,2,2,1,0,0,0,0,1,0,0,0,0
2024-01-22,S002,Crane,0,0,0.0,0.0,0.0,0.0,0.0,0.0,0.0,4,2024,1,1,4,2,2,0,1,0,0,0,1,0,0,0,0
2024-01-29,S002,Crane,0,0,0.0,0.0,0.0,0.0,0.0,0.0,0.0,5,2024,1,1,5,3,3,1,1,0,0,0,1,0,0,0,0
2024-02-05,S002,Crane,0,1,0.0,0.0,0.0,0.0,0.0,0.0,0.0,6,2024,2,1,6,4,4,1,1,0,0,1,1,0,0,0,0
2024-02-12,S002,Crane,1,2,0.0,0.0,0.0,0.25,1.0,0.5,1.0,0,2024,2,1,7,6,4,1,2,0,1,2,0,1,0,0,0
2024-02-19,S002,Crane,2,2,1.0,0.0,0.0,0.75,2.0,0.9574271077563381,2.0,0,2024,2,1,8,7,4,0,2,0,2,2,1,1,0,1,0
2024-02-26,S002,Crane,2,1,2.0,1.0,0.0,1.25,2.0,0.9574271077563381,2.0,0,2024,2,1,9,6,4,0,1,0,2,2,1,0,1,2,0
2024-03-04,S002,Crane,1,1,2.0,2.0,0.0,1.5,2.0,0.5773502691896257,1.0,0,2024,3,1,10,7,6,1,1,1,1,2,1,0,0,1,1
2024-03-11,S002,Crane,1,1,1.0,2.0,1.0,1.5,2.0,0.5773502691896257,0.0,0,2024,3,1,11,5,5,1,1,1,1,1,0,0,1,0,1
2024-03-18,S002,Crane,1,1,1.0,1.0,2.0,1.25,2.0,0.4999999999999999,-1.0,0,2024,3,1,12,6,6,1,1,1,1,1,1,1,0,0,1
2024-03-25,S002,Crane,1,2,1.0,1.0,2.0,1.0,1.0,0.0,-1.0,0,2024,3,1,13,5,5,1,1,0,1,1,1,0,0,1,1
2024-04-01,S002,Crane,2,2,1.0,1.0,1.0,1.25,2.0,0.5,1.0,0,2024,4,2,14,5,4,1,1,0,2,1,0,1,0,1,0
2024-04-08,S002,Crane,2,2,2.0,1.0,1.0,1.5,2.0,0.5773502691896257,1.0,0,2024,4,2,15,5,4,1,1,0,2,1,0,0,0,1,0
2024-04-15,S002,Crane,2,2,2.0,2.0,1.0,1.75,2.0,0.5,1.0,0,2024,4,2,16,6,5,1,1,1,2,1,0,0,1,1,0
2024-04-22,S002,Crane,2,2,2.0,2.0,1.0,2.0,2.0,0.0,1.0,0,2024,4,2,17,7,6,1,1,1,2,1,1,1,0,0,1
2024-04-29,S002,Crane,2,0,2.0,2.0,2.0,2.0,2.0,0.0,0.0,0,2024,4,2,18,6,5,0,1,1,2,1,1,0,2,1,1
2024-05-06,S002,Crane,0,0,2.0,2.0,2.0,1.5,2.0,1.0,-2.0,1,2024,5,2,19,1,1,0,0,0,0,1,0,0,0,1,2
2024-05-13,S002,Crane,0,0,0.0,2.0,2.0,1.0,2.0,1.1547005383792515,-2.0,2,2024,5,2,20,2,1,0,0,0,0,2,0,0,0,0,2
2024-05-20,S002,Crane,0,0,0.0,0.0,2.0,0.5,2.0,1.0,-2.0,3,2024,5,2,21,4,3,0,0,1,0,2,1,0,0,0,0
2024-05-27,S002,Crane,0,0,0.0,0.0,2.0,0.0,0.0,0.0,-2.0,4,2024,5,2,22,5,4,1,0,1,0,1,2,0,0,0,0
2024-06-03,S002,Crane,0,1,0.0,0.0,0.0,0.0,0.0,0.0,0.0,5,2024,6,2,23,7,4,1,3,0,0,1,2,0,0,0,0
2024-06-10,S002,Crane,1,1,0.0,0.0,0.0,0.25,1.0,0.5,1.0,0,2024,6,2,24,7,4,0,3,0,1,2,1,1,0,0,0
2024-06-17,S002,Crane,1,1,1.0,0.0,0.0,0.5,1.0,0.5773502691896257,1.0,0,2024,6,2,25,6,4,0,2,0,1,2,1,0,0,1,0
2024-06-24,S002,Crane,1,1,1.0,1.0,0.0,0.75,1.0,0.5,1.0,0,2024,6,2,26,4,4,0,1,0,1,1,1,0,0,1,0
2024-07-01,S002,Crane,1,0,1.0,1.0,0.0,1.0,1.0,0.0,1.0,0,2024,7,3,27,4,4,0,1,0,1,1,1,0,1,0,0
2024-07-08,S002,Crane,0,0,1.0,1.0,1.0,0.75,1.0,0.5,-1.0,1,2024,7,3,28,6,4,0,1,3,0,1,1,0,0,0,1
2024-07-15,S002,Crane,0,0,0.0,1.0,1.0,0.5,1.0,0.5773502691896257,-1.0,2,2024,7,3,29,6,4,0,1,3,0,1,1,0,0,0,1
2024-07-22,S002,Crane,0,0,0.0,0.0,1.0,0.25,1.0,0.5,-1.0,3,2024,7,3,30,4,4,0,1,1,0,1,1,0,0,0,0
2024-07-29,S002,Crane,0,3,0.0,0.0,1.0,0.0,0.0,0.0,-1.0,4,2024,7,3,31,3,1,0,0,0,0,3,0,0,0,0,0
2024-08-05,S002,Crane,3,3,0.0,0.0,0.0,0.75,3.0,1.5,3.0,0,2024,8,3,32,9,5,1,1,0,3,3,1,3,0,0,0
2024-08-12,S002,Crane,3,3,3.0,0.0,0.0,1.5,3.0,1.7320508075688772,3.0,0,2024,8,3,33,9,5,1,1,0,3,3,1,0,0,3,0
2024-08-19,S002,Crane,3,3,3.0,3.0,0.0,2.25,3.0,1.5,3.0,0,2024,8,3,34,6,4,0,1,1,3,1,0,0,0,3,0
2024-08-26,S002,Crane,3,2,3.0,3.0,0.0,3.0,3.0,0.0,3.0,0,2024,8,3,35,6,4,0,1,1,3,1,0,0,1,0,0
2024-09-02,S002,Crane,2,1,3.0,3.0,3.0,2.75,3.0,0.5,-1.0,0,2024,9,3,36,4,3,0,1,1,2,0,0,0,1,0,1
2024-09-09,S002,Crane,1,0,2.0,3.0,3.0,2.25,3.0,0.957427107756338,-2.0,0,2024,9,3,37,2,2,0,0,1,1,0,0,0,1,0,2
2024-09-16,S002,Crane,0,0,1.0,2.0,3.0,1.5,3.0,1.2909944487358056,-3.0,1,2024,9,3,38,3,3,0,1,1,0,1,0,0,0,0,2
2024-09-23,S002,Crane,0,1,0.0,1.0,3.0,0.75,2.0,0.9574271077563381,-3.0,2,2024,9,3,39,3,3,0,1,1,0,1,0,0,0,0,1
2024-09-30,S002,Crane,1,1,0.0,0.0,2.0,0.5,1.0,0.5773502691896257,-1.0,0,2024,9,3,40,5,4,0,1,1,1,2,0,1,0,0,0
2024-10-07,S002,Crane,1,1,1.0,0.0,1.0,0.5,1.0,0.5773502691896257,0.0,0,2024,10,4,41,6,5,1,1,1,1,2,0,0,0,1,0
2024-10-14,S002,Crane,1,1,1.0,1.0,0.0,0.75,1.0,0.49999999999999994,1.0,0,2024,10,4,42,8,6,1,2,1,1,2,1,0,0,1,0
2024-10-21,S002,Crane,1,1,1.0,1.0,0.0,1.0,1.0,0.0,1.0,0,2024,10,4,43,5,4,0,2,0,1,1,1,0,1,0,0
2024-10-28,S002,Crane,1,1,1.0,1.0,1.0,1.0,1.0,0.0,0.0,0,2024,10,4,44,5,4,0,0,1,1,2,1,1,0,0,1
2024-11-04,S002,Crane,1,1,1.0,1.0,1.0,1.0,1.0,0.0,0.0,0,2024,11,4,45,6,5,0,1,1,1,2,1,0,0,1,1
2024-11-11,S002,Crane,1,1,1.0,1.0,1.0,1.0,1.0,0.0,0.0,0,2024,11,4,46,4,4,0,1,1,1,1,0,0,1,1,0
2024-11-18,S002,Crane,1,1,1.0,1.0,1.0,1.0,1.0,0.0,0.0,0,2024,11,4,47,5,5,0,1,1,1,1,1,1,0,0,1
2024-11-25,S002,Crane,1,2,1.0,1.0,1.0,1.0,1.0,0.0,0.0,0,2024,11,4,48,4,4,0,0,1,1,1,1,0,1,1,1
2024-12-02,S002,Crane,2,2,1.0,1.0,1.0,1.25,2.0,0.5,1.0,0,2024,12,4,49,7,4,0,0,1,2,3,1,2,0,1,1
2024-12-09,S002,Crane,2,2,2.0,1.0,1.0,1.5,2.0,0.5773502691896257,1.0,0,2024,12,4,50,6,3,0,0,0,2,3,1,0,1,2,1
2024-12-16,S002,Crane,2,2,2.0,2.0,1.0,1.75,2.0,0.5,1.0,0,2024,12,4,51,5,3,0,0,1,2,2,0,1,0,2,1
2024-12-23,S002,Crane,2,1,2.0,2.0,1.0,2.0,2.0,0.0,1.0,0,2024,12,4,52,5,3,0,0,1,2,2,0,0,1,1,1
2024-12-30,S002,Crane,1,1,2.0,2.0,2.0,1.75,2.0,0.5,-1.0,0,2024,12,4,1,6,6,1,1,1,1,1,1,0,1,1,1
2025-01-06,S002,Crane,1,1,1.0,2.0,2.0,1.5,2.0,0.5773502691896257,-1.0,0,2025,1,1,2,6,6,1,1,1,1,1,1,1,0,0,2
2025-01-13,S002,Crane,1,1,1.0,1.0,2.0,1.25,2.0,0.5,-1.0,0,2025,1,1,3,4,4,0,0,1,1,1,1,0,0,1,1
2025-01-20,S002,Crane,1,0,1.0,1.0,2.0,1.0,1.0,0.0,-1.0,0,2025,1,1,4,5,5,1,0,1,1,1,1,0,1,1,0
2025-01-27,S002,Crane,0,0,1.0,1.0,1.0,0.75,1.0,0.5,-1.0,1,2025,1,1,5,2,2,1,0,0,0,0,1,0,0,0,1
2025-02-03,S002,Crane,0,0,0.0,1.0,1.0,0.5,1.0,0.5773502691896257,-1.0,2,2025,2,1,6,2,2,1,0,0,0,0,1,0,0,0,1
2025-02-10,S002,Crane,0,0,0.0,0.0,1.0,0.25,1.0,0.5,-1.0,3,2025,2,1,7,5,4,1,1,0,0,2,1,0,0,0,0
2025-02-17,S002,Crane,0,0,0.0,0.0,1.0,0.0,0.0,0.0,-1.0,4,2025,2,1,8,7,5,1,1,1,0,3,1,0,0,0,0
2025-02-24,S002,Crane,0,0,0.0,0.0,0.0,0.0,0.0,0.0,0.0,5,2025,2,1,9,8,5,1,1,1,0,3,2,0,0,0,0
2025-03-03,S002,Crane,0,0,0.0,0.0,0.0,0.0,0.0,0.0,0.0,6,2025,3,1,10,5,4,1,0,1,0,1,2,0,0,0,0
2025-03-10,S002,Crane,0,0,0.0,0.0,0.0,0.0,0.0,0.0,0.0,7,2025,3,1,11,3,3,1,0,0,0,1,1,0,0,0,0
2025-03-17,S002,Crane,0,1,0.0,0.0,0.0,0.0,0.0,0.0,0.0,8,2025,3,1,12,1,1,0,0,0,0,0,1,0,0,0,0
2025-03-24,S002,Crane,1,1,0.0,0.0,0.0,0.25,1.0,0.5,1.0,0,2025,3,1,13,4,4,1,0,0,1,1,1,1,0,0,0
2025-03-31,S002,Crane,1,0,1.0,0.0,0.0,0.5,1.0,0.5773502691896257,1.0,0,2025,3,1,14,6,4,1,0,0,1,3,1,0,1,1,0
2025-04-07,S002,Crane,0,1,1.0,1.0,0.0,0.5,1.0,0.5773502691896257,0.0,1,2025,4,2,15,5,2,0,0,0,0,4,1,0,0,1,1
2025-04-14,S002,Crane,1,2,0.0,1.0,0.0,0.75,1.0,0.5,1.0,0,2025,4,2,16,5,2,0,0,0,1,4,0,1,0,0,1
2025-04-21,S002,Crane,2,2,1.0,0.0,1.0,1.0,2.0,0.816496580927726,1.0,0,2025,4,2,17,4,3,1,0,0,2,1,0,1,0,1,0
2025-04-28,S002,Crane,2,0,2.0,1.0,1.0,1.25,2.0,0.9574271077563381,1.0,0,2025,4,2,18,4,3,1,0,0,2,1,0,0,2,2,0
2025-05-05,S002,Crane,0,1,2.0,2.0,0.0,1.25,2.0,0.9574271077563381,0.0,1,2025,5,2,19,4,3,1,1,0,0,2,0,0,0,1,2
2025-05-12,S002,Crane,1,1,0.0,2.0,1.0,1.25,2.0,0.9574271077563381,0.0,0,2025,5,2,20,4,3,0,1,0,1,2,0,1,0,0,2
2025-05-19,S002,Crane,1,1,1.0,0.0,2.0,1.0,2.0,0.816496580927726,-1.0,0,2025,5,2,21,2,2,1,0,0,1,0,0,0,0,1,0
2025-05-26,S002,Crane,1,3,1.0,1.0,2.0,0.75,1.0,0.5,-1.0,0,2025,5,2,22,2,2,1,0,0,1,0,0,0,1,1,0
2025-06-02,S002,Crane,3,3,1.0,1.0,0.0,1.5,3.0,1.0,3.0,0,2025,6,2,23,5,3,1,1,0,3,0,0,3,0,0,1
2025-06-09,S002,Crane,3,2,3.0,1.0,1.0,2.0,3.0,1.1547005383792515,2.0,0,2025,6,2,24,8,5,1,1,1,3,2,0,0,1,3,1
2025-06-16,S002,Crane,2,1,3.0,3.0,1.0,2.25,3.0,0.9574271077563381,1.0,0,2025,6,2,25,6,4,1,0,1,2,2,0,0,2,3,1
2025-06-23,S002,Crane,1,1,2.0,3.0,1.0,2.25,3.0,0.9574271077563381,0.0,0,2025,6,2,26,4,4,1,1,1,1,0,0,1,0,0,3
2025-06-30,S002,Crane,1,0,1.0,2.0,3.0,1.75,3.0,0.9574271077563381,-2.0,0,2025,6,2,27,4,4,1,1,0,1,1,0,0,1,1,2
2025-07-07,S002,Crane,0,0,1.0,1.0,3.0,1.0,2.0,0.816496580927726,-3.0,1,2025,7,3,28,2,2,0,1,0,0,1,0,0,0,1,1
2025-07-14,S002,Crane,0,0,0.0,1.0,2.0,0.5,1.0,0.5773502691896257,-2.0,2,2025,7,3,29,3,3,1,1,0,0,1,0,0,0,0,1
2025-07-21,S002,Crane,0,0,0.0,0.0,1.0,0.25,1.0,0.49999999999999994,-1.0,3,2025,7,3,30,2,2,1,0,0,0,1,0,0,0,0,0
2025-07-28,S002,Crane,0,0,0.0,0.0,1.0,0.0,0.0,0.0,-1.0,4,2025,7,3,31,2,2,1,1,0,0,0,0,0,0,0,0
2025-08-04,S002,Crane,0,0,0.0,0.0,0.0,0.0,0.0,0.0,0.0,5,2025,8,3,32,3,3,0,1,1,0,0,1,0,0,0,0
2025-08-11,S002,Crane,0,0,0.0,0.0,0.0,0.0,0.0,0.0,0.0,6,2025,8,3,33,3,3,0,1,1,0,0,1,0,0,0,0
2025-08-18,S002,Crane,0,0,0.0,0.0,0.0,0.0,0.0,0.0,0.0,7,2025,8,3,34,1,1,0,1,0,0,0,0,0,0,0,0
2025-08-25,S002,Crane,0,1,0.0,0.0,0.0,0.0,0.0,0.0,0.0,8,2025,8,3,35,0,0,0,0,0,0,0,0,0,0,0,0
2025-09-01,S002,Crane,1,2,0.0,0.0,0.0,0.25,1.0,0.5,1.0,0,2025,9,3,36,1,1,0,0,0,1,0,0,1,0,0,0
2025-09-08,S002,Crane,2,2,1.0,0.0,0.0,0.75,2.0,0.9574271077563381,2.0,0,2025,9,3,37,2,1,0,0,0,2,0,0,1,0,1,0
2025-09-15,S002,Crane,2,1,2.0,1.0,0.0,1.25,2.0,0.9574271077563381,2.0,0,2025,9,3,38,2,1,0,0,0,2,0,0,0,2,2,0
2025-09-22,S002,Crane,1,1,2.0,2.0,0.0,1.5,2.0,0.5773502691896257,1.0,0,2025,9,3,39,2,2,0,1,0,1,0,0,1,0,1,2
2025-09-29,S002,Crane,1,1,1.0,2.0,1.0,1.5,2.0,0.5773502691896257,0.0,0,2025,9,3,40,2,2,0,1,0,1,0,0,0,1,1,2
2025-10-06,S002,Crane,1,1,1.0,1.0,2.0,1.25,2.0,0.4999999999999999,-1.0,0,2025,10,4,41,2,2,0,0,0,1,1,0,1,0,1,1
2025-10-13,S002,Crane,1,0,1.0,1.0,2.0,1.0,1.0,0.0,-1.0,0,2025,10,4,42,2,2,0,0,0,1,1,0,0,1,1,1
2025-10-20,S002,Crane,0,2,1.0,1.0,1.0,0.75,1.0,0.5,-1.0,1,2025,10,4,43,1,1,0,0,0,0,1,0,0,0,1,1
2025-10-27,S002,Crane,2,2,0.0,1.0,1.0,1.0,2.0,0.816496580927726,1.0,0,2025,10,4,44,3,2,0,0,0,2,1,0,2,0,0,1
2025-11-03,S002,Crane,2,1,2.0,0.0,1.0,1.25,2.0,0.9574271077563381,1.0,0,2025,11,4,45,3,2,1,0,0,2,0,0,0,1,2,0
2025-11-10,S002,Crane,1,0,2.0,2.0,1.0,1.25,2.0,0.9574271077563381,0.0,0,2025,11,4,46,4,3,1,2,0,1,0,0,0,1,2,1
2025-11-17,S002,Crane,0,0,1.0,2.0,0.0,1.25,2.0,0.9574271077563381,0.0,1,2025,11,4,47,2,1,0,2,0,0,0,0,0,0,0,2
2025-11-24,S002,Crane,0,0,0.0,1.0,2.0,0.75,2.0,0.9574271077563381,-2.0,2,2025,11,4,48,0,0,0,0,0,0,0,0,0,0,0,1
2025-12-01,S002,Crane,0,0,0.0,0.0,2.0,0.25,1.0,0.49999999999999994,-2.0,3,2025,12,4,49,3,2,0,0,2,0,1,0,0,0,0,0
2025-12-08,S002,Crane,0,1,0.0,0.0,1.0,0.0,0.0,0.0,-1.0,4,2025,12,4,50,3,2,0,0,2,0,1,0,0,0,0,0
2025-12-15,S002,Crane,1,3,0.0,0.0,0.0,0.25,1.0,0.5,1.0,0,2025,12,4,51,2,2,0,0,1,1,0,0,1,0,0,0
2024-01-01,S002,Excavator,0,1,0.0,0.0,0.0,0.0,0.0,0.0,0.0,1,2024,1,1,1,2,2,0,1,1,0,0,0,0,0,0,0
2024-01-08,S002,Excavator,1,1,0.0,0.0,0.0,0.0,0.0,0.0,0.0,0,2024,1,1,2,3,3,1,1,1,0,0,0,1,0,0,0
2024-01-15,S002,Excavator,1,0,1.0,0.0,0.0,0.0,0.0,0.0,0.0,0,2024,1,1,3,2,2,1,0,0,0,0,1,0,1,1,0
2024-01-22,S002,Excavator,0,1,1.0,1.0,0.0,0.5,1.0,0.5773502691896257,0.0,1,2024,1,1,4,2,2,0,1,0,0,0,1,0,0,1,1
2024-01-29,S002,Excavator,1,1,0.0,1.0,0.0,0.75,1.0,0.5,1.0,0,2024,1,1,5,3,3,1,1,0,0,0,1,1,0,0,1
2024-02-05,S002,Excavator,1,1,1.0,0.0,1.0,0.75,1.0,0.5,0.0,0,2024,2,1,6,4,4,1,1,0,0,1,1,0,0,1,0
2024-02-12,S002,Excavator,1,0,1.0,1.0,1.0,0.75,1.0,0.5,0.0,0,2024,2,1,7,6,4,1,2,0,1,2,0,0,1,1,0
2024-02-19,S002,Excavator,0,0,1.0,1.0,0.0,0.75,1.0,0.5,0.0,1,2024,2,1,8,7,4,0,2,0,2,2,1,0,0,0,1
2024-02-26,S002,Excavator,0,1,0.0,1.0,1.0,0.5,1.0,0.5773502691896257,-1.0,2,2024,2,1,9,6,4,0,1,0,2,2,1,0,0,0,1
2024-03-04,S002,Excavator,1,1,0.0,0.0,1.0,0.5,1.0,0.5773502691896257,0.0,0,2024,3,1,10,7,6,1,1,1,1,2,1,1,0,0,0
2024-03-11,S002,Excavator,1,1,1.0,0.0,1.0,0.5,1.0,0.5773502691896257,0.0,0,2024,3,1,11,5,5,1,1,1,1,1,0,0,0,1,0
2024-03-18,S002,Excavator,1,1,1.0,1.0,0.0,0.75,1.0,0.5,1.0,0,2024,3,1,12,6,6,1,1,1,1,1,1,0,0,1,0
2024-03-25,S002,Excavator,1,1,1.0,1.0,0.0,1.0,1.0,0.0,1.0,0,2024,3,1,13,5,5,1,1,0,1,1,1,0,1,0,0
2024-04-01,S002,Excavator,1,1,1.0,1.0,1.0,1.0,1.0,0.0,0.0,0,2024,4,2,14,5,4,1,1,0,2,1,0,1,0,0,1
2024-04-08,S002,Excavator,1,1,1.0,1.0,1.0,1.0,1.0,0.0,0.0,0,2024,4,2,15,5,4,1,1,0,2,1,0,0,1,1,1
2024-04-15,S002,Excavator,1,1,1.0,1.0,1.0,1.0,1.0,0.0,0.0,0,2024,4,2,16,6,5,1,1,1,2,1,0,1,0,1,1
2024-04-22,S002,Excavator,1,0,1.0,1.0,1.0,1.0,1.0,0.0,0.0,0,2024,4,2,17,7,6,1,1,1,2,1,1,0,1,1,1
2024-04-29,S002,Excavator,0,0,1.0,1.0,1.0,0.75,1.0,0.5,-1.0,1,2024,4,2,18,6,5,0,1,1,2,1,1,0,0,1,1
2024-05-06,S002,Excavator,0,0,0.0,1.0,1.0,0.5,1.0,0.5773502691896257,-1.0,2,2024,5,2,19,1,1,0,0,0,0,1,0,0,0,0,1
2024-05-13,S002,Excavator,0,0,0.0,0.0,1.0,0.25,1.0,0.5,-1.0,3,2024,5,2,20,2,1,0,0,0,0,2,0,0,0,0,0
2024-05-20,S002,Excavator,0,1,0.0,0.0,1.0,0.0,0.0,0.0,-1.0,4,2024,5,2,21,4,3,0,0,1,0,2,1,0,0,0,0
2024-05-27,S002,Excavator,1,1,0.0,0.0,0.0,0.25,1.0,0.5,1.0,0,2024,5,2,22,5,4,1,0,1,0,1,2,1,0,0,0
2024-06-03,S002,Excavator,1,0,1.0,0.0,0.0,0.5,1.0,0.5773502691896257,1.0,0,2024,6,2,23,7,4,1,3,0,0,1,2,0,1,1,0
2024-06-10,S002,Excavator,0,0,1.0,1.0,0.0,0.5,1.0,0.5773502691896257,0.0,1,2024,6,2,24,7,4,0,3,0,1,2,1,0,0,1,1
2024-06-17,S002,Excavator,0,0,0.0,1.0,0.0,0.5,1.0,0.5773502691896257,0.0,2,2024,6,2,25,6,4,0,2,0,1,2,1,0,0,0,1
2024-06-24,S002,Excavator,0,0,0.0,0.0,1.0,0.25,1.0,0.5,-1.0,3,2024,6,2,26,4,4,0,1,0,1,1,1,0,0,0,0
2024-07-01,S002,Excavator,0,0,0.0,0.0,1.0,0.0,0.0,0.0,-1.0,4,2024,7,3,27,4,4,0,1,0,1,1,1,0,0,0,0
2024-07-08,S002,Excavator,0,0,0.0,0.0,0.0,0.0,0.0,0.0,0.0,5,2024,7,3,28,6,4,0,1,3,0,1,1,0,0,0,0
2024-07-15,S002,Excavator,0,0,0.0,0.0,0.0,0.0,0.0,0.0,0.0,6,2024,7,3,29,6,4,0,1,3,0,1,1,0,0,0,0
2024-07-22,S002,Excavator,0,0,0.0,0.0,0.0,0.0,0.0,0.0,0.0,7,2024,7,3,30,4,4,0,1,1,0,1,1,0,0,0,0
2024-07-29,S002,Excavator,0,1,0.0,0.0,0.0,0.0,0.0,0.0,0.0,8,2024,7,3,31,3,1,0,0,0,0,3,0,0,0,0,0
2024-08-05,S002,Excavator,1,1,0.0,0.0,0.0,0.25,1.0,0.5,1.0,0,2024,8,3,32,9,5,1,1,0,3,3,1,1,0,0,0
2024-08-12,S002,Excavator,1,0,1.0,0.0,0.0,0.5,1.0,0.5773502691896257,1.0,0,2024,8,3,33,9,5,1,1,0,3,3,1,0,1,1,0
2024-08-19,S002,Excavator,0,0,1.0,1.0,0.0,0.5,1.0,0.5773502691896257,0.0,1,2024,8,3,34,6,4,0,1,1,3,1,0,0,0,1,1
2024-08-26,S002,Excavator,0,0,0.0,1.0,0.0,0.5,1.0,0.5773502691896257,0.0,2,2024,8,3,35,6,4,0,1,1,3,1,0,0,0,0,1
2024-09-02,S002,Excavator,0,0,0.0,0.0,1.0,0.25,1.0,0.5,-1.0,3,2024,9,3,36,4,3,0,1,1,2,0,0,0,0,0,0
2024-09-09,S002,Excavator,0,0,0.0,0.0,1.0,0.0,0.0,0.0,-1.0,4,2024,9,3,37,2,2,0,0,1,1,0,0,0,0,0,0
2024-09-16,S002,Excavator,0,0,0.0,0.0,0.0,0.0,0.0,0.0,0.0,5,2024,9,3,38,3,3,0,1,1,0,1,0,0,0,0,0
2024-09-23,S002,Excavator,0,0,0.0,0.0,0.0,0.0,0.0,0.0,0.0,6,2024,9,3,39,3,3,0,1,1,0,1,0,0,0,0,0
2024-09-30,S002,Excavator,0,1,0.0,0.0,0.0,0.0,0.0,0.0,0.0,7,2024,9,3,40,5,4,0,1,1,1,2,0,0,0,0,0
2024-10-07,S002,Excavator,1,1,0.0,0.0,0.0,0.25,1.0,0.5,1.0,0,2024,10,4,41,6,5,1,1,1,1,2,0,1,0,0,0
2024-10-14,S002,Excavator,1,0,1.0,0.0,0.0,0.5,1.0,0.5773502691896257,1.0,0,2024,10,4,42,8,6,1,2,1,1,2,1,0,1,1,0
2024-10-21,S002,Excavator,0,0,1.0,1.0,0.0,0.5,1.0,0.5773502691896257,0.0,1,2024,10,4,43,5,4,0,2,0,1,1,1,0,0,1,1
2024-10-28,S002,Excavator,0,0,0.0,1.0,0.0,0.5,1.0,0.5773502691896257,0.0,2,2024,10,4,44,5,4,0,0,1,1,2,1,0,0,0,1
2024-11-04,S002,Excavator,0,0,0.0,0.0,1.0,0.25,1.0,0.5,-1.0,3,2024,11,4,45,6,5,0,1,1,1,2,1,0,0,0,0
2024-11-11,S002,Excavator,0,0,0.0,0.0,1.0,0.0,0.0,0.0,-1.0,4,2024,11,4,46,4,4,0,1,1,1,1,0,0,0,0,0
2024-11-18,S002,Excavator,0,0,0.0,0.0,0.0,0.0,0.0,0.0,0.0,5,2024,11,4,47,5,5,0,1,1,1,1,1,0,0,0,0
2024-11-25,S002,Excavator,0,0,0.0,0.0,0.0,0.0,0.0,0.0,0.0,6,2024,11,4,48,4,4,0,0,1,1,1,1,0,0,0,0
2024-12-02,S002,Excavator,0,0,0.0,0.0,0.0,0.0,0.0,0.0,0.0,7,2024,12,4,49,7,4,0,0,1,2,3,1,0,0,0,0
2024-12-09,S002,Excavator,0,0,0.0,0.0,0.0,0.0,0.0,0.0,0.0,8,2024,12,4,50,6,3,0,0,0,2,3,1,0,0,0,0
2024-12-16,S002,Excavator,0,0,0.0,0.0,0.0,0.0,0.0,0.0,0.0,9,2024,12,4,51,5,3,0,0,1,2,2,0,0,0,0,0
2024-12-23,S002,Excavator,0,1,0.0,0.0,0.0,0.0,0.0,0.0,0.0,10,2024,12,4,52,5,3,0,0,1,2,2,0,0,0,0,0
2024-12-30,S002,Excavator,1,1,0.0,0.0,0.0,0.25,1.0,0.5,1.0,0,2024,12,4,1,6,6,1,1,1,1,1,1,1,0,0,0
2025-01-06,S002,Excavator,1,0,1.0,0.0,0.0,0.5,1.0,0.5773502691896257,1.0,0,2025,1,1,2,6,6,1,1,1,1,1,1,0,1,1,0
2025-01-13,S002,Excavator,0,1,1.0,1.0,0.0,0.5,1.0,0.5773502691896257,0.0,1,2025,1,1,3,4,4,0,0,1,1,1,1,0,0,1,1
2025-01-20,S002,Excavator,1,1,0.0,1.0,0.0,0.75,1.0,0.5,1.0,0,2025,1,1,4,5,5,1,0,1,1,1,1,1,0,0,1
2025-01-27,S002,Excavator,1,1,1.0,0.0,1.0,0.75,1.0,0.5,0.0,0,2025,1,1,5,2,2,1,0,0,0,0,1,0,1,1,0
2025-02-03,S002,Excavator,1,1,1.0,1.0,1.0,0.75,1.0,0.5,0.0,0,2025,2,1,6,2,2,1,0,0,0,0,1,1,0,1,1
2025-02-10,S002,Excavator,1,1,1.0,1.0,0.0,1.0,1.0,0.0,1.0,0,2025,2,1,7,5,4,1,1,0,0,2,1,0,0,1,1
2025-02-17,S002,Excavator,1,1,1.0,1.0,1.0,1.0,1.0,0.0,0.0,0,2025,2,1,8,7,5,1,1,1,0,3,1,0,0,1,0
2025-02-24,S002,Excavator,1,1,1.0,1.0,1.0,1.0,1.0,0.0,0.0,0,2025,2,1,9,8,5,1,1,1,0,3,2,0,1,0,0
2025-03-03,S002,Excavator,1,1,1.0,1.0,1.0,1.0,1.0,0.0,0.0,0,2025,3,1,10,5,4,1,0,1,0,1,2,1,0,0,1
2025-03-10,S002,Excavator,1,0,1.0,1.0,1.0,1.0,1.0,0.0,0.0,0,2025,3,1,11,3,3,1,0,0,0,1,1,0,1,1,1
2025-03-17,S002,Excavator,0,1,1.0,1.0,1.0,0.75,1.0,0.5,-1.0,1,2025,3,1,12,1,1,0,0,0,0,0,1,0,0,1,1
2025-03-24,S002,Excavator,1,1,0.0,1.0,1.0,0.75,1.0,0.5,0.0,0,2025,3,1,13,4,4,1,0,0,1,1,1,1,0,0,1
2025-03-31,S002,Excavator,1,0,1.0,0.0,1.0,0.75,1.0,0.5,0.0,0,2025,3,1,14,6,4,1,0,0,1,3,1,0,1,1,0
2025-04-07,S002,Excavator,0,0,1.0,1.0,1.0,0.5,1.0,0.5773502691896257,-1.0,1,2025,4,2,15,5,2,0,0,0,0,4,1,0,0,1,1
2025-04-14,S002,Excavator,0,1,0.0,1.0,0.0,0.5,1.0,0.5773502691896257,0.0,2,2025,4,2,16,5,2,0,0,0,1,4,0,0,0,0,1
2025-04-21,S002,Excavator,1,1,0.0,0.0,1.0,0.5,1.0,0.5773502691896257,0.0,0,2025,4,2,17,4,3,1,0,0,2,1,0,1,0,0,0
2025-04-28,S002,Excavator,1,1,1.0,0.0,1.0,0.5,1.0,0.5773502691896257,0.0,0,2025,4,2,18,4,3,1,0,0,2,1,0,0,0,1,0
2025-05-05,S002,Excavator,1,0,1.0,1.0,0.0,0.75,1.0,0.5,1.0,0,2025,5,2,19,4,3,1,1,0,0,2,0,0,1,1,0
2025-05-12,S002,Excavator,0,1,1.0,1.0,0.0,0.75,1.0,0.5,0.0,1,2025,5,2,20,4,3,0,1,0,1,2,0,0,0,0,1
2025-05-19,S002,Excavator,1,1,0.0,1.0,1.0,0.75,1.0,0.5,0.0,0,2025,5,2,21,2,2,1,0,0,1,0,0,1,0,0,1
2025-05-26,S002,Excavator,1,1,1.0,0.0,1.0,0.75,1.0,0.5,0.0,0,2025,5,2,22,2,2,1,0,0,1,0,0,0,0,1,0
2025-06-02,S002,Excavator,1,1,1.0,1.0,1.0,0.75,1.0,0.5,0.0,0,2025,6,2,23,5,3,1,1,0,3,0,0,0,0,1,0
2025-06-09,S002,Excavator,1,1,1.0,1.0,0.0,1.0,1.0,0.0,1.0,0,2025,6,2,24,8,5,1,1,1,3,2,0,0,1,0,0
2025-06-16,S002,Excavator,1,1,1.0,1.0,1.0,1.0,1.0,0.0,0.0,0,2025,6,2,25,6,4,1,0,1,2,2,0,1,0,0,1
2025-06-23,S002,Excavator,1,1,1.0,1.0,1.0,1.0,1.0,0.0,0.0,0,2025,6,2,26,4,4,1,1,1,1,0,0,0,0,1,1
2025-06-30,S002,Excavator,1,0,1.0,1.0,1.0,1.0,1.0,0.0,0.0,0,2025,6,2,27,4,4,1,1,0,1,1,0,0,1,1,0
2025-07-07,S002,Excavator,0,1,1.0,1.0,1.0,0.75,1.0,0.5,-1.0,1,2025,7,3,28,2,2,0,1,0,0,1,0,0,0,0,1
2025-07-14,S002,Excavator,1,1,0.0,1.0,1.0,0.75,1.0,0.5,0.0,0,2025,7,3,29,3,3,1,1,0,0,1,0,1,0,0,1
2025-07-21,S002,Excavator,1,1,1.0,0.0,1.0,0.75,1.0,0.5,0.0,0,2025,7,3,30,2,2,1,0,0,0,1,0,0,0,1,0
2025-07-28,S002,Excavator,1,0,1.0,1.0,1.0,0.75,1.0,0.5,0.0,0,2025,7,3,31,2,2,1,1,0,0,0,0,0,1,1,0
2025-08-04,S002,Excavator,0,0,1.0,1.0,0.0,0.75,1.0,0.5,0.0,1,2025,8,3,32,3,3,0,1,1,0,0,1,0,0,0,1
2025-08-11,S002,Excavator,0,0,0.0,1.0,1.0,0.5,1.0,0.5773502691896257,-1.0,2,2025,8,3,33,3,3,0,1,1,0,0,1,0,0,0,1
2025-08-18,S002,Excavator,0,0,0.0,0.0,1.0,0.25,1.0,0.5,-1.0,3,2025,8,3,34,1,1,0,1,0,0,0,0,0,0,0,0
2025-08-25,S002,Excavator,0,0,0.0,0.0,1.0,0.0,0.0,0.0,-1.0,4,2025,8,3,35,0,0,0,0,0,0,0,0,0,0,0,0
2025-09-01,S002,Excavator,0,0,0.0,0.0,0.0,0.0,0.0,0.0,0.0,5,2025,9,3,36,1,1,0,0,0,1,0,0,0,0,0,0
2025-09-08,S002,Excavator,0,0,0.0,0.0,0.0,0.0,0.0,0.0,0.0,6,2025,9,3,37,2,1,0,0,0,2,0,0,0,0,0,0
2025-09-15,S002,Excavator,0,0,0.0,0.0,0.0,0.0,0.0,0.0,0.0,7,2025,9,3,38,2,1,0,0,0,2,0,0,0,0,0,0
2025-09-22,S002,Excavator,0,0,0.0,0.0,0.0,0.0,0.0,0.0,0.0,8,2025,9,3,39,2,2,0,1,0,1,0,0,0,0,0,0
2025-09-29,S002,Excavator,0,0,0.0,0.0,0.0,0.0,0.0,0.0,0.0,9,2025,9,3,40,2,2,0,1,0,1,0,0,0,0,0,0
2025-10-06,S002,Excavator,0,0,0.0,0.0,0.0,0.0,0.0,0.0,0.0,10,2025,10,4,41,2,2,0,0,0,1,1,0,0,0,0,0
2025-10-13,S002,Excavator,0,0,0.0,0.0,0.0,0.0,0.0,0.0,0.0,11,2025,10,4,42,2,2,0,0,0,1,1,0,0,0,0,0
2025-10-20,S002,Excavator,0,0,0.0,0.0,0.0,0.0,0.0,0.0,0.0,12,2025,10,4,43,1,1,0,0,0,0,1,0,0,0,0,0
2025-10-27,S002,Excavator,0,1,0.0,0.0,0.0,0.0,0.0,0.0,0.0,13,2025,10,4,44,3,2,0,0,0,2,1,0,0,0,0,0
2025-11-03,S002,Excavator,1,1,0.0,0.0,0.0,0.25,1.0,0.5,1.0,0,2025,11,4,45,3,2,1,0,0,2,0,0,1,0,0,0
2025-11-10,S002,Excavator,1,0,1.0,0.0,0.0,0.5,1.0,0.5773502691896257,1.0,0,2025,11,4,46,4,3,1,2,0,1,0,0,0,1,1,0
2025-11-17,S002,Excavator,0,0,1.0,1.0,0.0,0.5,1.0,0.5773502691896257,0.0,1,2025,11,4,47,2,1,0,2,0,0,0,0,0,0,1,1
2025-11-24,S002,Excavator,0,0,0.0,1.0,0.0,0.5,1.0,0.5773502691896257,0.0,2,2025,11,4,48,0,0,0,0,0,0,0,0,0,0,0,1
2025-12-01,S002,Excavator,0,0,0.0,0.0,1.0,0.25,1.0,0.5,-1.0,3,2025,12,4,49,3,2,0,0,2,0,1,0,0,0,0,0
2025-12-08,S002,Excavator,0,0,0.0,0.0,1.0,0.0,0.0,0.0,-1.0,4,2025,12,4,50,3,2,0,0,2,0,1,0,0,0,0,0
2025-12-15,S002,Excavator,0,0,0.0,0.0,0.0,0.0,0.0,0.0,0.0,5,2025,12,4,51,2,2,0,0,1,1,0,0,0,0,0,0
2024-01-01,S002,Grader,1,1,0.0,0.0,0.0,0.0,0.0,0.0,0.0,0,2024,1,1,1,2,2,0,1,1,0,0,0,1,0,0,0
2024-01-08,S002,Grader,1,0,1.0,0.0,0.0,0.0,0.0,0.0,0.0,0,2024,1,1,2,3,3,1,1,1,0,0,0,0,1,1,0
2024-01-15,S002,Grader,0,0,1.0,1.0,0.0,0.0,0.0,0.0,0.0,1,2024,1,1,3,2,2,1,0,0,0,0,1,0,0,1,1
2024-01-22,S002,Grader,0,0,0.0,1.0,0.0,0.5,1.0,0.5773502691896257,0.0,2,2024,1,1,4,2,2,0,1,0,0,0,1,0,0,0,1
2024-01-29,S002,Grader,0,0,0.0,0.0,1.0,0.25,1.0,0.5,-1.0,3,2024,1,1,5,3,3,1,1,0,0,0,1,0,0,0,0
2024-02-05,S002,Grader,0,0,0.0,0.0,1.0,0.0,0.0,0.0,-1.0,4,2024,2,1,6,4,4,1,1,0,0,1,1,0,0,0,0
2024-02-12,S002,Grader,0,0,0.0,0.0,0.0,0.0,0.0,0.0,0.0,5,2024,2,1,7,6,4,1,2,0,1,2,0,0,0,0,0
2024-02-19,S002,Grader,0,0,0.0,0.0,0.0,0.0,0.0,0.0,0.0,6,2024,2,1,8,7,4,0,2,0,2,2,1,0,0,0,0
2024-02-26,S002,Grader,0,1,0.0,0.0,0.0,0.0,0.0,0.0,0.0,7,2024,2,1,9,6,4,0,1,0,2,2,1,0,0,0,0
2024-03-04,S002,Grader,1,1,0.0,0.0,0.0,0.25,1.0,0.5,1.0,0,2024,3,1,10,7,6,1,1,1,1,2,1,1,0,0,0
2024-03-11,S002,Grader,1,1,1.0,0.0,0.0,0.5,1.0,0.5773502691896257,1.0,0,2024,3,1,11,5,5,1,1,1,1,1,0,0,0,1,0
2024-03-18,S002,Grader,1,0,1.0,1.0,0.0,0.75,1.0,0.5,1.0,0,2024,3,1,12,6,6,1,1,1,1,1,1,0,1,1,0
2024-03-25,S002,Grader,0,0,1.0,1.0,0.0,0.75,1.0,0.5,0.0,1,2024,3,1,13,5,5,1,1,0,1,1,1,0,0,0,1
2024-04-01,S002,Grader,0,0,0.0,1.0,1.0,0.5,1.0,0.5773502691896257,-1.0,2,2024,4,2,14,5,4,1,1,0,2,1,0,0,0,0,1
2024-04-08,S002,Grader,0,1,0.0,0.0,1.0,0.25,1.0,0.5,-1.0,3,2024,4,2,15,5,4,1,1,0,2,1,0,0,0,0,0
2024-04-15,S002,Grader,1,1,0.0,0.0,1.0,0.25,1.0,0.5,0.0,0,2024,4,2,16,6,5,1,1,1,2,1,0,1,0,0,0
2024-04-22,S002,Grader,1,1,1.0,0.0,0.0,0.5,1.0,0.5773502691896257,1.0,0,2024,4,2,17,7,6,1,1,1,2,1,1,0,0,1,0
2024-04-29,S002,Grader,1,0,1.0,1.0,0.0,0.75,1.0,0.5,1.0,0,2024,4,2,18,6,5,0,1,1,2,1,1,0,1,1,0
2024-05-06,S002,Grader,0,0,1.0,1.0,0.0,0.75,1.0,0.5,0.0,1,2024,5,2,19,1,1,0,0,0,0,1,0,0,0,0,1
2024-05-13,S002,Grader,0,1,0.0,1.0,1.0,0.5,1.0,0.5773502691896257,-1.0,2,2024,5,2,20,2,1,0,0,0,0,2,0,0,0,0,1
2024-05-20,S002,Grader,1,1,0.0,0.0,1.0,0.5,1.0,0.5773502691896257,0.0,0,2024,5,2,21,4,3,0,0,1,0,2,1,1,0,0,0
2024-05-27,S002,Grader,1,0,1.0,0.0,1.0,0.5,1.0,0.5773502691896257,0.0,0,2024,5,2,22,5,4,1,0,1,0,1,2,0,1,1,0
2024-06-03,S002,Grader,0,0,1.0,1.0,0.0,0.5,1.0,0.5773502691896257,0.0,1,2024,6,2,23,7,4,1,3,0,0,1,2,0,0,1,1
2024-06-10,S002,Grader,0,0,0.0,1.0,0.0,0.5,1.0,0.5773502691896257,0.0,2,2024,6,2,24,7,4,0,3,0,1,2,1,0,0,0,1
2024-06-17,S002,Grader,0,0,0.0,0.0,1.0,0.25,1.0,0.5,-1.0,3,2024,6,2,25,6,4,0,2,0,1,2,1,0,0,0,0
2024-06-24,S002,Grader,0,0,0.0,0.0,1.0,0.0,0.0,0.0,-1.0,4,2024,6,2,26,4,4,0,1,0,1,1,1,0,0,0,0
2024-07-01,S002,Grader,0,3,0.0,0.0,0.0,0.0,0.0,0.0,0.0,5,2024,7,3,27,4,4,0,1,0,1,1,1,0,0,0,0
2024-07-08,S002,Grader,3,3,0.0,0.0,0.0,0.75,3.0,1.5,3.0,0,2024,7,3,28,6,4,0,1,3,0,1,1,3,0,0,0
2024-07-15,S002,Grader,3,1,3.0,0.0,0.0,1.5,3.0,1.7320508075688772,3.0,0,2024,7,3,29,6,4,0,1,3,0,1,1,0,2,3,0
2024-07-22,S002,Grader,1,0,3.0,3.0,0.0,1.75,3.0,1.5,1.0,0,2024,7,3,30,4,4,0,1,1,0,1,1,0,1,3,2
2024-07-29,S002,Grader,0,0,1.0,3.0,0.0,1.75,3.0,1.5,0.0,1,2024,7,3,31,3,1,0,0,0,0,3,0,0,0,0,3
2024-08-05,S002,Grader,0,0,0.0,1.0,3.0,1.0,3.0,1.414213562373095,-3.0,2,2024,8,3,32,9,5,1,1,0,3,3,1,0,0,0,1
2024-08-12,S002,Grader,0,1,0.0,0.0,3.0,0.25,1.0,0.4999999999999998,-3.0,3,2024,8,3,33,9,5,1,1,0,3,3,1,0,0,0,0
2024-08-19,S002,Grader,1,1,0.0,0.0,1.0,0.25,1.0,0.5,0.0,0,2024,8,3,34,6,4,0,1,1,3,1,0,1,0,0,0
2024-08-26,S002,Grader,1,1,1.0,0.0,0.0,0.5,1.0,0.5773502691896257,1.0,0,2024,8,3,35,6,4,0,1,1,3,1,0,0,1,1,0
2024-09-02,S002,Grader,1,1,1.0,1.0,0.0,0.75,1.0,0.5,1.0,0,2024,9,3,36,4,3,0,1,1,2,0,0,1,0,1,1
2024-09-09,S002,Grader,1,1,1.0,1.0,0.0,1.0,1.0,0.0,1.0,0,2024,9,3,37,2,2,0,0,1,1,0,0,0,1,1,1
2024-09-16,S002,Grader,1,1,1.0,1.0,1.0,1.0,1.0,0.0,0.0,0,2024,9,3,38,3,3,0,1,1,0,1,0,1,0,1,1
2024-09-23,S002,Grader,1,1,1.0,1.0,1.0,1.0,1.0,0.0,0.0,0,2024,9,3,39,3,3,0,1,1,0,1,0,0,0,1,1
2024-09-30,S002,Grader,1,1,1.0,1.0,1.0,1.0,1.0,0.0,0.0,0,2024,9,3,40,5,4,0,1,1,1,2,0,0,0,1,0
2024-10-07,S002,Grader,1,1,1.0,1.0,1.0,1.0,1.0,0.0,0.0,0,2024,10,4,41,6,5,1,1,1,1,2,0,0,0,0,0
2024-10-14,S002,Grader,1,0,1.0,1.0,1.0,1.0,1.0,0.0,0.0,0,2024,10,4,42,8,6,1,2,1,1,2,1,0,1,0,0
2024-10-21,S002,Grader,0,1,1.0,1.0,1.0,0.75,1.0,0.5,-1.0,1,2024,10,4,43,5,4,0,2,0,1,1,1,0,0,0,1
2024-10-28,S002,Grader,1,1,0.0,1.0,1.0,0.75,1.0,0.5,0.0,0,2024,10,4,44,5,4,0,0,1,1,2,1,1,0,0,1
2024-11-04,S002,Grader,1,1,1.0,0.0,1.0,0.75,1.0,0.5,0.0,0,2024,11,4,45,6,5,0,1,1,1,2,1,0,0,1,0
2024-11-11,S002,Grader,1,1,1.0,1.0,1.0,0.75,1.0,0.5,0.0,0,2024,11,4,46,4,4,0,1,1,1,1,0,0,0,1,0
2024-11-18,S002,Grader,1,1,1.0,1.0,0.0,1.0,1.0,0.0,1.0,0,2024,11,4,47,5,5,0,1,1,1,1,1,0,1,0,0
2024-11-25,S002,Grader,1,1,1.0,1.0,1.0,1.0,1.0,0.0,0.0,0,2024,11,4,48,4,4,0,0,1,1,1,1,1,0,0,1
2024-12-02,S002,Grader,1,0,1.0,1.0,1.0,1.0,1.0,0.0,0.0,0,2024,12,4,49,7,4,0,0,1,2,3,1,0,1,1,1
2024-12-09,S002,Grader,0,1,1.0,1.0,1.0,0.75,1.0,0.5,-1.0,1,2024,12,4,50,6,3,0,0,0,2,3,1,0,0,1,1
2024-12-16,S002,Grader,1,1,0.0,1.0,1.0,0.75,1.0,0.5,0.0,0,2024,12,4,51,5,3,0,0,1,2,2,0,1,0,0,1
2024-12-23,S002,Grader,1,1,1.0,0.0,1.0,0.75,1.0,0.5,0.0,0,2024,12,4,52,5,3,0,0,1,2,2,0,0,0,1,0
2024-12-30,S002,Grader,1,1,1.0,1.0,1.0,0.75,1.0,0.5,0.0,0,2024,12,4,1,6,6,1,1,1,1,1,1,0,1,1,0
2025-01-06,S002,Grader,1,1,1.0,1.0,0.0,1.0,1.0,0.0,1.0,0,2025,1,1,2,6,6,1,1,1,1,1,1,1,0,0,1
2025-01-13,S002,Grader,1,1,1.0,1.0,1.0,1.0,1.0,0.0,0.0,0,2025,1,1,3,4,4,0,0,1,1,1,1,0,0,1,1
2025-01-20,S002,Grader,1,0,1.0,1.0,1.0,1.0,1.0,0.0,0.0,0,2025,1,1,4,5,5,1,0,1,1,1,1,0,1,1,0
2025-01-27,S002,Grader,0,0,1.0,1.0,1.0,0.75,1.0,0.5,-1.0,1,2025,1,1,5,2,2,1,0,0,0,0,1,0,0,0,1
2025-02-03,S002,Grader,0,0,0.0,1.0,1.0,0.5,1.0,0.5773502691896257,-1.0,2,2025,2,1,6,2,2,1,0,0,0,0,1,0,0,0,1
2025-02-10,S002,Grader,0,1,0.0,0.0,1.0,0.25,1.0,0.5,-1.0,3,2025,2,1,7,5,4,1,1,0,0,2,1,0,0,0,0
2025-02-17,S002,Grader,1,1,0.0,0.0,1.0,0.25,1.0,0.5,0.0,0,2025,2,1,8,7,5,1,1,1,0,3,1,1,0,0,0
2025-02-24,S002,Grader,1,1,1.0,0.0,0.0,0.5,1.0,0.5773502691896257,1.0,0,2025,2,1,9,8,5,1,1,1,0,3,2,0,0,1,0
2025-03-03,S002,Grader,1,0,1.0,1.0,0.0,0.75,1.0,0.5,1.0,0,2025,3,1,10,5,4,1,0,1,0,1,2,0,1,1,0
2025-03-10,S002,Grader,0,0,1.0,1.0,0.0,0.75,1.0,0.5,0.0,1,2025,3,1,11,3,3,1,0,0,0,1,1,0,0,0,1
2025-03-17,S002,Grader,0,0,0.0,1.0,1.0,0.5,1.0,0.5773502691896257,-1.0,2,2025,3,1,12,1,1,0,0,0,0,0,1,0,0,0,1
2025-03-24,S002,Grader,0,0,0.0,0.0,1.0,0.25,1.0,0.5,-1.0,3,2025,3,1,13,4,4,1,0,0,1,1,1,0,0,0,0
2025-03-31,S002,Grader,0,0,0.0,0.0,1.0,0.0,0.0,0.0,-1.0,4,2025,3,1,14,6,4,1,0,0,1,3,1,0,0,0,0
2025-04-07,S002,Grader,0,0,0.0,0.0,0.0,0.0,0.0,0.0,0.0,5,2025,4,2,15,5,2,0,0,0,0,4,1,0,0,0,0
2025-04-14,S002,Grader,0,0,0.0,0.0,0.0,0.0,0.0,0.0,0.0,6,2025,4,2,16,5,2,0,0,0,1,4,0,0,0,0,0
2025-04-21,S002,Grader,0,0,0.0,0.0,0.0,0.0,0.0,0.0,0.0,7,2025,4,2,17,4,3,1,0,0,2,1,0,0,0,0,0
2025-04-28,S002,Grader,0,0,0.0,0.0,0.0,0.0,0.0,0.0,0.0,8,2025,4,2,18,4,3,1,0,0,2,1,0,0,0,0,0
2025-05-05,S002,Grader,0,0,0.0,0.0,0.0,0.0,0.0,0.0,0.0,9,2025,5,2,19,4,3,1,1,0,0,2,0,0,0,0,0
2025-05-12,S002,Grader,0,0,0.0,0.0,0.0,0.0,0.0,0.0,0.0,10,2025,5,2,20,4,3,0,1,0,1,2,0,0,0,0,0
2025-05-19,S002,Grader,0,0,0.0,0.0,0.0,0.0,0.0,0.0,0.0,11,2025,5,2,21,2,2,1,0,0,1,0,0,0,0,0,0
2025-05-26,S002,Grader,0,0,0.0,0.0,0.0,0.0,0.0,0.0,0.0,12,2025,5,2,22,2,2,1,0,0,1,0,0,0,0,0,0
2025-06-02,S002,Grader,0,1,0.0,0.0,0.0,0.0,0.0,0.0,0.0,13,2025,6,2,23,5,3,1,1,0,3,0,0,0,0,0,0
2025-06-09,S002,Grader,1,1,0.0,0.0,0.0,0.25,1.0,0.5,1.0,0,2025,6,2,24,8,5,1,1,1,3,2,0,1,0,0,0
2025-06-16,S002,Grader,1,1,1.0,0.0,0.0,0.5,1.0,0.5773502691896257,1.0,0,2025,6,2,25,6,4,1,0,1,2,2,0,0,0,1,0
2025-06-23,S002,Grader,1,0,1.0,1.0,0.0,0.75,1.0,0.5,1.0,0,2025,6,2,26,4,4,1,1,1,1,0,0,0,1,1,0
2025-06-30,S002,Grader,0,0,1.0,1.0,0.0,0.75,1.0,0.5,0.0,1,2025,6,2,27,4,4,1,1,0,1,1,0,0,0,0,1
2025-07-07,S002,Grader,0,0,0.0,1.0,1.0,0.5,1.0,0.5773502691896257,-1.0,2,2025,7,3,28,2,2,0,1,0,0,1,0,0,0,0,1
2025-07-14,S002,Grader,0,0,0.0,0.0,1.0,0.25,1.0,0.5,-1.0,3,2025,7,3,29,3,3,1,1,0,0,1,0,0,0,0,0
2025-07-21,S002,Grader,0,0,0.0,0.0,1.0,0.0,0.0,0.0,-1.0,4,2025,7,3,30,2,2,1,0,0,0,1,0,0,0,0,0
2025-07-28,S002,Grader,0,1,0.0,0.0,0.0,0.0,0.0,0.0,0.0,5,2025,7,3,31,2,2,1,1,0,0,0,0,0,0,0,0
2025-08-04,S002,Grader,1,1,0.0,0.0,0.0,0.25,1.0,0.5,1.0,0,2025,8,3,32,3,3,0,1,1,0,0,1,1,0,0,0
2025-08-11,S002,Grader,1,0,1.0,0.0,0.0,0.5,1.0,0.5773502691896257,1.0,0,2025,8,3,33,3,3,0,1,1,0,0,1,0,1,1,0
2025-08-18,S002,Grader,0,0,1.0,1.0,0.0,0.5,1.0,0.5773502691896257,0.0,1,2025,8,3,34,1,1,0,1,0,0,0,0,0,0,1,1
2025-08-25,S002,Grader,0,0,0.0,1.0,0.0,0.5,1.0,0.5773502691896257,0.0,2,2025,8,3,35,0,0,0,0,0,0,0,0,0,0,0,1
2025-09-01,S002,Grader,0,0,0.0,0.0,1.0,0.25,1.0,0.5,-1.0,3,2025,9,3,36,1,1,0,0,0,1,0,0,0,0,0,0
2025-09-08,S002,Grader,0,0,0.0,0.0,1.0,0.0,0.0,0.0,-1.0,4,2025,9,3,37,2,1,0,0,0,2,0,0,0,0,0,0
2025-09-15,S002,Grader,0,0,0.0,0.0,0.0,0.0,0.0,0.0,0.0,5,2025,9,3,38,2,1,0,0,0,2,0,0,0,0,0,0
2025-09-22,S002,Grader,0,0,0.0,0.0,0.0,0.0,0.0,0.0,0.0,6,2025,9,3,39,2,2,0,1,0,1,0,0,0,0,0,0
2025-09-29,S002,Grader,0,0,0.0,0.0,0.0,0.0,0.0,0.0,0.0,7,2025,9,3,40,2,2,0,1,0,1,0,0,0,0,0,0
2025-10-06,S002,Grader,0,0,0.0,0.0,0.0,0.0,0.0,0.0,0.0,8,2025,10,4,41,2,2,0,0,0,1,1,0,0,0,0,0
2025-10-13,S002,Grader,0,0,0.0,0.0,0.0,0.0,0.0,0.0,0.0,9,2025,10,4,42,2,2,0,0,0,1,1,0,0,0,0,0
2025-10-20,S002,Grader,0,0,0.0,0.0,0.0,0.0,0.0,0.0,0.0,10,2025,10,4,43,1,1,0,0,0,0,1,0,0,0,0,0
2025-10-27,S002,Grader,0,0,0.0,0.0,0.0,0.0,0.0,0.0,0.0,11,2025,10,4,44,3,2,0,0,0,2,1,0,0,0,0,0
2025-11-03,S002,Grader,0,0,0.0,0.0,0.0,0.0,0.0,0.0,0.0,12,2025,11,4,45,3,2,1,0,0,2,0,0,0,0,0,0
2025-11-10,S002,Grader,0,0,0.0,0.0,0.0,0.0,0.0,0.0,0.0,13,2025,11,4,46,4,3,1,2,0,1,0,0,0,0,0,0
2025-11-17,S002,Grader,0,0,0.0,0.0,0.0,0.0,0.0,0.0,0.0,14,2025,11,4,47,2,1,0,2,0,0,0,0,0,0,0,0
2025-11-24,S002,Grader,0,2,0.0,0.0,0.0,0.0,0.0,0.0,0.0,15,2025,11,4,48,0,0,0,0,0,0,0,0,0,0,0,0
2025-12-01,S002,Grader,2,2,0.0,0.0,0.0,0.5,2.0,1.0,2.0,0,2025,12,4,49,3,2,0,0,2,0,1,0,2,0,0,0
2025-12-08,S002,Grader,2,1,2.0,0.0,0.0,1.0,2.0,1.1547005383792515,2.0,0,2025,12,4,50,3,2,0,0,2,0,1,0,0,1,2,0
2025-12-15,S002,Grader,1,1,2.0,2.0,0.0,1.25,2.0,0.9574271077563382,1.0,0,2025,12,4,51,2,2,0,0,1,1,0,0,0,1,2,1
2024-01-01,S002,Loader,0,0,0.0,0.0,0.0,0.0,0.0,0.0,0.0,1,2024,1,1,1,2,2,0,1,1,0,0,0,0,0,0,0
2024-01-08,S002,Loader,0,0,0.0,0.0,0.0,0.0,0.0,0.0,0.0,2,2024,1,1,2,3,3,1,1,1,0,0,0,0,0,0,0
2024-01-15,S002,Loader,0,0,0.0,0.0,0.0,0.0,0.0,0.0,0.0,3,2024,1,1,3,2,2,1,0,0,0,0,1,0,0,0,0
2024-01-22,S002,Loader,0,0,0.0,0.0,0.0,0.0,0.0,0.0,0.0,4,2024,1,1,4,2,2,0,1,0,0,0,1,0,0,0,0
2024-01-29,S002,Loader,0,1,0.0,0.0,0.0,0.0,0.0,0.0,0.0,5,2024,1,1,5,3,3,1,1,0,0,0,1,0,0,0,0
2024-02-05,S002,Loader,1,2,0.0,0.0,0.0,0.25,1.0,0.5,1.0,0,2024,2,1,6,4,4,1,1,0,0,1,1,1,0,0,0
2024-02-12,S002,Loader,2,2,1.0,0.0,0.0,0.75,2.0,0.9574271077563381,2.0,0,2024,2,1,7,6,4,1,2,0,1,2,0,1,0,1,0
2024-02-19,S002,Loader,2,2,2.0,1.0,0.0,1.25,2.0,0.9574271077563381,2.0,0,2024,2,1,8,7,4,0,2,0,2,2,1,0,0,2,0
2024-02-26,S002,Loader,2,2,2.0,2.0,0.0,1.75,2.0,0.4999999999999999,2.0,0,2024,2,1,9,6,4,0,1,0,2,2,1,0,0,1,0
2024-03-04,S002,Loader,2,1,2.0,2.0,1.0,2.0,2.0,0.0,1.0,0,2024,3,1,10,7,6,1,1,1,1,2,1,0,1,0,0
2024-03-11,S002,Loader,1,1,2.0,2.0,2.0,1.75,2.0,0.5,-1.0,0,2024,3,1,11,5,5,1,1,1,1,1,0,0,0,0,1
2024-03-18,S002,Loader,1,1,1.0,2.0,2.0,1.5,2.0,0.5773502691896257,-1.0,0,2024,3,1,12,6,6,1,1,1,1,1,1,0,0,0,1
2024-03-25,S002,Loader,1,1,1.0,1.0,2.0,1.25,2.0,0.5,-1.0,0,2024,3,1,13,5,5,1,1,0,1,1,1,0,1,0,0
2024-04-01,S002,Loader,1,1,1.0,1.0,2.0,1.0,1.0,0.0,-1.0,0,2024,4,2,14,5,4,1,1,0,2,1,0,1,0,0,1
2024-04-08,S002,Loader,1,1,1.0,1.0,1.0,1.0,1.0,0.0,0.0,0,2024,4,2,15,5,4,1,1,0,2,1,0,0,0,1,1
2024-04-15,S002,Loader,1,1,1.0,1.0,1.0,1.0,1.0,0.0,0.0,0,2024,4,2,16,6,5,1,1,1,2,1,0,0,0,1,0
2024-04-22,S002,Loader,1,1,1.0,1.0,1.0,1.0,1.0,0.0,0.0,0,2024,4,2,17,7,6,1,1,1,2,1,1,0,0,0,0
2024-04-29,S002,Loader,1,1,1.0,1.0,1.0,1.0,1.0,0.0,0.0,0,2024,4,2,18,6,5,0,1,1,2,1,1,0,1,0,0
2024-05-06,S002,Loader,1,2,1.0,1.0,1.0,1.0,1.0,0.0,0.0,0,2024,5,2,19,1,1,0,0,0,0,1,0,1,0,0,1
2024-05-13,S002,Loader,2,2,1.0,1.0,1.0,1.25,2.0,0.5,1.0,0,2024,5,2,20,2,1,0,0,0,0,2,0,1,0,1,1
2024-05-20,S002,Loader,2,1,2.0,1.0,1.0,1.5,2.0,0.5773502691896257,1.0,0,2024,5,2,21,4,3,0,0,1,0,2,1,0,1,2,0
2024-05-27,S002,Loader,1,1,2.0,2.0,1.0,1.5,2.0,0.5773502691896257,0.0,0,2024,5,2,22,5,4,1,0,1,0,1,2,0,1,1,1
2024-06-03,S002,Loader,1,2,1.0,2.0,1.0,1.5,2.0,0.5773502691896257,0.0,0,2024,6,2,23,7,4,1,3,0,0,1,2,1,0,0,2
2024-06-10,S002,Loader,2,2,1.0,1.0,2.0,1.5,2.0,0.5773502691896257,0.0,0,2024,6,2,24,7,4,0,3,0,1,2,1,1,0,1,1
2024-06-17,S002,Loader,2,1,2.0,1.0,2.0,1.5,2.0,0.5773502691896257,0.0,0,2024,6,2,25,6,4,0,2,0,1,2,1,0,1,2,0
2024-06-24,S002,Loader,1,1,2.0,2.0,1.0,1.5,2.0,0.5773502691896257,0.0,0,2024,6,2,26,4,4,0,1,0,1,1,1,0,1,1,1
2024-07-01,S002,Loader,1,1,1.0,2.0,1.0,1.5,2.0,0.5773502691896257,0.0,0,2024,7,3,27,4,4,0,1,0,1,1,1,1,0,0,2
2024-07-08,S002,Loader,1,1,1.0,1.0,2.0,1.25,2.0,0.5,-1.0,0,2024,7,3,28,6,4,0,1,3,0,1,1,0,0,1,1
2024-07-15,S002,Loader,1,1,1.0,1.0,2.0,1.0,1.0,0.0,-1.0,0,2024,7,3,29,6,4,0,1,3,0,1,1,0,1,1,0
2024-07-22,S002,Loader,1,3,1.0,1.0,1.0,1.0,1.0,0.0,0.0,0,2024,7,3,30,4,4,0,1,1,0,1,1,1,0,0,1
2024-07-29,S002,Loader,3,3,1.0,1.0,1.0,1.5,3.0,1.0,2.0,0,2024,7,3,31,3,1,0,0,0,0,3,0,2,0,1,1
2024-08-05,S002,Loader,3,3,3.0,1.0,1.0,2.0,3.0,1.1547005383792515,2.0,0,2024,8,3,32,9,5,1,1,0,3,3,1,0,0,3,0
2024-08-12,S002,Loader,3,1,3.0,3.0,1.0,2.5,3.0,1.0,2.0,0,2024,8,3,33,9,5,1,1,0,3,3,1,0,2,2,0
2024-08-19,S002,Loader,1,1,3.0,3.0,1.0,2.5,3.0,1.0,0.0,0,2024,8,3,34,6,4,0,1,1,3,1,0,0,0,0,2
2024-08-26,S002,Loader,1,0,1.0,3.0,3.0,2.0,3.0,1.1547005383792515,-2.0,0,2024,8,3,35,6,4,0,1,1,3,1,0,0,1,0,2
2024-09-02,S002,Loader,0,0,1.0,1.0,3.0,1.25,3.0,1.2583057392117916,-3.0,1,2024,9,3,36,4,3,0,1,1,2,0,0,0,0,0,1
2024-09-09,S002,Loader,0,1,0.0,1.0,3.0,0.5,1.0,0.5773502691896255,-3.0,2,2024,9,3,37,2,2,0,0,1,1,0,0,0,0,0,1
2024-09-16,S002,Loader,1,1,0.0,0.0,1.0,0.5,1.0,0.5773502691896255,0.0,0,2024,9,3,38,3,3,0,1,1,0,1,0,1,0,0,0
2024-09-23,S002,Loader,1,2,1.0,0.0,1.0,0.5,1.0,0.5773502691896255,0.0,0,2024,9,3,39,3,3,0,1,1,0,1,0,0,1,1,0
2024-09-30,S002,Loader,2,2,1.0,1.0,0.0,1.0,2.0,0.8164965809277259,2.0,0,2024,9,3,40,5,4,0,1,1,1,2,0,2,0,1,1
2024-10-07,S002,Loader,2,2,2.0,1.0,0.0,1.5,2.0,0.5773502691896256,2.0,0,2024,10,4,41,6,5,1,1,1,1,2,0,0,0,2,1
2024-10-14,S002,Loader,2,1,2.0,2.0,1.0,1.75,2.0,0.49999999999999983,1.0,0,2024,10,4,42,8,6,1,2,1,1,2,1,0,1,2,0
2024-10-21,S002,Loader,1,2,2.0,2.0,1.0,1.75,2.0,0.5,0.0,0,2024,10,4,43,5,4,0,2,0,1,1,1,0,0,0,1
2024-10-28,S002,Loader,2,2,1.0,2.0,2.0,1.75,2.0,0.5,0.0,0,2024,10,4,44,5,4,0,0,1,1,2,1,1,0,0,1
2024-11-04,S002,Loader,2,1,2.0,1.0,2.0,1.75,2.0,0.5,0.0,0,2024,11,4,45,6,5,0,1,1,1,2,1,0,1,1,0
2024-11-11,S002,Loader,1,1,2.0,2.0,2.0,1.5,2.0,0.5773502691896257,-1.0,0,2024,11,4,46,4,4,0,1,1,1,1,0,0,0,1,1
2024-11-18,S002,Loader,1,1,1.0,2.0,1.0,1.5,2.0,0.5773502691896257,0.0,0,2024,11,4,47,5,5,0,1,1,1,1,1,0,1,0,1
2024-11-25,S002,Loader,1,3,1.0,1.0,2.0,1.25,2.0,0.5,-1.0,0,2024,11,4,48,4,4,0,0,1,1,1,1,1,0,0,1
2024-12-02,S002,Loader,3,3,1.0,1.0,2.0,1.5,3.0,1.0,1.0,0,2024,12,4,49,7,4,0,0,1,2,3,1,2,0,1,1
2024-12-09,S002,Loader,3,2,3.0,1.0,1.0,2.0,3.0,1.1547005383792515,2.0,0,2024,12,4,50,6,3,0,0,0,2,3,1,0,1,3,0
2024-12-16,S002,Loader,2,2,3.0,3.0,1.0,2.25,3.0,0.9574271077563381,1.0,0,2024,12,4,51,5,3,0,0,1,2,2,0,0,0,2,1
2024-12-23,S002,Loader,2,1,2.0,3.0,1.0,2.5,3.0,0.5773502691896258,1.0,0,2024,12,4,52,5,3,0,0,1,2,2,0,0,2,0,1
2024-12-30,S002,Loader,1,1,2.0,2.0,3.0,2.0,3.0,0.8164965809277261,-2.0,0,2024,12,4,1,6,6,1,1,1,1,1,1,1,0,0,2
2025-01-06,S002,Loader,1,1,1.0,2.0,3.0,1.5,2.0,0.5773502691896258,-2.0,0,2025,1,1,2,6,6,1,1,1,1,1,1,0,0,1,2
2025-01-13,S002,Loader,1,1,1.0,1.0,2.0,1.25,2.0,0.5000000000000001,-1.0,0,2025,1,1,3,4,4,0,0,1,1,1,1,0,0,1,0
2025-01-20,S002,Loader,1,0,1.0,1.0,2.0,1.0,1.0,0.0,-1.0,0,2025,1,1,4,5,5,1,0,1,1,1,1,0,1,0,0
2025-01-27,S002,Loader,0,0,1.0,1.0,1.0,0.75,1.0,0.5,-1.0,1,2025,1,1,5,2,2,1,0,0,0,0,1,0,0,0,1
2025-02-03,S002,Loader,0,2,0.0,1.0,1.0,0.5,1.0,0.5773502691896257,-1.0,2,2025,2,1,6,2,2,1,0,0,0,0,1,0,0,0,1
2025-02-10,S002,Loader,2,3,0.0,0.0,1.0,0.75,2.0,0.9574271077563381,1.0,0,2025,2,1,7,5,4,1,1,0,0,2,1,2,0,0,0
2025-02-17,S002,Loader,3,3,2.0,0.0,1.0,1.25,3.0,1.5,2.0,0,2025,2,1,8,7,5,1,1,1,0,3,1,1,0,2,0
2025-02-24,S002,Loader,3,1,3.0,2.0,0.0,2.0,3.0,1.414213562373095,3.0,0,2025,2,1,9,8,5,1,1,1,0,3,2,0,2,3,0
2025-03-03,S002,Loader,1,1,3.0,3.0,0.0,2.25,3.0,0.957427107756338,1.0,0,2025,3,1,10,5,4,1,0,1,0,1,2,0,0,1,2
2025-03-10,S002,Loader,1,0,1.0,3.0,2.0,2.0,3.0,1.1547005383792515,-1.0,0,2025,3,1,11,3,3,1,0,0,0,1,1,0,1,0,2
2025-03-17,S002,Loader,0,1,1.0,1.0,3.0,1.25,3.0,1.2583057392117916,-3.0,1,2025,3,1,12,1,1,0,0,0,0,0,1,0,0,0,1
2025-03-24,S002,Loader,1,3,0.0,1.0,3.0,0.75,1.0,0.4999999999999998,-2.0,0,2025,3,1,13,4,4,1,0,0,1,1,1,1,0,0,1
2025-03-31,S002,Loader,3,4,1.0,0.0,1.0,1.25,3.0,1.2583057392117916,2.0,0,2025,3,1,14,6,4,1,0,0,1,3,1,2,0,1,0
2025-04-07,S002,Loader,4,4,3.0,1.0,1.0,2.0,4.0,1.8257418583505538,3.0,0,2025,4,2,15,5,2,0,0,0,0,4,1,1,0,3,0
2025-04-14,S002,Loader,4,1,4.0,3.0,0.0,3.0,4.0,1.4142135623730951,4.0,0,2025,4,2,16,5,2,0,0,0,1,4,0,0,4,3,0
2025-04-21,S002,Loader,1,1,4.0,4.0,1.0,3.0,4.0,1.4142135623730951,0.0,0,2025,4,2,17,4,3,1,0,0,2,1,0,1,0,1,4
2025-04-28,S002,Loader,1,2,1.0,4.0,3.0,2.5,4.0,1.7320508075688772,-2.0,0,2025,4,2,18,4,3,1,0,0,2,1,0,0,0,1,4
2025-05-05,S002,Loader,2,2,1.0,1.0,4.0,2.0,4.0,1.4142135623730951,-2.0,0,2025,5,2,19,4,3,1,1,0,0,2,0,1,0,1,0
2025-05-12,S002,Loader,2,0,2.0,1.0,4.0,1.5,2.0,0.5773502691896258,-2.0,0,2025,5,2,20,4,3,0,1,0,1,2,0,0,2,1,0
2025-05-19,S002,Loader,0,0,2.0,2.0,1.0,1.25,2.0,0.9574271077563382,-1.0,1,2025,5,2,21,2,2,1,0,0,1,0,0,0,0,1,2
2025-05-26,S002,Loader,0,0,0.0,2.0,1.0,1.0,2.0,1.1547005383792515,-1.0,2,2025,5,2,22,2,2,1,0,0,1,0,0,0,0,0,2
2025-06-02,S002,Loader,0,2,0.0,0.0,2.0,0.5,2.0,1.0,-2.0,3,2025,6,2,23,5,3,1,1,0,3,0,0,0,0,0,0
2025-06-09,S002,Loader,2,2,0.0,0.0,2.0,0.5,2.0,1.0,0.0,0,2025,6,2,24,8,5,1,1,1,3,2,0,2,0,0,0
2025-06-16,S002,Loader,2,0,2.0,0.0,0.0,1.0,2.0,1.1547005383792515,2.0,0,2025,6,2,25,6,4,1,0,1,2,2,0,0,2,2,0
2025-06-23,S002,Loader,0,1,2.0,2.0,0.0,1.0,2.0,1.1547005383792515,0.0,1,2025,6,2,26,4,4,1,1,1,1,0,0,0,0,2,2
2025-06-30,S002,Loader,1,1,0.0,2.0,0.0,1.25,2.0,0.9574271077563382,1.0,0,2025,6,2,27,4,4,1,1,0,1,1,0,1,0,0,2
2025-07-07,S002,Loader,1,1,1.0,0.0,2.0,1.0,2.0,0.8164965809277261,-1.0,0,2025,7,3,28,2,2,0,1,0,0,1,0,0,1,1,0
2025-07-14,S002,Loader,1,1,1.0,1.0,2.0,0.75,1.0,0.5000000000000001,-1.0,0,2025,7,3,29,3,3,1,1,0,0,1,0,1,0,1,1
2025-07-21,S002,Loader,1,0,1.0,1.0,0.0,1.0,1.0,0.0,1.0,0,2025,7,3,30,2,2,1,0,0,0,1,0,0,1,1,1
2025-07-28,S002,Loader,0,0,1.0,1.0,1.0,0.75,1.0,0.5,-1.0,1,2025,7,3,31,2,2,1,1,0,0,0,0,0,0,1,1
2025-08-04,S002,Loader,0,0,0.0,1.0,1.0,0.5,1.0,0.5773502691896257,-1.0,2,2025,8,3,32,3,3,0,1,1,0,0,1,0,0,0,1
2025-08-11,S002,Loader,0,0,0.0,0.0,1.0,0.25,1.0,0.5,-1.0,3,2025,8,3,33,3,3,0,1,1,0,0,1,0,0,0,0
2025-08-18,S002,Loader,0,0,0.0,0.0,1.0,0.0,0.0,0.0,-1.0,4,2025,8,3,34,1,1,0,1,0,0,0,0,0,0,0,0
2025-08-25,S002,Loader,0,0,0.0,0.0,0.0,0.0,0.0,0.0,0.0,5,2025,8,3,35,0,0,0,0,0,0,0,0,0,0,0,0
2025-09-01,S002,Loader,0,0,0.0,0.0,0.0,0.0,0.0,0.0,0.0,6,2025,9,3,36,1,1,0,0,0,1,0,0,0,0,0,0
2025-09-08,S002,Loader,0,0,0.0,0.0,0.0,0.0,0.0,0.0,0.0,7,2025,9,3,37,2,1,0,0,0,2,0,0,0,0,0,0
2025-09-15,S002,Loader,0,0,0.0,0.0,0.0,0.0,0.0,0.0,0.0,8,2025,9,3,38,2,1,0,0,0,2,0,0,0,0,0,0
2025-09-22,S002,Loader,0,0,0.0,0.0,0.0,0.0,0.0,0.0,0.0,9,2025,9,3,39,2,2,0,1,0,1,0,0,0,0,0,0
2025-09-29,S002,Loader,0,1,0.0,0.0,0.0,0.0,0.0,0.0,0.0,10,2025,9,3,40,2,2,0,1,0,1,0,0,0,0,0,0
2025-10-06,S002,Loader,1,1,0.0,0.0,0.0,0.25,1.0,0.5,1.0,0,2025,10,4,41,2,2,0,0,0,1,1,0,1,0,0,0
2025-10-13,S002,Loader,1,1,1.0,0.0,0.0,0.5,1.0,0.5773502691896257,1.0,0,2025,10,4,42,2,2,0,0,0,1,1,0,0,1,1,0
2025-10-20,S002,Loader,1,1,1.0,1.0,0.0,0.75,1.0,0.5,1.0,0,2025,10,4,43,1,1,0,0,0,0,1,0,1,0,1,1
2025-10-27,S002,Loader,1,0,1.0,1.0,0.0,1.0,1.0,0.0,1.0,0,2025,10,4,44,3,2,0,0,0,2,1,0,0,1,1,1
2025-11-03,S002,Loader,0,0,1.0,1.0,1.0,0.75,1.0,0.5,-1.0,1,2025,11,4,45,3,2,1,0,0,2,0,0,0,0,1,1
2025-11-10,S002,Loader,0,0,0.0,1.0,1.0,0.5,1.0,0.5773502691896257,-1.0,2,2025,11,4,46,4,3,1,2,0,1,0,0,0,0,0,1
2025-11-17,S002,Loader,0,0,0.0,0.0,1.0,0.25,1.0,0.5,-1.0,3,2025,11,4,47,2,1,0,2,0,0,0,0,0,0,0,0
2025-11-24,S002,Loader,0,1,0.0,0.0,1.0,0.0,0.0,0.0,-1.0,4,2025,11,4,48,0,0,0,0,0,0,0,0,0,0,0,0
2025-12-01,S002,Loader,1,1,0.0,0.0,0.0,0.25,1.0,0.5,1.0,0,2025,12,4,49,3,2,0,0,2,0,1,0,1,0,0,0
2025-12-08,S002,Loader,1,0,1.0,0.0,0.0,0.5,1.0,0.5773502691896257,1.0,0,2025,12,4,50,3,2,0,0,2,0,1,0,0,1,1,0
2025-12-15,S002,Loader,0,0,1.0,1.0,0.0,0.5,1.0,0.5773502691896257,0.0,1,2025,12,4,51,2,2,0,0,1,1,0,0,0,0,1,1
2024-01-01,S002,Roller,0,0,0.0,0.0,0.0,0.0,0.0,0.0,0.0,1,2024,1,1,1,2,2,0,1,1,0,0,0,0,0,0,0
2024-01-08,S002,Roller,0,1,0.0,0.0,0.0,0.0,0.0,0.0,0.0,2,2024,1,1,2,3,3,1,1,1,0,0,0,0,0,0,0
2024-01-15,S002,Roller,1,1,0.0,0.0,0.0,0.0,0.0,0.0,0.0,0,2024,1,1,3,2,2,1,0,0,0,0,1,1,0,0,0
2024-01-22,S002,Roller,1,1,1.0,0.0,0.0,0.5,1.0,0.5773502691896257,0.0,0,2024,1,1,4,2,2,0,1,0,0,0,1,0,1,1,0
2024-01-29,S002,Roller,1,1,1.0,1.0,0.0,0.75,1.0,0.5,1.0,0,2024,1,1,5,3,3,1,1,0,0,0,1,1,0,1,1
2024-02-05,S002,Roller,1,0,1.0,1.0,0.0,1.0,1.0,0.0,1.0,0,2024,2,1,6,4,4,1,1,0,0,1,1,0,1,1,1
2024-02-12,S002,Roller,0,1,1.0,1.0,1.0,0.75,1.0,0.5,-1.0,1,2024,2,1,7,6,4,1,2,0,1,2,0,0,0,1,1
2024-02-19,S002,Roller,1,1,0.0,1.0,1.0,0.75,1.0,0.5,0.0,0,2024,2,1,8,7,4,0,2,0,2,2,1,1,0,0,1
2024-02-26,S002,Roller,1,1,1.0,0.0,1.0,0.75,1.0,0.5,0.0,0,2024,2,1,9,6,4,0,1,0,2,2,1,0,0,1,0
2024-03-04,S002,Roller,1,0,1.0,1.0,1.0,0.75,1.0,0.5,0.0,0,2024,3,1,10,7,6,1,1,1,1,2,1,0,1,1,0
2024-03-11,S002,Roller,0,1,1.0,1.0,0.0,0.75,1.0,0.5,0.0,1,2024,3,1,11,5,5,1,1,1,1,1,0,0,0,0,1
2024-03-18,S002,Roller,1,1,0.0,1.0,1.0,0.75,1.0,0.5,0.0,0,2024,3,1,12,6,6,1,1,1,1,1,1,1,0,0,1
2024-03-25,S002,Roller,1,0,1.0,0.0,1.0,0.75,1.0,0.5,0.0,0,2024,3,1,13,5,5,1,1,0,1,1,1,0,1,1,0
2024-04-01,S002,Roller,0,0,1.0,1.0,1.0,0.5,1.0,0.5773502691896257,-1.0,1,2024,4,2,14,5,4,1,1,0,2,1,0,0,0,1,1
2024-04-08,S002,Roller,0,0,0.0,1.0,0.0,0.5,1.0,0.5773502691896257,0.0,2,2024,4,2,15,5,4,1,1,0,2,1,0,0,0,0,1
2024-04-15,S002,Roller,0,1,0.0,0.0,1.0,0.25,1.0,0.5,-1.0,3,2024,4,2,16,6,5,1,1,1,2,1,0,0,0,0,0
2024-04-22,S002,Roller,1,1,0.0,0.0,1.0,0.25,1.0,0.5,0.0,0,2024,4,2,17,7,6,1,1,1,2,1,1,1,0,0,0
2024-04-29,S002,Roller,1,0,1.0,0.0,0.0,0.5,1.0,0.5773502691896257,1.0,0,2024,4,2,18,6,5,0,1,1,2,1,1,0,1,1,0
2024-05-06,S002,Roller,0,0,1.0,1.0,0.0,0.5,1.0,0.5773502691896257,0.0,1,2024,5,2,19,1,1,0,0,0,0,1,0,0,0,1,1
2024-05-13,S002,Roller,0,1,0.0,1.0,0.0,0.5,1.0,0.5773502691896257,0.0,2,2024,5,2,20,2,1,0,0,0,0,2,0,0,0,0,1
2024-05-20,S002,Roller,1,2,0.0,0.0,1.0,0.5,1.0,0.5773502691896257,0.0,0,2024,5,2,21,4,3,0,0,1,0,2,1,1,0,0,0
2024-05-27,S002,Roller,2,2,1.0,0.0,1.0,0.75,2.0,0.9574271077563381,1.0,0,2024,5,2,22,5,4,1,0,1,0,1,2,1,0,1,0
2024-06-03,S002,Roller,2,1,2.0,1.0,0.0,1.25,2.0,0.9574271077563381,2.0,0,2024,6,2,23,7,4,1,3,0,0,1,2,0,1,2,0
2024-06-10,S002,Roller,1,1,2.0,2.0,0.0,1.5,2.0,0.5773502691896257,1.0,0,2024,6,2,24,7,4,0,3,0,1,2,1,0,0,1,1
2024-06-17,S002,Roller,1,1,1.0,2.0,1.0,1.5,2.0,0.5773502691896257,0.0,0,2024,6,2,25,6,4,0,2,0,1,2,1,0,0,0,1
2024-06-24,S002,Roller,1,1,1.0,1.0,2.0,1.25,2.0,0.4999999999999999,-1.0,0,2024,6,2,26,4,4,0,1,0,1,1,1,0,1,0,0
2024-07-01,S002,Roller,1,1,1.0,1.0,2.0,1.0,1.0,0.0,-1.0,0,2024,7,3,27,4,4,0,1,0,1,1,1,1,0,0,1
2024-07-08,S002,Roller,1,1,1.0,1.0,1.0,1.0,1.0,0.0,0.0,0,2024,7,3,28,6,4,0,1,3,0,1,1,0,0,1,1
2024-07-15,S002,Roller,1,1,1.0,1.0,1.0,1.0,1.0,0.0,0.0,0,2024,7,3,29,6,4,0,1,3,0,1,1,0,0,1,0
2024-07-22,S002,Roller,1,0,1.0,1.0,1.0,1.0,1.0,0.0,0.0,0,2024,7,3,30,4,4,0,1,1,0,1,1,0,1,0,0
2024-07-29,S002,Roller,0,1,1.0,1.0,1.0,0.75,1.0,0.5,-1.0,1,2024,7,3,31,3,1,0,0,0,0,3,0,0,0,0,1
2024-08-05,S002,Roller,1,1,0.0,1.0,1.0,0.75,1.0,0.5,0.0,0,2024,8,3,32,9,5,1,1,0,3,3,1,1,0,0,1
2024-08-12,S002,Roller,1,0,1.0,0.0,1.0,0.75,1.0,0.5,0.0,0,2024,8,3,33,9,5,1,1,0,3,3,1,0,1,1,0
2024-08-19,S002,Roller,0,0,1.0,1.0,1.0,0.5,1.0,0.5773502691896257,-1.0,1,2024,8,3,34,6,4,0,1,1,3,1,0,0,0,1,1
2024-08-26,S002,Roller,0,0,0.0,1.0,0.0,0.5,1.0,0.5773502691896257,0.0,2,2024,8,3,35,6,4,0,1,1,3,1,0,0,0,0,1
2024-09-02,S002,Roller,0,0,0.0,0.0,1.0,0.25,1.0,0.5,-1.0,3,2024,9,3,36,4,3,0,1,1,2,0,0,0,0,0,0
2024-09-09,S002,Roller,0,0,0.0,0.0,1.0,0.0,0.0,0.0,-1.0,4,2024,9,3,37,2,2,0,0,1,1,0,0,0,0,0,0
2024-09-16,S002,Roller,0,0,0.0,0.0,0.0,0.0,0.0,0.0,0.0,5,2024,9,3,38,3,3,0,1,1,0,1,0,0,0,0,0
2024-09-23,S002,Roller,0,0,0.0,0.0,0.0,0.0,0.0,0.0,0.0,6,2024,9,3,39,3,3,0,1,1,0,1,0,0,0,0,0
2024-09-30,S002,Roller,0,0,0.0,0.0,0.0,0.0,0.0,0.0,0.0,7,2024,9,3,40,5,4,0,1,1,1,2,0,0,0,0,0
2024-10-07,S002,Roller,0,1,0.0,0.0,0.0,0.0,0.0,0.0,0.0,8,2024,10,4,41,6,5,1,1,1,1,2,0,0,0,0,0
2024-10-14,S002,Roller,1,1,0.0,0.0,0.0,0.25,1.0,0.5,1.0,0,2024,10,4,42,8,6,1,2,1,1,2,1,1,0,0,0
2024-10-21,S002,Roller,1,1,1.0,0.0,0.0,0.5,1.0,0.5773502691896257,1.0,0,2024,10,4,43,5,4,0,2,0,1,1,1,0,1,1,0
2024-10-28,S002,Roller,1,1,1.0,1.0,0.0,0.75,1.0,0.5,1.0,0,2024,10,4,44,5,4,0,0,1,1,2,1,1,0,1,1
2024-11-04,S002,Roller,1,0,1.0,1.0,0.0,1.0,1.0,0.0,1.0,0,2024,11,4,45,6,5,0,1,1,1,2,1,0,1,1,1
2024-11-11,S002,Roller,0,1,1.0,1.0,1.0,0.75,1.0,0.5,-1.0,1,2024,11,4,46,4,4,0,1,1,1,1,0,0,0,1,1
2024-11-18,S002,Roller,1,1,0.0,1.0,1.0,0.75,1.0,0.5,0.0,0,2024,11,4,47,5,5,0,1,1,1,1,1,1,0,0,1
2024-11-25,S002,Roller,1,1,1.0,0.0,1.0,0.75,1.0,0.5,0.0,0,2024,11,4,48,4,4,0,0,1,1,1,1,0,0,1,0
2024-12-02,S002,Roller,1,1,1.0,1.0,1.0,0.75,1.0,0.5,0.0,0,2024,12,4,49,7,4,0,0,1,2,3,1,0,0,1,0
2024-12-09,S002,Roller,1,0,1.0,1.0,0.0,1.0,1.0,0.0,1.0,0,2024,12,4,50,6,3,0,0,0,2,3,1,0,1,0,0
2024-12-16,S002,Roller,0,0,1.0,1.0,1.0,0.75,1.0,0.5,-1.0,1,2024,12,4,51,5,3,0,0,1,2,2,0,0,0,0,1
2024-12-23,S002,Roller,0,1,0.0,1.0,1.0,0.5,1.0,0.5773502691896257,-1.0,2,2024,12,4,52,5,3,0,0,1,2,2,0,0,0,0,1
2024-12-30,S002,Roller,1,1,0.0,0.0,1.0,0.5,1.0,0.5773502691896257,0.0,0,2024,12,4,1,6,6,1,1,1,1,1,1,1,0,0,0
2025-01-06,S002,Roller,1,1,1.0,0.0,1.0,0.5,1.0,0.5773502691896257,0.0,0,2025,1,1,2,6,6,1,1,1,1,1,1,0,1,1,0
2025-01-13,S002,Roller,1,1,1.0,1.0,0.0,0.75,1.0,0.5,1.0,0,2025,1,1,3,4,4,0,0,1,1,1,1,1,0,1,1
2025-01-20,S002,Roller,1,1,1.0,1.0,0.0,1.0,1.0,0.0,1.0,0,2025,1,1,4,5,5,1,0,1,1,1,1,0,1,1,1
2025-01-27,S002,Roller,1,1,1.0,1.0,1.0,1.0,1.0,0.0,0.0,0,2025,1,1,5,2,2,1,0,0,0,0,1,1,0,1,1
2025-02-03,S002,Roller,1,1,1.0,1.0,1.0,1.0,1.0,0.0,0.0,0,2025,2,1,6,2,2,1,0,0,0,0,1,0,1,1,1
2025-02-10,S002,Roller,1,1,1.0,1.0,1.0,1.0,1.0,0.0,0.0,0,2025,2,1,7,5,4,1,1,0,0,2,1,1,0,1,1
2025-02-17,S002,Roller,1,2,1.0,1.0,1.0,1.0,1.0,0.0,0.0,0,2025,2,1,8,7,5,1,1,1,0,3,1,0,0,1,1
2025-02-24,S002,Roller,2,2,1.0,1.0,1.0,1.25,2.0,0.5,1.0,0,2025,2,1,9,8,5,1,1,1,0,3,2,1,0,1,0
2025-03-03,S002,Roller,2,1,2.0,1.0,1.0,1.5,2.0,0.5773502691896257,1.0,0,2025,3,1,10,5,4,1,0,1,0,1,2,0,1,1,0
2025-03-10,S002,Roller,1,1,2.0,2.0,1.0,1.5,2.0,0.5773502691896257,0.0,0,2025,3,1,11,3,3,1,0,0,0,1,1,0,0,1,1
2025-03-17,S002,Roller,1,1,1.0,2.0,1.0,1.5,2.0,0.5773502691896257,0.0,0,2025,3,1,12,1,1,0,0,0,0,0,1,0,0,0,1
2025-03-24,S002,Roller,1,1,1.0,1.0,2.0,1.25,2.0,0.5,-1.0,0,2025,3,1,13,4,4,1,0,0,1,1,1,0,1,0,0
2025-03-31,S002,Roller,1,1,1.0,1.0,2.0,1.0,1.0,0.0,-1.0,0,2025,3,1,14,6,4,1,0,0,1,3,1,1,0,0,1
2025-04-07,S002,Roller,1,0,1.0,1.0,1.0,1.0,1.0,0.0,0.0,0,2025,4,2,15,5,2,0,0,0,0,4,1,0,1,1,1
2025-04-14,S002,Roller,0,0,1.0,1.0,1.0,0.75,1.0,0.5,-1.0,1,2025,4,2,16,5,2,0,0,0,1,4,0,0,0,1,1
2025-04-21,S002,Roller,0,0,0.0,1.0,1.0,0.5,1.0,0.5773502691896257,-1.0,2,2025,4,2,17,4,3,1,0,0,2,1,0,0,0,0,1
2025-04-28,S002,Roller,0,0,0.0,0.0,1.0,0.25,1.0,0.5,-1.0,3,2025,4,2,18,4,3,1,0,0,2,1,0,0,0,0,0
2025-05-05,S002,Roller,0,0,0.0,0.0,1.0,0.0,0.0,0.0,-1.0,4,2025,5,2,19,4,3,1,1,0,0,2,0,0,0,0,0
2025-05-12,S002,Roller,0,0,0.0,0.0,0.0,0.0,0.0,0.0,0.0,5,2025,5,2,20,4,3,0,1,0,1,2,0,0,0,0,0
2025-05-19,S002,Roller,0,0,0.0,0.0,0.0,0.0,0.0,0.0,0.0,6,2025,5,2,21,2,2,1,0,0,1,0,0,0,0,0,0
2025-05-26,S002,Roller,0,0,0.0,0.0,0.0,0.0,0.0,0.0,0.0,7,2025,5,2,22,2,2,1,0,0,1,0,0,0,0,0,0
2025-06-02,S002,Roller,0,0,0.0,0.0,0.0,0.0,0.0,0.0,0.0,8,2025,6,2,23,5,3,1,1,0,3,0,0,0,0,0,0
2025-06-09,S002,Roller,0,0,0.0,0.0,0.0,0.0,0.0,0.0,0.0,9,2025,6,2,24,8,5,1,1,1,3,2,0,0,0,0,0
2025-06-16,S002,Roller,0,0,0.0,0.0,0.0,0.0,0.0,0.0,0.0,10,2025,6,2,25,6,4,1,0,1,2,2,0,0,0,0,0
2025-06-23,S002,Roller,0,0,0.0,0.0,0.0,0.0,0.0,0.0,0.0,11,2025,6,2,26,4,4,1,1,1,1,0,0,0,0,0,0
2025-06-30,S002,Roller,0,0,0.0,0.0,0.0,0.0,0.0,0.0,0.0,12,2025,6,2,27,4,4,1,1,0,1,1,0,0,0,0,0
2025-07-07,S002,Roller,0,0,0.0,0.0,0.0,0.0,0.0,0.0,0.0,13,2025,7,3,28,2,2,0,1,0,0,1,0,0,0,0,0
2025-07-14,S002,Roller,0,0,0.0,0.0,0.0,0.0,0.0,0.0,0.0,14,2025,7,3,29,3,3,1,1,0,0,1,0,0,0,0,0
2025-07-21,S002,Roller,0,0,0.0,0.0,0.0,0.0,0.0,0.0,0.0,15,2025,7,3,30,2,2,1,0,0,0,1,0,0,0,0,0
2025-07-28,S002,Roller,0,1,0.0,0.0,0.0,0.0,0.0,0.0,0.0,16,2025,7,3,31,2,2,1,1,0,0,0,0,0,0,0,0
2025-08-04,S002,Roller,1,1,0.0,0.0,0.0,0.25,1.0,0.5,1.0,0,2025,8,3,32,3,3,0,1,1,0,0,1,1,0,0,0
2025-08-11,S002,Roller,1,0,1.0,0.0,0.0,0.5,1.0,0.5773502691896257,1.0,0,2025,8,3,33,3,3,0,1,1,0,0,1,0,1,1,0
2025-08-18,S002,Roller,0,0,1.0,1.0,0.0,0.5,1.0,0.5773502691896257,0.0,1,2025,8,3,34,1,1,0,1,0,0,0,0,0,0,1,1
2025-08-25,S002,Roller,0,0,0.0,1.0,0.0,0.5,1.0,0.5773502691896257,0.0,2,2025,8,3,35,0,0,0,0,0,0,0,0,0,0,0,1
2025-09-01,S002,Roller,0,0,0.0,0.0,1.0,0.25,1.0,0.5,-1.0,3,2025,9,3,36,1,1,0,0,0,1,0,0,0,0,0,0
2025-09-08,S002,Roller,0,0,0.0,0.0,1.0,0.0,0.0,0.0,-1.0,4,2025,9,3,37,2,1,0,0,0,2,0,0,0,0,0,0
2025-09-15,S002,Roller,0,0,0.0,0.0,0.0,0.0,0.0,0.0,0.0,5,2025,9,3,38,2,1,0,0,0,2,0,0,0,0,0,0
2025-09-22,S002,Roller,0,0,0.0,0.0,0.0,0.0,0.0,0.0,0.0,6,2025,9,3,39,2,2,0,1,0,1,0,0,0,0,0,0
2025-09-29,S002,Roller,0,0,0.0,0.0,0.0,0.0,0.0,0.0,0.0,7,2025,9,3,40,2,2,0,1,0,1,0,0,0,0,0,0
2025-10-06,S002,Roller,0,0,0.0,0.0,0.0,0.0,0.0,0.0,0.0,8,2025,10,4,41,2,2,0,0,0,1,1,0,0,0,0,0
2025-10-13,S002,Roller,0,0,0.0,0.0,0.0,0.0,0.0,0.0,0.0,9,2025,10,4,42,2,2,0,0,0,1,1,0,0,0,0,0
2025-10-20,S002,Roller,0,0,0.0,0.0,0.0,0.0,0.0,0.0,0.0,10,2025,10,4,43,1,1,0,0,0,0,1,0,0,0,0,0
2025-10-27,S002,Roller,0,0,0.0,0.0,0.0,0.0,0.0,0.0,0.0,11,2025,10,4,44,3,2,0,0,0,2,1,0,0,0,0,0
2025-11-03,S002,Roller,0,0,0.0,0.0,0.0,0.0,0.0,0.0,0.0,12,2025,11,4,45,3,2,1,0,0,2,0,0,0,0,0,0
2025-11-10,S002,Roller,0,0,0.0,0.0,0.0,0.0,0.0,0.0,0.0,13,2025,11,4,46,4,3,1,2,0,1,0,0,0,0,0,0
2025-11-17,S002,Roller,0,0,0.0,0.0,0.0,0.0,0.0,0.0,0.0,14,2025,11,4,47,2,1,0,2,0,0,0,0,0,0,0,0
2025-11-24,S002,Roller,0,0,0.0,0.0,0.0,0.0,0.0,0.0,0.0,15,2025,11,4,48,0,0,0,0,0,0,0,0,0,0,0,0
2025-12-01,S002,Roller,0,0,0.0,0.0,0.0,0.0,0.0,0.0,0.0,16,2025,12,4,49,3,2,0,0,2,0,1,0,0,0,0,0
2025-12-08,S002,Roller,0,0,0.0,0.0,0.0,0.0,0.0,0.0,0.0,17,2025,12,4,50,3,2,0,0,2,0,1,0,0,0,0,0
2025-12-15,S002,Roller,0,0,0.0,0.0,0.0,0.0,0.0,0.0,0.0,18,2025,12,4,51,2,2,0,0,1,1,0,0,0,0,0,0
2024-01-01,S003,Bulldozer,1,1,0.0,0.0,0.0,0.0,0.0,0.0,0.0,0,2024,1,1,1,3,3,1,1,0,0,0,1,1,0,0,0
2024-01-08,S003,Bulldozer,1,2,1.0,0.0,0.0,0.0,0.0,0.0,0.0,0,2024,1,1,2,4,4,1,1,0,1,0,1,0,1,1,0
2024-01-15,S003,Bulldozer,2,2,1.0,1.0,0.0,0.0,0.0,0.0,0.0,0,2024,1,1,3,9,6,2,2,2,1,1,1,2,0,1,1
2024-01-22,S003,Bulldozer,2,0,2.0,1.0,0.0,1.5,2.0,0.5773502691896257,0.0,0,2024,1,1,4,9,5,2,2,2,0,1,2,0,2,2,1
2024-01-29,S003,Bulldozer,0,2,2.0,2.0,1.0,1.25,2.0,0.9574271077563381,-1.0,1,2024,1,1,5,7,4,2,0,1,0,1,3,0,0,2,2
2024-02-05,S003,Bulldozer,2,2,0.0,2.0,1.0,1.5,2.0,1.0,1.0,0,2024,2,1,6,7,3,2,2,0,0,0,3,2,0,0,2
2024-02-12,S003,Bulldozer,2,1,2.0,0.0,2.0,1.5,2.0,1.0,0.0,0,2024,2,1,7,5,4,1,2,1,0,1,0,0,1,2,0
2024-02-19,S003,Bulldozer,1,1,2.0,2.0,2.0,1.25,2.0,0.9574271077563381,-1.0,0,2024,2,1,8,3,3,0,1,1,0,1,0,0,0,2,1
2024-02-26,S003,Bulldozer,1,1,1.0,2.0,0.0,1.5,2.0,0.5773502691896257,1.0,0,2024,2,1,9,1,1,0,1,0,0,0,0,0,0,0,1
2024-03-04,S003,Bulldozer,1,1,1.0,1.0,2.0,1.25,2.0,0.4999999999999999,-1.0,0,2024,3,1,10,2,2,1,1,0,0,0,0,0,0,0,0
2024-03-11,S003,Bulldozer,1,1,1.0,1.0,2.0,1.0,1.0,0.0,-1.0,0,2024,3,1,11,3,3,1,1,1,0,0,0,0,1,0,0
2024-03-18,S003,Bulldozer,1,1,1.0,1.0,1.0,1.0,1.0,0.0,0.0,0,2024,3,1,12,5,5,1,1,1,0,1,1,1,0,0,1
2024-03-25,S003,Bulldozer,1,1,1.0,1.0,1.0,1.0,1.0,0.0,0.0,0,2024,3,1,13,4,4,1,1,0,0,1,1,0,0,1,1
2024-04-01,S003,Bulldozer,1,1,1.0,1.0,1.0,1.0,1.0,0.0,0.0,0,2024,4,2,14,4,3,2,1,1,0,0,0,0,0,1,0
2024-04-08,S003,Bulldozer,1,1,1.0,1.0,1.0,1.0,1.0,0.0,0.0,0,2024,4,2,15,4,3,2,1,1,0,0,0,0,1,0,0
2024-04-15,S003,Bulldozer,1,1,1.0,1.0,1.0,1.0,1.0,0.0,0.0,0,2024,4,2,16,4,2,3,1,0,0,0,0,1,0,0,1
2024-04-22,S003,Bulldozer,1,1,1.0,1.0,1.0,1.0,1.0,0.0,0.0,0,2024,4,2,17,4,2,3,1,0,0,0,0,0,0,1,1
2024-04-29,S003,Bulldozer,1,0,1.0,1.0,1.0,1.0,1.0,0.0,0.0,0,2024,4,2,18,5,3,3,1,0,0,0,1,0,1,1,0
2024-05-06,S003,Bulldozer,0,0,1.0,1.0,1.0,0.75,1.0,0.5,-1.0,1,2024,5,2,19,6,4,2,0,1,1,0,2,0,0,0,1
2024-05-13,S003,Bulldozer,0,0,0.0,1.0,1.0,0.5,1.0,0.5773502691896257,-1.0,2,2024,5,2,20,6,4,1,0,1,1,0,3,0,0,0,1
2024-05-20,S003,Bulldozer,0,0,0.0,0.0,1.0,0.25,1.0,0.5,-1.0,3,2024,5,2,21,4,2,1,0,0,0,0,3,0,0,0,0
2024-05-27,S003,Bulldozer,0,0,0.0,0.0,1.0,0.0,0.0,0.0,-1.0,4,2024,5,2,22,2,1,2,0,0,0,0,0,0,0,0,0
2024-06-03,S003,Bulldozer,0,0,0.0,0.0,0.0,0.0,0.0,0.0,0.0,5,2024,6,2,23,3,2,2,0,0,0,0,1,0,0,0,0
2024-06-10,S003,Bulldozer,0,0,0.0,0.0,0.0,0.0,0.0,0.0,0.0,6,2024,6,2,24,3,2,2,0,0,0,0,1,0,0,0,0
2024-06-17,S003,Bulldozer,0,0,0.0,0.0,0.0,0.0,0.0,0.0,0.0,7,2024,6,2,25,1,1,1,0,0,0,0,0,0,0,0,0
2024-06-24,S003,Bulldozer,0,0,0.0,0.0,0.0,0.0,0.0,0.0,0.0,8,2024,6,2,26,1,1,1,0,0,0,0,0,0,0,0,0
2024-07-01,S003,Bulldozer,0,0,0.0,0.0,0.0,0.0,0.0,0.0,0.0,9,2024,7,3,27,2,2,1,0,0,0,1,0,0,0,0,0
2024-07-08,S003,Bulldozer,0,0,0.0,0.0,0.0,0.0,0.0,0.0,0.0,10,2024,7,3,28,2,2,1,0,0,0,1,0,0,0,0,0
2024-07-15,S003,Bulldozer,0,1,0.0,0.0,0.0,0.0,0.0,0.0,0.0,11,2024,7,3,29,4,3,2,0,0,1,1,0,0,0,0,0
2024-07-22,S003,Bulldozer,1,1,0.0,0.0,0.0,0.25,1.0,0.5,1.0,0,2024,7,3,30,5,4,2,1,0,1,1,0,1,0,0,0
2024-07-29,S003,Bulldozer,1,0,1.0,0.0,0.0,0.5,1.0,0.5773502691896257,1.0,0,2024,7,3,31,3,3,0,1,0,1,1,0,0,1,1,0
2024-08-05,S003,Bulldozer,0,0,1.0,1.0,0.0,0.5,1.0,0.5773502691896257,0.0,1,2024,8,3,32,1,1,1,0,0,0,0,0,0,0,1,1
2024-08-12,S003,Bulldozer,0,1,0.0,1.0,0.0,0.5,1.0,0.5773502691896257,0.0,2,2024,8,3,33,1,1,1,0,0,0,0,0,0,0,0,1
2024-08-19,S003,Bulldozer,1,1,0.0,0.0,1.0,0.5,1.0,0.5773502691896257,0.0,0,2024,8,3,34,3,2,2,1,0,0,0,0,1,0,0,0
2024-08-26,S003,Bulldozer,1,1,1.0,0.0,1.0,0.5,1.0,0.5773502691896257,0.0,0,2024,8,3,35,3,2,2,1,0,0,0,0,0,0,1,0
2024-09-02,S003,Bulldozer,1,0,1.0,1.0,0.0,0.75,1.0,0.5,1.0,0,2024,9,3,36,5,3,3,1,1,0,0,0,0,1,1,0
2024-09-09,S003,Bulldozer,0,0,1.0,1.0,0.0,0.75,1.0,0.5,0.0,1,2024,9,3,37,4,2,3,0,1,0,0,0,0,0,0,1
2024-09-16,S003,Bulldozer,0,2,0.0,1.0,1.0,0.5,1.0,0.5773502691896257,-1.0,2,2024,9,3,38,2,2,1,0,1,0,0,0,0,0,0,1
2024-09-23,S003,Bulldozer,2,2,0.0,0.0,1.0,0.75,2.0,0.9574271077563381,1.0,0,2024,9,3,39,4,3,0,2,1,0,1,0,2,0,0,0
2024-09-30,S003,Bulldozer,2,0,2.0,0.0,1.0,1.0,2.0,1.1547005383792515,1.0,0,2024,9,3,40,5,3,0,2,1,0,2,0,0,2,2,0
2024-10-07,S003,Bulldozer,0,0,2.0,2.0,0.0,1.0,2.0,1.1547005383792515,0.0,1,2024,10,4,41,4,1,0,0,0,0,4,0,0,0,2,2
2024-10-14,S003,Bulldozer,0,1,0.0,2.0,0.0,1.0,2.0,1.1547005383792515,0.0,2,2024,10,4,42,4,1,0,0,0,0,4,0,0,0,0,2
2024-10-21,S003,Bulldozer,1,1,0.0,0.0,2.0,0.75,2.0,0.9574271077563382,-1.0,0,2024,10,4,43,4,3,1,1,0,0,2,0,1,0,0,0
2024-10-28,S003,Bulldozer,1,2,1.0,0.0,2.0,0.5,1.0,0.5773502691896258,-1.0,0,2024,10,4,44,3,3,1,1,0,0,1,0,0,0,1,0
2024-11-04,S003,Bulldozer,2,2,1.0,1.0,0.0,1.0,2.0,0.8164965809277263,2.0,0,2024,11,4,45,6,5,1,2,1,0,1,1,1,0,1,0
2024-11-11,S003,Bulldozer,2,1,2.0,1.0,0.0,1.5,2.0,0.5773502691896261,2.0,0,2024,11,4,46,8,6,1,2,2,1,1,1,0,2,1,0
2024-11-18,S003,Bulldozer,1,1,2.0,2.0,1.0,1.5,2.0,0.5773502691896261,0.0,0,2024,11,4,47,7,6,1,1,2,1,1,1,1,0,1,2
2024-11-25,S003,Bulldozer,1,1,1.0,2.0,1.0,1.5,2.0,0.5773502691896261,0.0,0,2024,11,4,48,5,4,0,1,2,0,1,1,0,1,1,2
2024-12-02,S003,Bulldozer,1,1,1.0,1.0,2.0,1.25,2.0,0.5000000000000002,-1.0,0,2024,12,4,49,4,3,0,1,2,0,0,1,1,0,1,1
2024-12-09,S003,Bulldozer,1,1,1.0,1.0,2.0,1.0,1.0,0.0,-1.0,0,2024,12,4,50,2,2,0,1,1,0,0,0,0,0,1,1
2024-12-16,S003,Bulldozer,1,1,1.0,1.0,1.0,1.0,1.0,0.0,0.0,0,2024,12,4,51,2,2,0,1,1,0,0,0,0,0,1,0
2024-12-23,S003,Bulldozer,1,1,1.0,1.0,1.0,1.0,1.0,0.0,0.0,0,2024,12,4,52,1,1,0,1,0,0,0,0,0,0,0,0
2024-12-30,S003,Bulldozer,1,1,1.0,1.0,1.0,1.0,1.0,0.0,0.0,0,2024,12,4,1,3,3,1,1,1,0,0,0,0,0,0,0
2025-01-06,S003,Bulldozer,1,1,1.0,1.0,1.0,1.0,1.0,0.0,0.0,0,2025,1,1,2,3,3,1,1,1,0,0,0,0,1,0,0
2025-01-13,S003,Bulldozer,1,1,1.0,1.0,1.0,1.0,1.0,0.0,0.0,0,2025,1,1,3,3,3,1,1,0,0,0,1,1,0,0,1
2025-01-20,S003,Bulldozer,1,0,1.0,1.0,1.0,1.0,1.0,0.0,0.0,0,2025,1,1,4,5,4,1,1,1,0,0,2,0,1,1,1
2025-01-27,S003,Bulldozer,0,0,1.0,1.0,1.0,0.75,1.0,0.5,-1.0,1,2025,1,1,5,3,2,0,0,1,0,0,2,0,0,1,1
2025-02-03,S003,Bulldozer,0,0,0.0,1.0,1.0,0.5,1.0,0.5773502691896257,-1.0,2,2025,2,1,6,4,3,1,0,0,0,1,2,0,0,0,1
2025-02-10,S003,Bulldozer,0,0,0.0,0.0,1.0,0.25,1.0,0.5,-1.0,3,2025,2,1,7,5,4,1,0,0,1,2,1,0,0,0,0
2025-02-17,S003,Bulldozer,0,0,0.0,0.0,1.0,0.0,0.0,0.0,-1.0,4,2025,2,1,8,6,4,1,0,0,1,2,2,0,0,0,0
2025-02-24,S003,Bulldozer,0,0,0.0,0.0,0.0,0.0,0.0,0.0,0.0,5,2025,2,1,9,6,4,1,0,0,1,2,2,0,0,0,0
2025-03-03,S003,Bulldozer,0,0,0.0,0.0,0.0,0.0,0.0,0.0,0.0,6,2025,3,1,10,4,4,1,0,0,1,1,1,0,0,0,0
2025-03-10,S003,Bulldozer,0,0,0.0,0.0,0.0,0.0,0.0,0.0,0.0,7,2025,3,1,11,6,5,1,0,1,1,1,2,0,0,0,0
2025-03-17,S003,Bulldozer,0,0,0.0,0.0,0.0,0.0,0.0,0.0,0.0,8,2025,3,1,12,6,4,0,0,1,1,2,2,0,0,0,0
2025-03-24,S003,Bulldozer,0,0,0.0,0.0,0.0,0.0,0.0,0.0,0.0,9,2025,3,1,13,4,2,0,0,0,0,2,2,0,0,0,0
2025-03-31,S003,Bulldozer,0,0,0.0,0.0,0.0,0.0,0.0,0.0,0.0,10,2025,3,1,14,2,2,0,0,0,0,1,1,0,0,0,0
2025-04-07,S003,Bulldozer,0,0,0.0,0.0,0.0,0.0,0.0,0.0,0.0,11,2025,4,2,15,4,1,0,0,0,0,0,4,0,0,0,0
2025-04-14,S003,Bulldozer,0,2,0.0,0.0,0.0,0.0,0.0,0.0,0.0,12,2025,4,2,16,5,2,0,0,0,1,0,4,0,0,0,0
2025-04-21,S003,Bulldozer,2,2,0.0,0.0,0.0,0.5,2.0,1.0,2.0,0,2025,4,2,17,6,3,0,2,0,1,0,3,2,0,0,0
2025-04-28,S003,Bulldozer,2,0,2.0,0.0,0.0,1.0,2.0,1.1547005383792515,2.0,0,2025,4,2,18,4,3,0,2,0,1,0,1,0,2,2,0
2025-05-05,S003,Bulldozer,0,0,2.0,2.0,0.0,1.0,2.0,1.1547005383792515,0.0,1,2025,5,2,19,3,3,0,0,0,1,1,1,0,0,2,2
2025-05-12,S003,Bulldozer,0,0,0.0,2.0,0.0,1.0,2.0,1.1547005383792515,0.0,2,2025,5,2,20,2,2,0,0,0,0,1,1,0,0,0,2
2025-05-19,S003,Bulldozer,0,0,0.0,0.0,2.0,0.5,2.0,1.0,-2.0,3,2025,5,2,21,1,1,0,0,0,0,0,1,0,0,0,0
2025-05-26,S003,Bulldozer,0,0,0.0,0.0,2.0,0.0,0.0,0.0,-2.0,4,2025,5,2,22,2,2,0,0,0,0,1,1,0,0,0,0
2025-06-02,S003,Bulldozer,0,0,0.0,0.0,0.0,0.0,0.0,0.0,0.0,5,2025,6,2,23,2,2,0,0,0,0,1,1,0,0,0,0
2025-06-09,S003,Bulldozer,0,0,0.0,0.0,0.0,0.0,0.0,0.0,0.0,6,2025,6,2,24,2,2,0,0,0,0,1,1,0,0,0,0
2025-06-16,S003,Bulldozer,0,0,0.0,0.0,0.0,0.0,0.0,0.0,0.0,7,2025,6,2,25,2,2,0,0,0,0,1,1,0,0,0,0
2025-06-23,S003,Bulldozer,0,0,0.0,0.0,0.0,0.0,0.0,0.0,0.0,8,2025,6,2,26,2,2,0,0,1,0,0,1,0,0,0,0
2025-06-30,S003,Bulldozer,0,0,0.0,0.0,0.0,0.0,0.0,0.0,0.0,9,2025,6,2,27,4,2,0,0,3,0,0,1,0,0,0,0
2025-07-07,S003,Bulldozer,0,0,0.0,0.0,0.0,0.0,0.0,0.0,0.0,10,2025,7,3,28,4,2,0,0,3,0,0,1,0,0,0,0
2025-07-14,S003,Bulldozer,0,0,0.0,0.0,0.0,0.0,0.0,0.0,0.0,11,2025,7,3,29,4,3,0,0,2,0,1,1,0,0,0,0
2025-07-21,S003,Bulldozer,0,0,0.0,0.0,0.0,0.0,0.0,0.0,0.0,12,2025,7,3,30,3,3,0,0,1,0,1,1,0,0,0,0
2025-07-28,S003,Bulldozer,0,0,0.0,0.0,0.0,0.0,0.0,0.0,0.0,13,2025,7,3,31,2,2,0,0,1,0,0,1,0,0,0,0
2025-08-04,S003,Bulldozer,0,0,0.0,0.0,0.0,0.0,0.0,0.0,0.0,14,2025,8,3,32,3,3,1,0,1,0,0,1,0,0,0,0
2025-08-11,S003,Bulldozer,0,1,0.0,0.0,0.0,0.0,0.0,0.0,0.0,15,2025,8,3,33,3,3,1,0,1,0,0,1,0,0,0,0
2025-08-18,S003,Bulldozer,1,1,0.0,0.0,0.0,0.25,1.0,0.5,1.0,0,2025,8,3,34,2,2,1,1,0,0,0,0,1,0,0,0
2025-08-25,S003,Bulldozer,1,1,1.0,0.0,0.0,0.5,1.0,0.5773502691896257,1.0,0,2025,8,3,35,1,1,0,1,0,0,0,0,0,0,1,0
2025-09-01,S003,Bulldozer,1,0,1.0,1.0,0.0,0.75,1.0,0.5,1.0,0,2025,9,3,36,2,2,0,1,1,0,0,0,0,1,1,0
2025-09-08,S003,Bulldozer,0,2,1.0,1.0,0.0,0.75,1.0,0.5,0.0,1,2025,9,3,37,2,2,1,0,1,0,0,0,0,0,0,1
2025-09-15,S003,Bulldozer,2,2,0.0,1.0,1.0,1.0,2.0,0.816496580927726,1.0,0,2025,9,3,38,4,3,1,2,1,0,0,0,2,0,0,1
2025-09-22,S003,Bulldozer,2,0,2.0,0.0,1.0,1.25,2.0,0.9574271077563381,1.0,0,2025,9,3,39,6,5,1,2,1,1,0,1,0,2,2,0
2025-09-29,S003,Bulldozer,0,0,2.0,2.0,1.0,1.0,2.0,1.1547005383792515,-1.0,1,2025,9,3,40,5,5,1,0,1,1,1,1,0,0,2,2
2025-10-06,S003,Bulldozer,0,0,0.0,2.0,0.0,1.0,2.0,1.1547005383792515,0.0,2,2025,10,4,41,3,2,2,0,0,0,1,0,0,0,0,2
2025-10-13,S003,Bulldozer,0,0,0.0,0.0,2.0,0.5,2.0,1.0,-2.0,3,2025,10,4,42,3,2,2,0,0,0,1,0,0,0,0,0
2025-10-20,S003,Bulldozer,0,0,0.0,0.0,2.0,0.0,0.0,0.0,-2.0,4,2025,10,4,43,4,3,1,0,0,1,2,0,0,0,0,0
2025-10-27,S003,Bulldozer,0,1,0.0,0.0,0.0,0.0,0.0,0.0,0.0,5,2025,10,4,44,3,2,0,0,0,1,2,0,0,0,0,0
2025-11-03,S003,Bulldozer,1,1,0.0,0.0,0.0,0.25,1.0,0.5,1.0,0,2025,11,4,45,4,3,0,1,0,1,2,0,1,0,0,0
2025-11-10,S003,Bulldozer,1,0,1.0,0.0,0.0,0.5,1.0,0.5773502691896257,1.0,0,2025,11,4,46,7,5,0,1,2,1,2,1,0,1,1,0
2025-11-17,S003,Bulldozer,0,0,1.0,1.0,0.0,0.5,1.0,0.5773502691896257,0.0,1,2025,11,4,47,3,2,0,0,2,0,0,1,0,0,1,1
2025-11-24,S003,Bulldozer,0,0,0.0,1.0,0.0,0.5,1.0,0.5773502691896257,0.0,2,2025,11,4,48,6,4,1,0,2,1,0,2,0,0,0,1
2025-12-01,S003,Bulldozer,0,0,0.0,0.0,1.0,0.25,1.0,0.5,-1.0,3,2025,12,4,49,5,4,1,0,1,1,0,2,0,0,0,0
2025-12-08,S003,Bulldozer,0,0,0.0,0.0,1.0,0.0,0.0,0.0,-1.0,4,2025,12,4,50,6,3,1,0,3,0,0,2,0,0,0,0
2025-12-15,S003,Bulldozer,0,1,0.0,0.0,0.0,0.0,0.0,0.0,0.0,5,2025,12,4,51,5,3,1,0,3,0,1,0,0,0,0,0
2024-01-01,S003,Crane,0,1,0.0,0.0,0.0,0.0,0.0,0.0,0.0,1,2024,1,1,1,3,3,1,1,0,0,0,1,0,0,0,0
2024-01-08,S003,Crane,1,1,0.0,0.0,0.0,0.0,0.0,0.0,0.0,0,2024,1,1,2,4,4,1,1,0,1,0,1,1,0,0,0
2024-01-15,S003,Crane,1,0,1.0,0.0,0.0,0.0,0.0,0.0,0.0,0,2024,1,1,3,9,6,2,2,2,1,1,1,0,1,1,0
2024-01-22,S003,Crane,0,0,1.0,1.0,0.0,0.5,1.0,0.5773502691896257,0.0,1,2024,1,1,4,9,5,2,2,2,0,1,2,0,0,1,1
2024-01-29,S003,Crane,0,0,0.0,1.0,0.0,0.5,1.0,0.5773502691896257,0.0,2,2024,1,1,5,7,4,2,0,1,0,1,3,0,0,0,1
2024-02-05,S003,Crane,0,0,0.0,0.0,1.0,0.25,1.0,0.5,-1.0,3,2024,2,1,6,7,3,2,2,0,0,0,3,0,0,0,0
2024-02-12,S003,Crane,0,0,0.0,0.0,1.0,0.0,0.0,0.0,-1.0,4,2024,2,1,7,5,4,1,2,1,0,1,0,0,0,0,0
2024-02-19,S003,Crane,0,0,0.0,0.0,0.0,0.0,0.0,0.0,0.0,5,2024,2,1,8,3,3,0,1,1,0,1,0,0,0,0,0
2024-02-26,S003,Crane,0,0,0.0,0.0,0.0,0.0,0.0,0.0,0.0,6,2024,2,1,9,1,1,0,1,0,0,0,0,0,0,0,0
2024-03-04,S003,Crane,0,0,0.0,0.0,0.0,0.0,0.0,0.0,0.0,7,2024,3,1,10,2,2,1,1,0,0,0,0,0,0,0,0
2024-03-11,S003,Crane,0,0,0.0,0.0,0.0,0.0,0.0,0.0,0.0,8,2024,3,1,11,3,3,1,1,1,0,0,0,0,0,0,0
2024-03-18,S003,Crane,0,0,0.0,0.0,0.0,0.0,0.0,0.0,0.0,9,2024,3,1,12,5,5,1,1,1,0,1,1,0,0,0,0
2024-03-25,S003,Crane,0,0,0.0,0.0,0.0,0.0,0.0,0.0,0.0,10,2024,3,1,13,4,4,1,1,0,0,1,1,0,0,0,0
2024-04-01,S003,Crane,0,0,0.0,0.0,0.0,0.0,0.0,0.0,0.0,11,2024,4,2,14,4,3,2,1,1,0,0,0,0,0,0,0
2024-04-08,S003,Crane,0,0,0.0,0.0,0.0,0.0,0.0,0.0,0.0,12,2024,4,2,15,4,3,2,1,1,0,0,0,0,0,0,0
2024-04-15,S003,Crane,0,0,0.0,0.0,0.0,0.0,0.0,0.0,0.0,13,2024,4,2,16,4,2,3,1,0,0,0,0,0,0,0,0
2024-04-22,S003,Crane,0,0,0.0,0.0,0.0,0.0,0.0,0.0,0.0,14,2024,4,2,17,4,2,3,1,0,0,0,0,0,0,0,0
2024-04-29,S003,Crane,0,1,0.0,0.0,0.0,0.0,0.0,0.0,0.0,15,2024,4,2,18,5,3,3,1,0,0,0,1,0,0,0,0
2024-05-06,S003,Crane,1,1,0.0,0.0,0.0,0.25,1.0,0.5,1.0,0,2024,5,2,19,6,4,2,0,1,1,0,2,1,0,0,0
2024-05-13,S003,Crane,1,0,1.0,0.0,0.0,0.5,1.0,0.5773502691896257,1.0,0,2024,5,2,20,6,4,1,0,1,1,0,3,0,1,1,0
2024-05-20,S003,Crane,0,0,1.0,1.0,0.0,0.5,1.0,0.5773502691896257,0.0,1,2024,5,2,21,4,2,1,0,0,0,0,3,0,0,1,1
2024-05-27,S003,Crane,0,0,0.0,1.0,0.0,0.5,1.0,0.5773502691896257,0.0,2,2024,5,2,22,2,1,2,0,0,0,0,0,0,0,0,1
2024-06-03,S003,Crane,0,0,0.0,0.0,1.0,0.25,1.0,0.5,-1.0,3,2024,6,2,23,3,2,2,0,0,0,0,1,0,0,0,0
2024-06-10,S003,Crane,0,0,0.0,0.0,1.0,0.0,0.0,0.0,-1.0,4,2024,6,2,24,3,2,2,0,0,0,0,1,0,0,0,0
2024-06-17,S003,Crane,0,0,0.0,0.0,0.0,0.0,0.0,0.0,0.0,5,2024,6,2,25,1,1,1,0,0,0,0,0,0,0,0,0
2024-06-24,S003,Crane,0,0,0.0,0.0,0.0,0.0,0.0,0.0,0.0,6,2024,6,2,26,1,1,1,0,0,0,0,0,0,0,0,0
2024-07-01,S003,Crane,0,0,0.0,0.0,0.0,0.0,0.0,0.0,0.0,7,2024,7,3,27,2,2,1,0,0,0,1,0,0,0,0,0
2024-07-08,S003,Crane,0,1,0.0,0.0,0.0,0.0,0.0,0.0,0.0,8,2024,7,3,28,2,2,1,0,0,0,1,0,0,0,0,0
2024-07-15,S003,Crane,1,1,0.0,0.0,0.0,0.25,1.0,0.5,1.0,0,2024,7,3,29,4,3,2,0,0,1,1,0,1,0,0,0
2024-07-22,S003,Crane,1,1,1.0,0.0,0.0,0.5,1.0,0.5773502691896257,1.0,0,2024,7,3,30,5,4,2,1,0,1,1,0,0,0,1,0
2024-07-29,S003,Crane,1,0,1.0,1.0,0.0,0.75,1.0,0.5,1.0,0,2024,7,3,31,3,3,0,1,0,1,1,0,0,1,1,0
2024-08-05,S003,Crane,0,0,1.0,1.0,0.0,0.75,1.0,0.5,0.0,1,2024,8,3,32,1,1,1,0,0,0,0,0,0,0,0,1
2024-08-12,S003,Crane,0,0,0.0,1.0,1.0,0.5,1.0,0.5773502691896257,-1.0,2,2024,8,3,33,1,1,1,0,0,0,0,0,0,0,0,1
2024-08-19,S003,Crane,0,0,0.0,0.0,1.0,0.25,1.0,0.5,-1.0,3,2024,8,3,34,3,2,2,1,0,0,0,0,0,0,0,0
2024-08-26,S003,Crane,0,0,0.0,0.0,1.0,0.0,0.0,0.0,-1.0,4,2024,8,3,35,3,2,2,1,0,0,0,0,0,0,0,0
2024-09-02,S003,Crane,0,0,0.0,0.0,0.0,0.0,0.0,0.0,0.0,5,2024,9,3,36,5,3,3,1,1,0,0,0,0,0,0,0
2024-09-09,S003,Crane,0,0,0.0,0.0,0.0,0.0,0.0,0.0,0.0,6,2024,9,3,37,4,2,3,0,1,0,0,0,0,0,0,0
2024-09-16,S003,Crane,0,0,0.0,0.0,0.0,0.0,0.0,0.0,0.0,7,2024,9,3,38,2,2,1,0,1,0,0,0,0,0,0,0
2024-09-23,S003,Crane,0,0,0.0,0.0,0.0,0.0,0.0,0.0,0.0,8,2024,9,3,39,4,3,0,2,1,0,1,0,0,0,0,0
2024-09-30,S003,Crane,0,0,0.0,0.0,0.0,0.0,0.0,0.0,0.0,9,2024,9,3,40,5,3,0,2,1,0,2,0,0,0,0,0
2024-10-07,S003,Crane,0,0,0.0,0.0,0.0,0.0,0.0,0.0,0.0,10,2024,10,4,41,4,1,0,0,0,0,4,0,0,0,0,0
2024-10-14,S003,Crane,0,0,0.0,0.0,0.0,0.0,0.0,0.0,0.0,11,2024,10,4,42,4,1,0,0,0,0,4,0,0,0,0,0
2024-10-21,S003,Crane,0,0,0.0,0.0,0.0,0.0,0.0,0.0,0.0,12,2024,10,4,43,4,3,1,1,0,0,2,0,0,0,0,0
2024-10-28,S003,Crane,0,0,0.0,0.0,0.0,0.0,0.0,0.0,0.0,13,2024,10,4,44,3,3,1,1,0,0,1,0,0,0,0,0
2024-11-04,S003,Crane,0,1,0.0,0.0,0.0,0.0,0.0,0.0,0.0,14,2024,11,4,45,6,5,1,2,1,0,1,1,0,0,0,0
2024-11-11,S003,Crane,1,1,0.0,0.0,0.0,0.25,1.0,0.5,1.0,0,2024,11,4,46,8,6,1,2,2,1,1,1,1,0,0,0
2024-11-18,S003,Crane,1,0,1.0,0.0,0.0,0.5,1.0,0.5773502691896257,1.0,0,2024,11,4,47,7,6,1,1,2,1,1,1,0,1,1,0
2024-11-25,S003,Crane,0,0,1.0,1.0,0.0,0.5,1.0,0.5773502691896257,0.0,1,2024,11,4,48,5,4,0,1,2,0,1,1,0,0,1,1
2024-12-02,S003,Crane,0,0,0.0,1.0,0.0,0.5,1.0,0.5773502691896257,0.0,2,2024,12,4,49,4,3,0,1,2,0,0,1,0,0,0,1
2024-12-09,S003,Crane,0,0,0.0,0.0,1.0,0.25,1.0,0.5,-1.0,3,2024,12,4,50,2,2,0,1,1,0,0,0,0,0,0,0
2024-12-16,S003,Crane,0,0,0.0,0.0,1.0,0.0,0.0,0.0,-1.0,4,2024,12,4,51,2,2,0,1,1,0,0,0,0,0,0,0
2024-12-23,S003,Crane,0,0,0.0,0.0,0.0,0.0,0.0,0.0,0.0,5,2024,12,4,52,1,1,0,1,0,0,0,0,0,0,0,0
2024-12-30,S003,Crane,0,0,0.0,0.0,0.0,0.0,0.0,0.0,0.0,6,2024,12,4,1,3,3,1,1,1,0,0,0,0,0,0,0
2025-01-06,S003,Crane,0,0,0.0,0.0,0.0,0.0,0.0,0.0,0.0,7,2025,1,1,2,3,3,1,1,1,0,0,0,0,0,0,0
2025-01-13,S003,Crane,0,0,0.0,0.0,0.0,0.0,0.0,0.0,0.0,8,2025,1,1,3,3,3,1,1,0,0,0,1,0,0,0,0
2025-01-20,S003,Crane,0,0,0.0,0.0,0.0,0.0,0.0,0.0,0.0,9,2025,1,1,4,5,4,1,1,1,0,0,2,0,0,0,0
2025-01-27,S003,Crane,0,0,0.0,0.0,0.0,0.0,0.0,0.0,0.0,10,2025,1,1,5,3,2,0,0,1,0,0,2,0,0,0,0
2025-02-03,S003,Crane,0,1,0.0,0.0,0.0,0.0,0.0,0.0,0.0,11,2025,2,1,6,4,3,1,0,0,0,1,2,0,0,0,0
2025-02-10,S003,Crane,1,1,0.0,0.0,0.0,0.25,1.0,0.5,1.0,0,2025,2,1,7,5,4,1,0,0,1,2,1,1,0,0,0
2025-02-17,S003,Crane,1,1,1.0,0.0,0.0,0.5,1.0,0.5773502691896257,1.0,0,2025,2,1,8,6,4,1,0,0,1,2,2,0,1,1,0
2025-02-24,S003,Crane,1,1,1.0,1.0,0.0,0.75,1.0,0.5,1.0,0,2025,2,1,9,6,4,1,0,0,1,2,2,1,0,1,1
2025-03-03,S003,Crane,1,1,1.0,1.0,0.0,1.0,1.0,0.0,1.0,0,2025,3,1,10,4,4,1,0,0,1,1,1,0,1,1,1
2025-03-10,S003,Crane,1,1,1.0,1.0,1.0,1.0,1.0,0.0,0.0,0,2025,3,1,11,6,5,1,0,1,1,1,2,1,0,1,1
2025-03-17,S003,Crane,1,0,1.0,1.0,1.0,1.0,1.0,0.0,0.0,0,2025,3,1,12,6,4,0,0,1,1,2,2,0,1,1,1
2025-03-24,S003,Crane,0,0,1.0,1.0,1.0,0.75,1.0,0.5,-1.0,1,2025,3,1,13,4,2,0,0,0,0,2,2,0,0,1,1
2025-03-31,S003,Crane,0,0,0.0,1.0,1.0,0.5,1.0,0.5773502691896257,-1.0,2,2025,3,1,14,2,2,0,0,0,0,1,1,0,0,0,1
2025-04-07,S003,Crane,0,1,0.0,0.0,1.0,0.25,1.0,0.5,-1.0,3,2025,4,2,15,4,1,0,0,0,0,0,4,0,0,0,0
2025-04-14,S003,Crane,1,1,0.0,0.0,1.0,0.25,1.0,0.5,0.0,0,2025,4,2,16,5,2,0,0,0,1,0,4,1,0,0,0
2025-04-21,S003,Crane,1,1,1.0,0.0,0.0,0.5,1.0,0.5773502691896257,1.0,0,2025,4,2,17,6,3,0,2,0,1,0,3,0,1,1,0
2025-04-28,S003,Crane,1,1,1.0,1.0,0.0,0.75,1.0,0.5,1.0,0,2025,4,2,18,4,3,0,2,0,1,0,1,1,0,1,1
2025-05-05,S003,Crane,1,0,1.0,1.0,0.0,1.0,1.0,0.0,1.0,0,2025,5,2,19,3,3,0,0,0,1,1,1,0,1,1,1
2025-05-12,S003,Crane,0,0,1.0,1.0,1.0,0.75,1.0,0.5,-1.0,1,2025,5,2,20,2,2,0,0,0,0,1,1,0,0,1,1
2025-05-19,S003,Crane,0,0,0.0,1.0,1.0,0.5,1.0,0.5773502691896257,-1.0,2,2025,5,2,21,1,1,0,0,0,0,0,1,0,0,0,1
2025-05-26,S003,Crane,0,0,0.0,0.0,1.0,0.25,1.0,0.5,-1.0,3,2025,5,2,22,2,2,0,0,0,0,1,1,0,0,0,0
2025-06-02,S003,Crane,0,0,0.0,0.0,1.0,0.0,0.0,0.0,-1.0,4,2025,6,2,23,2,2,0,0,0,0,1,1,0,0,0,0
2025-06-09,S003,Crane,0,0,0.0,0.0,0.0,0.0,0.0,0.0,0.0,5,2025,6,2,24,2,2,0,0,0,0,1,1,0,0,0,0
2025-06-16,S003,Crane,0,0,0.0,0.0,0.0,0.0,0.0,0.0,0.0,6,2025,6,2,25,2,2,0,0,0,0,1,1,0,0,0,0
2025-06-23,S003,Crane,0,0,0.0,0.0,0.0,0.0,0.0,0.0,0.0,7,2025,6,2,26,2,2,0,0,1,0,0,1,0,0,0,0
2025-06-30,S003,Crane,0,0,0.0,0.0,0.0,0.0,0.0,0.0,0.0,8,2025,6,2,27,4,2,0,0,3,0,0,1,0,0,0,0
2025-07-07,S003,Crane,0,0,0.0,0.0,0.0,0.0,0.0,0.0,0.0,9,2025,7,3,28,4,2,0,0,3,0,0,1,0,0,0,0
2025-07-14,S003,Crane,0,0,0.0,0.0,0.0,0.0,0.0,0.0,0.0,10,2025,7,3,29,4,3,0,0,2,0,1,1,0,0,0,0
2025-07-21,S003,Crane,0,0,0.0,0.0,0.0,0.0,0.0,0.0,0.0,11,2025,7,3,30,3,3,0,0,1,0,1,1,0,0,0,0
2025-07-28,S003,Crane,0,0,0.0,0.0,0.0,0.0,0.0,0.0,0.0,12,2025,7,3,31,2,2,0,0,1,0,0,1,0,0,0,0
2025-08-04,S003,Crane,0,0,0.0,0.0,0.0,0.0,0.0,0.0,0.0,13,2025,8,3,32,3,3,1,0,1,0,0,1,0,0,0,0
2025-08-11,S003,Crane,0,0,0.0,0.0,0.0,0.0,0.0,0.0,0.0,14,2025,8,3,33,3,3,1,0,1,0,0,1,0,0,0,0
2025-08-18,S003,Crane,0,0,0.0,0.0,0.0,0.0,0.0,0.0,0.0,15,2025,8,3,34,2,2,1,1,0,0,0,0,0,0,0,0
2025-08-25,S003,Crane,0,0,0.0,0.0,0.0,0.0,0.0,0.0,0.0,16,2025,8,3,35,1,1,0,1,0,0,0,0,0,0,0,0
2025-09-01,S003,Crane,0,0,0.0,0.0,0.0,0.0,0.0,0.0,0.0,17,2025,9,3,36,2,2,0,1,1,0,0,0,0,0,0,0
2025-09-08,S003,Crane,0,0,0.0,0.0,0.0,0.0,0.0,0.0,0.0,18,2025,9,3,37,2,2,1,0,1,0,0,0,0,0,0,0
2025-09-15,S003,Crane,0,1,0.0,0.0,0.0,0.0,0.0,0.0,0.0,19,2025,9,3,38,4,3,1,2,1,0,0,0,0,0,0,0
2025-09-22,S003,Crane,1,1,0.0,0.0,0.0,0.25,1.0,0.5,1.0,0,2025,9,3,39,6,5,1,2,1,1,0,1,1,0,0,0
2025-09-29,S003,Crane,1,0,1.0,0.0,0.0,0.5,1.0,0.5773502691896257,1.0,0,2025,9,3,40,5,5,1,0,1,1,1,1,0,1,1,0
2025-10-06,S003,Crane,0,0,1.0,1.0,0.0,0.5,1.0,0.5773502691896257,0.0,1,2025,10,4,41,3,2,2,0,0,0,1,0,0,0,1,1
2025-10-13,S003,Crane,0,1,0.0,1.0,0.0,0.5,1.0,0.5773502691896257,0.0,2,2025,10,4,42,3,2,2,0,0,0,1,0,0,0,0,1
2025-10-20,S003,Crane,1,1,0.0,0.0,1.0,0.5,1.0,0.5773502691896257,0.0,0,2025,10,4,43,4,3,1,0,0,1,2,0,1,0,0,0
2025-10-27,S003,Crane,1,1,1.0,0.0,1.0,0.5,1.0,0.5773502691896257,0.0,0,2025,10,4,44,3,2,0,0,0,1,2,0,0,1,1,0
2025-11-03,S003,Crane,1,1,1.0,1.0,0.0,0.75,1.0,0.5,1.0,0,2025,11,4,45,4,3,0,1,0,1,2,0,1,0,1,1
2025-11-10,S003,Crane,1,0,1.0,1.0,0.0,1.0,1.0,0.0,1.0,0,2025,11,4,46,7,5,0,1,2,1,2,1,0,1,1,1
2025-11-17,S003,Crane,0,1,1.0,1.0,1.0,0.75,1.0,0.5,-1.0,1,2025,11,4,47,3,2,0,0,2,0,0,1,0,0,1,1
2025-11-24,S003,Crane,1,1,0.0,1.0,1.0,0.75,1.0,0.5,0.0,0,2025,11,4,48,6,4,1,0,2,1,0,2,1,0,0,1
2025-12-01,S003,Crane,1,0,1.0,0.0,1.0,0.75,1.0,0.5,0.0,0,2025,12,4,49,5,4,1,0,1,1,0,2,0,1,1,0
2025-12-08,S003,Crane,0,0,1.0,1.0,1.0,0.5,1.0,0.5773502691896257,-1.0,1,2025,12,4,50,6,3,1,0,3,0,0,2,0,0,1,1
2025-12-15,S003,Crane,0,0,0.0,1.0,0.0,0.5,1.0,0.5773502691896257,0.0,2,2025,12,4,51,5,3,1,0,3,0,1,0,0,0,0,1
2024-01-01,S003,Excavator,1,1,0.0,0.0,0.0,0.0,0.0,0.0,0.0,0,2024,1,1,1,3,3,1,1,0,0,0,1,1,0,0,0
2024-01-08,S003,Excavator,1,2,1.0,0.0,0.0,0.0,0.0,0.0,0.0,0,2024,1,1,2,4,4,1,1,0,1,0,1,0,0,1,0
2024-01-15,S003,Excavator,2,2,1.0,1.0,0.0,0.0,0.0,0.0,0.0,0,2024,1,1,3,9,6,2,2,2,1,1,1,1,0,1,0
2024-01-22,S003,Excavator,2,2,2.0,1.0,0.0,1.5,2.0,0.5773502691896257,0.0,0,2024,1,1,4,9,5,2,2,2,0,1,2,0,1,1,0
2024-01-29,S003,Excavator,2,2,2.0,2.0,1.0,1.75,2.0,0.5,1.0,0,2024,1,1,5,7,4,2,0,1,0,1,3,1,0,1,1
2024-02-05,S003,Excavator,2,1,2.0,2.0,1.0,2.0,2.0,0.0,1.0,0,2024,2,1,6,7,3,2,2,0,0,0,3,0,1,1,1
2024-02-12,S003,Excavator,1,0,2.0,2.0,2.0,1.75,2.0,0.5,-1.0,0,2024,2,1,7,5,4,1,2,1,0,1,0,0,1,1,1
2024-02-19,S003,Excavator,0,0,1.0,2.0,2.0,1.25,2.0,0.9574271077563381,-2.0,1,2024,2,1,8,3,3,0,1,1,0,1,0,0,0,0,2
2024-02-26,S003,Excavator,0,1,0.0,1.0,2.0,0.75,2.0,0.9574271077563381,-2.0,2,2024,2,1,9,1,1,0,1,0,0,0,0,0,0,0,1
2024-03-04,S003,Excavator,1,1,0.0,0.0,2.0,0.5,1.0,0.5773502691896257,-1.0,0,2024,3,1,10,2,2,1,1,0,0,0,0,1,0,0,0
2024-03-11,S003,Excavator,1,1,1.0,0.0,1.0,0.5,1.0,0.5773502691896257,0.0,0,2024,3,1,11,3,3,1,1,1,0,0,0,0,1,1,0
2024-03-18,S003,Excavator,1,1,1.0,1.0,0.0,0.75,1.0,0.49999999999999994,1.0,0,2024,3,1,12,5,5,1,1,1,0,1,1,1,0,1,1
2024-03-25,S003,Excavator,1,2,1.0,1.0,0.0,1.0,1.0,0.0,1.0,0,2024,3,1,13,4,4,1,1,0,0,1,1,0,1,1,1
2024-04-01,S003,Excavator,2,2,1.0,1.0,1.0,1.25,2.0,0.5,1.0,0,2024,4,2,14,4,3,2,1,1,0,0,0,2,0,1,1
2024-04-08,S003,Excavator,2,3,2.0,1.0,1.0,1.5,2.0,0.5773502691896257,1.0,0,2024,4,2,15,4,3,2,1,1,0,0,0,0,0,2,1
2024-04-15,S003,Excavator,3,3,2.0,2.0,1.0,2.0,3.0,0.816496580927726,2.0,0,2024,4,2,16,4,2,3,1,0,0,0,0,1,0,2,0
2024-04-22,S003,Excavator,3,3,3.0,2.0,1.0,2.5,3.0,0.5773502691896257,2.0,0,2024,4,2,17,4,2,3,1,0,0,0,0,0,0,1,0
2024-04-29,S003,Excavator,3,2,3.0,3.0,2.0,2.75,3.0,0.49999999999999994,1.0,0,2024,4,2,18,5,3,3,1,0,0,0,1,0,1,1,0
2024-05-06,S003,Excavator,2,1,3.0,3.0,2.0,2.75,3.0,0.5,0.0,0,2024,5,2,19,6,4,2,0,1,1,0,2,0,2,0,1
2024-05-13,S003,Excavator,1,1,2.0,3.0,3.0,2.25,3.0,0.957427107756338,-2.0,0,2024,5,2,20,6,4,1,0,1,1,0,3,1,0,0,3
2024-05-20,S003,Excavator,1,2,1.0,2.0,3.0,1.75,3.0,0.957427107756338,-2.0,0,2024,5,2,21,4,2,1,0,0,0,0,3,0,0,1,2
2024-05-27,S003,Excavator,2,2,1.0,1.0,3.0,1.5,2.0,0.5773502691896256,-1.0,0,2024,5,2,22,2,1,2,0,0,0,0,0,1,0,1,0
2024-06-03,S003,Excavator,2,2,2.0,1.0,2.0,1.5,2.0,0.5773502691896256,0.0,0,2024,6,2,23,3,2,2,0,0,0,0,1,0,0,1,0
2024-06-10,S003,Excavator,2,1,2.0,2.0,1.0,1.75,2.0,0.4999999999999998,1.0,0,2024,6,2,24,3,2,2,0,0,0,0,1,0,2,1,0
2024-06-17,S003,Excavator,1,1,2.0,2.0,1.0,1.75,2.0,0.5,0.0,0,2024,6,2,25,1,1,1,0,0,0,0,0,1,0,0,2
2024-06-24,S003,Excavator,1,1,1.0,2.0,2.0,1.5,2.0,0.5773502691896257,-1.0,0,2024,6,2,26,1,1,1,0,0,0,0,0,0,1,1,2
2024-07-01,S003,Excavator,1,1,1.0,1.0,2.0,1.25,2.0,0.5,-1.0,0,2024,7,3,27,2,2,1,0,0,0,1,0,1,0,1,1
2024-07-08,S003,Excavator,1,2,1.0,1.0,2.0,1.0,1.0,0.0,-1.0,0,2024,7,3,28,2,2,1,0,0,0,1,0,0,0,1,1
2024-07-15,S003,Excavator,2,2,1.0,1.0,1.0,1.25,2.0,0.5,1.0,0,2024,7,3,29,4,3,2,0,0,1,1,0,1,0,1,0
2024-07-22,S003,Excavator,2,0,2.0,1.0,1.0,1.5,2.0,0.5773502691896257,1.0,0,2024,7,3,30,5,4,2,1,0,1,1,0,0,2,1,0
2024-07-29,S003,Excavator,0,1,2.0,2.0,1.0,1.25,2.0,0.9574271077563381,-1.0,1,2024,7,3,31,3,3,0,1,0,1,1,0,0,0,1,2
2024-08-05,S003,Excavator,1,1,0.0,2.0,1.0,1.25,2.0,0.9574271077563381,0.0,0,2024,8,3,32,1,1,1,0,0,0,0,0,1,0,0,2
2024-08-12,S003,Excavator,1,2,1.0,0.0,2.0,1.0,2.0,0.816496580927726,-1.0,0,2024,8,3,33,1,1,1,0,0,0,0,0,0,0,1,0
2024-08-19,S003,Excavator,2,2,1.0,1.0,2.0,1.0,2.0,0.816496580927726,0.0,0,2024,8,3,34,3,2,2,1,0,0,0,0,1,0,1,0
2024-08-26,S003,Excavator,2,3,2.0,1.0,0.0,1.5,2.0,0.5773502691896257,2.0,0,2024,8,3,35,3,2,2,1,0,0,0,0,0,1,1,0
2024-09-02,S003,Excavator,3,3,2.0,2.0,1.0,2.0,3.0,0.816496580927726,2.0,0,2024,9,3,36,5,3,3,1,1,0,0,0,2,0,1,1
2024-09-09,S003,Excavator,3,1,3.0,2.0,1.0,2.5,3.0,0.5773502691896257,2.0,0,2024,9,3,37,4,2,3,0,1,0,0,0,0,2,2,1
2024-09-16,S003,Excavator,1,0,3.0,3.0,2.0,2.25,3.0,0.957427107756338,-1.0,0,2024,9,3,38,2,2,1,0,1,0,0,0,0,1,2,2
2024-09-23,S003,Excavator,0,0,1.0,3.0,2.0,1.75,3.0,1.5,-2.0,1,2024,9,3,39,4,3,0,2,1,0,1,0,0,0,0,3
2024-09-30,S003,Excavator,0,0,0.0,1.0,3.0,1.0,3.0,1.414213562373095,-3.0,2,2024,9,3,40,5,3,0,2,1,0,2,0,0,0,0,1
2024-10-07,S003,Excavator,0,0,0.0,0.0,3.0,0.25,1.0,0.4999999999999998,-3.0,3,2024,10,4,41,4,1,0,0,0,0,4,0,0,0,0,0
2024-10-14,S003,Excavator,0,1,0.0,0.0,1.0,0.0,0.0,0.0,-1.0,4,2024,10,4,42,4,1,0,0,0,0,4,0,0,0,0,0
2024-10-21,S003,Excavator,1,1,0.0,0.0,0.0,0.25,1.0,0.5,1.0,0,2024,10,4,43,4,3,1,1,0,0,2,0,1,0,0,0
2024-10-28,S003,Excavator,1,1,1.0,0.0,0.0,0.5,1.0,0.5773502691896257,1.0,0,2024,10,4,44,3,3,1,1,0,0,1,0,0,0,1,0
2024-11-04,S003,Excavator,1,1,1.0,1.0,0.0,0.75,1.0,0.5,1.0,0,2024,11,4,45,6,5,1,2,1,0,1,1,0,1,1,0
2024-11-11,S003,Excavator,1,1,1.0,1.0,0.0,1.0,1.0,0.0,1.0,0,2024,11,4,46,8,6,1,2,2,1,1,1,1,0,0,1
2024-11-18,S003,Excavator,1,0,1.0,1.0,1.0,1.0,1.0,0.0,0.0,0,2024,11,4,47,7,6,1,1,2,1,1,1,0,1,1,1
2024-11-25,S003,Excavator,0,0,1.0,1.0,1.0,0.75,1.0,0.5,-1.0,1,2024,11,4,48,5,4,0,1,2,0,1,1,0,0,1,1
2024-12-02,S003,Excavator,0,0,0.0,1.0,1.0,0.5,1.0,0.5773502691896257,-1.0,2,2024,12,4,49,4,3,0,1,2,0,0,1,0,0,0,1
2024-12-09,S003,Excavator,0,0,0.0,0.0,1.0,0.25,1.0,0.5,-1.0,3,2024,12,4,50,2,2,0,1,1,0,0,0,0,0,0,0
2024-12-16,S003,Excavator,0,0,0.0,0.0,1.0,0.0,0.0,0.0,-1.0,4,2024,12,4,51,2,2,0,1,1,0,0,0,0,0,0,0
2024-12-23,S003,Excavator,0,1,0.0,0.0,0.0,0.0,0.0,0.0,0.0,5,2024,12,4,52,1,1,0,1,0,0,0,0,0,0,0,0
2024-12-30,S003,Excavator,1,1,0.0,0.0,0.0,0.25,1.0,0.5,1.0,0,2024,12,4,1,3,3,1,1,1,0,0,0,1,0,0,0
2025-01-06,S003,Excavator,1,1,1.0,0.0,0.0,0.5,1.0,0.5773502691896257,1.0,0,2025,1,1,2,3,3,1,1,1,0,0,0,0,1,1,0
2025-01-13,S003,Excavator,1,1,1.0,1.0,0.0,0.75,1.0,0.5,1.0,0,2025,1,1,3,3,3,1,1,0,0,0,1,1,0,1,1
2025-01-20,S003,Excavator,1,0,1.0,1.0,0.0,1.0,1.0,0.0,1.0,0,2025,1,1,4,5,4,1,1,1,0,0,2,0,1,1,1
2025-01-27,S003,Excavator,0,1,1.0,1.0,1.0,0.75,1.0,0.5,-1.0,1,2025,1,1,5,3,2,0,0,1,0,0,2,0,0,1,1
2025-02-03,S003,Excavator,1,1,0.0,1.0,1.0,0.75,1.0,0.5,0.0,0,2025,2,1,6,4,3,1,0,0,0,1,2,1,0,0,1
2025-02-10,S003,Excavator,1,1,1.0,0.0,1.0,0.75,1.0,0.5,0.0,0,2025,2,1,7,5,4,1,0,0,1,2,1,0,0,1,0
2025-02-17,S003,Excavator,1,1,1.0,1.0,1.0,0.75,1.0,0.5,0.0,0,2025,2,1,8,6,4,1,0,0,1,2,2,0,1,1,0
2025-02-24,S003,Excavator,1,1,1.0,1.0,0.0,1.0,1.0,0.0,1.0,0,2025,2,1,9,6,4,1,0,0,1,2,2,1,0,0,1
2025-03-03,S003,Excavator,1,1,1.0,1.0,1.0,1.0,1.0,0.0,0.0,0,2025,3,1,10,4,4,1,0,0,1,1,1,0,0,1,1
2025-03-10,S003,Excavator,1,0,1.0,1.0,1.0,1.0,1.0,0.0,0.0,0,2025,3,1,11,6,5,1,0,1,1,1,2,0,1,1,0
2025-03-17,S003,Excavator,0,0,1.0,1.0,1.0,0.75,1.0,0.5,-1.0,1,2025,3,1,12,6,4,0,0,1,1,2,2,0,0,0,1
2025-03-24,S003,Excavator,0,0,0.0,1.0,1.0,0.5,1.0,0.5773502691896257,-1.0,2,2025,3,1,13,4,2,0,0,0,0,2,2,0,0,0,1
2025-03-31,S003,Excavator,0,0,0.0,0.0,1.0,0.25,1.0,0.5,-1.0,3,2025,3,1,14,2,2,0,0,0,0,1,1,0,0,0,0
2025-04-07,S003,Excavator,0,0,0.0,0.0,1.0,0.0,0.0,0.0,-1.0,4,2025,4,2,15,4,1,0,0,0,0,0,4,0,0,0,0
2025-04-14,S003,Excavator,0,0,0.0,0.0,0.0,0.0,0.0,0.0,0.0,5,2025,4,2,16,5,2,0,0,0,1,0,4,0,0,0,0
2025-04-21,S003,Excavator,0,0,0.0,0.0,0.0,0.0,0.0,0.0,0.0,6,2025,4,2,17,6,3,0,2,0,1,0,3,0,0,0,0
2025-04-28,S003,Excavator,0,0,0.0,0.0,0.0,0.0,0.0,0.0,0.0,7,2025,4,2,18,4,3,0,2,0,1,0,1,0,0,0,0
2025-05-05,S003,Excavator,0,0,0.0,0.0,0.0,0.0,0.0,0.0,0.0,8,2025,5,2,19,3,3,0,0,0,1,1,1,0,0,0,0
2025-05-12,S003,Excavator,0,0,0.0,0.0,0.0,0.0,0.0,0.0,0.0,9,2025,5,2,20,2,2,0,0,0,0,1,1,0,0,0,0
2025-05-19,S003,Excavator,0,0,0.0,0.0,0.0,0.0,0.0,0.0,0.0,10,2025,5,2,21,1,1,0,0,0,0,0,1,0,0,0,0
2025-05-26,S003,Excavator,0,0,0.0,0.0,0.0,0.0,0.0,0.0,0.0,11,2025,5,2,22,2,2,0,0,0,0,1,1,0,0,0,0
2025-06-02,S003,Excavator,0,0,0.0,0.0,0.0,0.0,0.0,0.0,0.0,12,2025,6,2,23,2,2,0,0,0,0,1,1,0,0,0,0
2025-06-09,S003,Excavator,0,0,0.0,0.0,0.0,0.0,0.0,0.0,0.0,13,2025,6,2,24,2,2,0,0,0,0,1,1,0,0,0,0
2025-06-16,S003,Excavator,0,0,0.0,0.0,0.0,0.0,0.0,0.0,0.0,14,2025,6,2,25,2,2,0,0,0,0,1,1,0,0,0,0
2025-06-23,S003,Excavator,0,0,0.0,0.0,0.0,0.0,0.0,0.0,0.0,15,2025,6,2,26,2,2,0,0,1,0,0,1,0,0,0,0
2025-06-30,S003,Excavator,0,0,0.0,0.0,0.0,0.0,0.0,0.0,0.0,16,2025,6,2,27,4,2,0,0,3,0,0,1,0,0,0,0
2025-07-07,S003,Excavator,0,0,0.0,0.0,0.0,0.0,0.0,0.0,0.0,17,2025,7,3,28,4,2,0,0,3,0,0,1,0,0,0,0
2025-07-14,S003,Excavator,0,0,0.0,0.0,0.0,0.0,0.0,0.0,0.0,18,2025,7,3,29,4,3,0,0,2,0,1,1,0,0,0,0
2025-07-21,S003,Excavator,0,0,0.0,0.0,0.0,0.0,0.0,0.0,0.0,19,2025,7,3,30,3,3,0,0,1,0,1,1,0,0,0,0
2025-07-28,S003,Excavator,0,1,0.0,0.0,0.0,0.0,0.0,0.0,0.0,20,2025,7,3,31,2,2,0,0,1,0,0,1,0,0,0,0
2025-08-04,S003,Excavator,1,1,0.0,0.0,0.0,0.25,1.0,0.5,1.0,0,2025,8,3,32,3,3,1,0,1,0,0,1,1,0,0,0
2025-08-11,S003,Excavator,1,1,1.0,0.0,0.0,0.5,1.0,0.5773502691896257,1.0,0,2025,8,3,33,3,3,1,0,1,0,0,1,0,0,1,0
2025-08-18,S003,Excavator,1,0,1.0,1.0,0.0,0.75,1.0,0.5,1.0,0,2025,8,3,34,2,2,1,1,0,0,0,0,0,1,1,0
2025-08-25,S003,Excavator,0,0,1.0,1.0,0.0,0.75,1.0,0.5,0.0,1,2025,8,3,35,1,1,0,1,0,0,0,0,0,0,0,1
2025-09-01,S003,Excavator,0,1,0.0,1.0,1.0,0.5,1.0,0.5773502691896257,-1.0,2,2025,9,3,36,2,2,0,1,1,0,0,0,0,0,0,1
2025-09-08,S003,Excavator,1,1,0.0,0.0,1.0,0.5,1.0,0.5773502691896257,0.0,0,2025,9,3,37,2,2,1,0,1,0,0,0,1,0,0,0
2025-09-15,S003,Excavator,1,1,1.0,0.0,1.0,0.5,1.0,0.5773502691896257,0.0,0,2025,9,3,38,4,3,1,2,1,0,0,0,0,0,1,0
2025-09-22,S003,Excavator,1,1,1.0,1.0,0.0,0.75,1.0,0.5,1.0,0,2025,9,3,39,6,5,1,2,1,1,0,1,0,0,1,0
2025-09-29,S003,Excavator,1,2,1.0,1.0,0.0,1.0,1.0,0.0,1.0,0,2025,9,3,40,5,5,1,0,1,1,1,1,0,1,0,0
2025-10-06,S003,Excavator,2,2,1.0,1.0,1.0,1.25,2.0,0.5,1.0,0,2025,10,4,41,3,2,2,0,0,0,1,0,2,0,0,1
2025-10-13,S003,Excavator,2,1,2.0,1.0,1.0,1.5,2.0,0.5773502691896257,1.0,0,2025,10,4,42,3,2,2,0,0,0,1,0,0,1,2,1
2025-10-20,S003,Excavator,1,0,2.0,2.0,1.0,1.5,2.0,0.5773502691896257,0.0,0,2025,10,4,43,4,3,1,0,0,1,2,0,0,1,2,1
2025-10-27,S003,Excavator,0,0,1.0,2.0,1.0,1.25,2.0,0.9574271077563381,-1.0,1,2025,10,4,44,3,2,0,0,0,1,2,0,0,0,0,2
2025-11-03,S003,Excavator,0,0,0.0,1.0,2.0,0.75,2.0,0.9574271077563381,-2.0,2,2025,11,4,45,4,3,0,1,0,1,2,0,0,0,0,1
2025-11-10,S003,Excavator,0,0,0.0,0.0,2.0,0.25,1.0,0.49999999999999994,-2.0,3,2025,11,4,46,7,5,0,1,2,1,2,1,0,0,0,0
2025-11-17,S003,Excavator,0,1,0.0,0.0,1.0,0.0,0.0,0.0,-1.0,4,2025,11,4,47,3,2,0,0,2,0,0,1,0,0,0,0
2025-11-24,S003,Excavator,1,1,0.0,0.0,0.0,0.25,1.0,0.5,1.0,0,2025,11,4,48,6,4,1,0,2,1,0,2,1,0,0,0
2025-12-01,S003,Excavator,1,1,1.0,0.0,0.0,0.5,1.0,0.5773502691896257,1.0,0,2025,12,4,49,5,4,1,0,1,1,0,2,0,0,1,0
2025-12-08,S003,Excavator,1,1,1.0,1.0,0.0,0.75,1.0,0.5,1.0,0,2025,12,4,50,6,3,1,0,3,0,0,2,0,1,1,0
2025-12-15,S003,Excavator,1,2,1.0,1.0,0.0,1.0,1.0,0.0,1.0,0,2025,12,4,51,5,3,1,0,3,0,1,0,1,0,0,1
2024-01-01,S003,Grader,0,0,0.0,0.0,0.0,0.0,0.0,0.0,0.0,1,2024,1,1,1,3,3,1,1,0,0,0,1,0,0,0,0
2024-01-08,S003,Grader,0,2,0.0,0.0,0.0,0.0,0.0,0.0,0.0,2,2024,1,1,2,4,4,1,1,0,1,0,1,0,0,0,0
2024-01-15,S003,Grader,2,2,0.0,0.0,0.0,0.0,0.0,0.0,0.0,0,2024,1,1,3,9,6,2,2,2,1,1,1,2,0,0,0
2024-01-22,S003,Grader,2,1,2.0,0.0,0.0,1.0,2.0,1.1547005383792515,0.0,0,2024,1,1,4,9,5,2,2,2,0,1,2,0,1,2,0
2024-01-29,S003,Grader,1,0,2.0,2.0,0.0,1.25,2.0,0.9574271077563382,1.0,0,2024,1,1,5,7,4,2,0,1,0,1,3,0,1,2,1
2024-02-05,S003,Grader,0,1,1.0,2.0,0.0,1.25,2.0,0.9574271077563382,0.0,1,2024,2,1,6,7,3,2,2,0,0,0,3,0,0,0,2
2024-02-12,S003,Grader,1,1,0.0,1.0,2.0,1.0,2.0,0.8164965809277261,-1.0,0,2024,2,1,7,5,4,1,2,1,0,1,0,1,0,0,1
2024-02-19,S003,Grader,1,0,1.0,0.0,2.0,0.75,1.0,0.5000000000000001,-1.0,0,2024,2,1,8,3,3,0,1,1,0,1,0,0,1,1,0
2024-02-26,S003,Grader,0,0,1.0,1.0,1.0,0.5,1.0,0.5773502691896258,-1.0,1,2024,2,1,9,1,1,0,1,0,0,0,0,0,0,1,1
2024-03-04,S003,Grader,0,1,0.0,1.0,0.0,0.5,1.0,0.5773502691896258,0.0,2,2024,3,1,10,2,2,1,1,0,0,0,0,0,0,0,1
2024-03-11,S003,Grader,1,1,0.0,0.0,1.0,0.5,1.0,0.5773502691896258,0.0,0,2024,3,1,11,3,3,1,1,1,0,0,0,1,0,0,0
2024-03-18,S003,Grader,1,0,1.0,0.0,1.0,0.5,1.0,0.5773502691896258,0.0,0,2024,3,1,12,5,5,1,1,1,0,1,1,0,1,1,0
2024-03-25,S003,Grader,0,1,1.0,1.0,0.0,0.5,1.0,0.5773502691896258,0.0,1,2024,3,1,13,4,4,1,1,0,0,1,1,0,0,1,1
2024-04-01,S003,Grader,1,1,0.0,1.0,0.0,0.75,1.0,0.5000000000000001,1.0,0,2024,4,2,14,4,3,2,1,1,0,0,0,1,0,0,1
2024-04-08,S003,Grader,1,0,1.0,0.0,1.0,0.75,1.0,0.5000000000000001,0.0,0,2024,4,2,15,4,3,2,1,1,0,0,0,0,1,1,0
2024-04-15,S003,Grader,0,0,1.0,1.0,1.0,0.5,1.0,0.5773502691896258,-1.0,1,2024,4,2,16,4,2,3,1,0,0,0,0,0,0,1,1
2024-04-22,S003,Grader,0,0,0.0,1.0,0.0,0.5,1.0,0.5773502691896258,0.0,2,2024,4,2,17,4,2,3,1,0,0,0,0,0,0,0,1
2024-04-29,S003,Grader,0,1,0.0,0.0,1.0,0.25,1.0,0.5000000000000001,-1.0,3,2024,4,2,18,5,3,3,1,0,0,0,1,0,0,0,0
2024-05-06,S003,Grader,1,1,0.0,0.0,1.0,0.25,1.0,0.5,0.0,0,2024,5,2,19,6,4,2,0,1,1,0,2,1,0,0,0
2024-05-13,S003,Grader,1,0,1.0,0.0,0.0,0.5,1.0,0.5773502691896257,1.0,0,2024,5,2,20,6,4,1,0,1,1,0,3,0,1,1,0
2024-05-20,S003,Grader,0,0,1.0,1.0,0.0,0.5,1.0,0.5773502691896257,0.0,1,2024,5,2,21,4,2,1,0,0,0,0,3,0,0,1,1
2024-05-27,S003,Grader,0,0,0.0,1.0,0.0,0.5,1.0,0.5773502691896257,0.0,2,2024,5,2,22,2,1,2,0,0,0,0,0,0,0,0,1
2024-06-03,S003,Grader,0,0,0.0,0.0,1.0,0.25,1.0,0.5,-1.0,3,2024,6,2,23,3,2,2,0,0,0,0,1,0,0,0,0
2024-06-10,S003,Grader,0,0,0.0,0.0,1.0,0.0,0.0,0.0,-1.0,4,2024,6,2,24,3,2,2,0,0,0,0,1,0,0,0,0
2024-06-17,S003,Grader,0,0,0.0,0.0,0.0,0.0,0.0,0.0,0.0,5,2024,6,2,25,1,1,1,0,0,0,0,0,0,0,0,0
2024-06-24,S003,Grader,0,0,0.0,0.0,0.0,0.0,0.0,0.0,0.0,6,2024,6,2,26,1,1,1,0,0,0,0,0,0,0,0,0
2024-07-01,S003,Grader,0,0,0.0,0.0,0.0,0.0,0.0,0.0,0.0,7,2024,7,3,27,2,2,1,0,0,0,1,0,0,0,0,0
2024-07-08,S003,Grader,0,0,0.0,0.0,0.0,0.0,0.0,0.0,0.0,8,2024,7,3,28,2,2,1,0,0,0,1,0,0,0,0,0
2024-07-15,S003,Grader,0,0,0.0,0.0,0.0,0.0,0.0,0.0,0.0,9,2024,7,3,29,4,3,2,0,0,1,1,0,0,0,0,0
2024-07-22,S003,Grader,0,0,0.0,0.0,0.0,0.0,0.0,0.0,0.0,10,2024,7,3,30,5,4,2,1,0,1,1,0,0,0,0,0
2024-07-29,S003,Grader,0,0,0.0,0.0,0.0,0.0,0.0,0.0,0.0,11,2024,7,3,31,3,3,0,1,0,1,1,0,0,0,0,0
2024-08-05,S003,Grader,0,0,0.0,0.0,0.0,0.0,0.0,0.0,0.0,12,2024,8,3,32,1,1,1,0,0,0,0,0,0,0,0,0
2024-08-12,S003,Grader,0,0,0.0,0.0,0.0,0.0,0.0,0.0,0.0,13,2024,8,3,33,1,1,1,0,0,0,0,0,0,0,0,0
2024-08-19,S003,Grader,0,0,0.0,0.0,0.0,0.0,0.0,0.0,0.0,14,2024,8,3,34,3,2,2,1,0,0,0,0,0,0,0,0
2024-08-26,S003,Grader,0,1,0.0,0.0,0.0,0.0,0.0,0.0,0.0,15,2024,8,3,35,3,2,2,1,0,0,0,0,0,0,0,0
2024-09-02,S003,Grader,1,1,0.0,0.0,0.0,0.25,1.0,0.5,1.0,0,2024,9,3,36,5,3,3,1,1,0,0,0,1,0,0,0
2024-09-09,S003,Grader,1,1,1.0,0.0,0.0,0.5,1.0,0.5773502691896257,1.0,0,2024,9,3,37,4,2,3,0,1,0,0,0,0,0,1,0
2024-09-16,S003,Grader,1,1,1.0,1.0,0.0,0.75,1.0,0.5,1.0,0,2024,9,3,38,2,2,1,0,1,0,0,0,0,0,1,0
2024-09-23,S003,Grader,1,1,1.0,1.0,0.0,1.0,1.0,0.0,1.0,0,2024,9,3,39,4,3,0,2,1,0,1,0,0,0,0,0
2024-09-30,S003,Grader,1,0,1.0,1.0,1.0,1.0,1.0,0.0,0.0,0,2024,9,3,40,5,3,0,2,1,0,2,0,0,1,0,0
2024-10-07,S003,Grader,0,0,1.0,1.0,1.0,0.75,1.0,0.5,-1.0,1,2024,10,4,41,4,1,0,0,0,0,4,0,0,0,0,1
2024-10-14,S003,Grader,0,0,0.0,1.0,1.0,0.5,1.0,0.5773502691896257,-1.0,2,2024,10,4,42,4,1,0,0,0,0,4,0,0,0,0,1
2024-10-21,S003,Grader,0,0,0.0,0.0,1.0,0.25,1.0,0.5,-1.0,3,2024,10,4,43,4,3,1,1,0,0,2,0,0,0,0,0
2024-10-28,S003,Grader,0,1,0.0,0.0,1.0,0.0,0.0,0.0,-1.0,4,2024,10,4,44,3,3,1,1,0,0,1,0,0,0,0,0
2024-11-04,S003,Grader,1,2,0.0,0.0,0.0,0.25,1.0,0.5,1.0,0,2024,11,4,45,6,5,1,2,1,0,1,1,1,0,0,0
2024-11-11,S003,Grader,2,2,1.0,0.0,0.0,0.75,2.0,0.9574271077563381,2.0,0,2024,11,4,46,8,6,1,2,2,1,1,1,1,0,1,0
2024-11-18,S003,Grader,2,2,2.0,1.0,0.0,1.25,2.0,0.9574271077563381,2.0,0,2024,11,4,47,7,6,1,1,2,1,1,1,0,0,2,0
2024-11-25,S003,Grader,2,2,2.0,2.0,0.0,1.75,2.0,0.4999999999999999,2.0,0,2024,11,4,48,5,4,0,1,2,0,1,1,0,0,1,0
2024-12-02,S003,Grader,2,1,2.0,2.0,1.0,2.0,2.0,0.0,1.0,0,2024,12,4,49,4,3,0,1,2,0,0,1,0,1,0,0
2024-12-09,S003,Grader,1,1,2.0,2.0,2.0,1.75,2.0,0.5,-1.0,0,2024,12,4,50,2,2,0,1,1,0,0,0,0,0,0,1
2024-12-16,S003,Grader,1,0,1.0,2.0,2.0,1.5,2.0,0.5773502691896257,-1.0,0,2024,12,4,51,2,2,0,1,1,0,0,0,0,1,0,1
2024-12-23,S003,Grader,0,1,1.0,1.0,2.0,1.0,2.0,0.816496580927726,-2.0,1,2024,12,4,52,1,1,0,1,0,0,0,0,0,0,0,1
2024-12-30,S003,Grader,1,1,0.0,1.0,2.0,0.75,1.0,0.5,-1.0,0,2024,12,4,1,3,3,1,1,1,0,0,0,1,0,0,1
2025-01-06,S003,Grader,1,0,1.0,0.0,1.0,0.75,1.0,0.5,0.0,0,2025,1,1,2,3,3,1,1,1,0,0,0,0,1,1,0
2025-01-13,S003,Grader,0,1,1.0,1.0,1.0,0.5,1.0,0.5773502691896257,-1.0,1,2025,1,1,3,3,3,1,1,0,0,0,1,0,0,1,1
2025-01-20,S003,Grader,1,1,0.0,1.0,0.0,0.75,1.0,0.5,1.0,0,2025,1,1,4,5,4,1,1,1,0,0,2,1,0,0,1
2025-01-27,S003,Grader,1,0,1.0,0.0,1.0,0.75,1.0,0.5,0.0,0,2025,1,1,5,3,2,0,0,1,0,0,2,0,1,1,0
2025-02-03,S003,Grader,0,0,1.0,1.0,1.0,0.5,1.0,0.5773502691896257,-1.0,1,2025,2,1,6,4,3,1,0,0,0,1,2,0,0,1,1
2025-02-10,S003,Grader,0,0,0.0,1.0,0.0,0.5,1.0,0.5773502691896257,0.0,2,2025,2,1,7,5,4,1,0,0,1,2,1,0,0,0,1
2025-02-17,S003,Grader,0,0,0.0,0.0,1.0,0.25,1.0,0.5,-1.0,3,2025,2,1,8,6,4,1,0,0,1,2,2,0,0,0,0
2025-02-24,S003,Grader,0,0,0.0,0.0,1.0,0.0,0.0,0.0,-1.0,4,2025,2,1,9,6,4,1,0,0,1,2,2,0,0,0,0
2025-03-03,S003,Grader,0,1,0.0,0.0,0.0,0.0,0.0,0.0,0.0,5,2025,3,1,10,4,4,1,0,0,1,1,1,0,0,0,0
2025-03-10,S003,Grader,1,1,0.0,0.0,0.0,0.25,1.0,0.5,1.0,0,2025,3,1,11,6,5,1,0,1,1,1,2,1,0,0,0
2025-03-17,S003,Grader,1,0,1.0,0.0,0.0,0.5,1.0,0.5773502691896257,1.0,0,2025,3,1,12,6,4,0,0,1,1,2,2,0,1,1,0
2025-03-24,S003,Grader,0,0,1.0,1.0,0.0,0.5,1.0,0.5773502691896257,0.0,1,2025,3,1,13,4,2,0,0,0,0,2,2,0,0,1,1
2025-03-31,S003,Grader,0,0,0.0,1.0,0.0,0.5,1.0,0.5773502691896257,0.0,2,2025,3,1,14,2,2,0,0,0,0,1,1,0,0,0,1
2025-04-07,S003,Grader,0,0,0.0,0.0,1.0,0.25,1.0,0.5,-1.0,3,2025,4,2,15,4,1,0,0,0,0,0,4,0,0,0,0
2025-04-14,S003,Grader,0,0,0.0,0.0,1.0,0.0,0.0,0.0,-1.0,4,2025,4,2,16,5,2,0,0,0,1,0,4,0,0,0,0
2025-04-21,S003,Grader,0,0,0.0,0.0,0.0,0.0,0.0,0.0,0.0,5,2025,4,2,17,6,3,0,2,0,1,0,3,0,0,0,0
2025-04-28,S003,Grader,0,0,0.0,0.0,0.0,0.0,0.0,0.0,0.0,6,2025,4,2,18,4,3,0,2,0,1,0,1,0,0,0,0
2025-05-05,S003,Grader,0,0,0.0,0.0,0.0,0.0,0.0,0.0,0.0,7,2025,5,2,19,3,3,0,0,0,1,1,1,0,0,0,0
2025-05-12,S003,Grader,0,0,0.0,0.0,0.0,0.0,0.0,0.0,0.0,8,2025,5,2,20,2,2,0,0,0,0,1,1,0,0,0,0
2025-05-19,S003,Grader,0,0,0.0,0.0,0.0,0.0,0.0,0.0,0.0,9,2025,5,2,21,1,1,0,0,0,0,0,1,0,0,0,0
2025-05-26,S003,Grader,0,0,0.0,0.0,0.0,0.0,0.0,0.0,0.0,10,2025,5,2,22,2,2,0,0,0,0,1,1,0,0,0,0
2025-06-02,S003,Grader,0,0,0.0,0.0,0.0,0.0,0.0,0.0,0.0,11,2025,6,2,23,2,2,0,0,0,0,1,1,0,0,0,0
2025-06-09,S003,Grader,0,0,0.0,0.0,0.0,0.0,0.0,0.0,0.0,12,2025,6,2,24,2,2,0,0,0,0,1,1,0,0,0,0
2025-06-16,S003,Grader,0,1,0.0,0.0,0.0,0.0,0.0,0.0,0.0,13,2025,6,2,25,2,2,0,0,0,0,1,1,0,0,0,0
2025-06-23,S003,Grader,1,3,0.0,0.0,0.0,0.25,1.0,0.5,1.0,0,2025,6,2,26,2,2,0,0,1,0,0,1,1,0,0,0
2025-06-30,S003,Grader,3,3,1.0,0.0,0.0,1.0,3.0,1.4142135623730951,3.0,0,2025,6,2,27,4,2,0,0,3,0,0,1,2,0,1,0
2025-07-07,S003,Grader,3,2,3.0,1.0,0.0,1.75,3.0,1.5,3.0,0,2025,7,3,28,4,2,0,0,3,0,0,1,0,1,3,0
2025-07-14,S003,Grader,2,1,3.0,3.0,0.0,2.25,3.0,0.957427107756338,2.0,0,2025,7,3,29,4,3,0,0,2,0,1,1,0,1,2,1
2025-07-21,S003,Grader,1,1,2.0,3.0,1.0,2.25,3.0,0.957427107756338,0.0,0,2025,7,3,30,3,3,0,0,1,0,1,1,0,0,0,2
2025-07-28,S003,Grader,1,1,1.0,2.0,3.0,1.75,3.0,0.957427107756338,-2.0,0,2025,7,3,31,2,2,0,0,1,0,0,1,0,1,0,1
2025-08-04,S003,Grader,1,1,1.0,1.0,3.0,1.25,2.0,0.4999999999999998,-2.0,0,2025,8,3,32,3,3,1,0,1,0,0,1,1,0,0,1
2025-08-11,S003,Grader,1,0,1.0,1.0,2.0,1.0,1.0,0.0,-1.0,0,2025,8,3,33,3,3,1,0,1,0,0,1,0,1,1,1
2025-08-18,S003,Grader,0,0,1.0,1.0,1.0,0.75,1.0,0.5,-1.0,1,2025,8,3,34,2,2,1,1,0,0,0,0,0,0,1,1
2025-08-25,S003,Grader,0,1,0.0,1.0,1.0,0.5,1.0,0.5773502691896257,-1.0,2,2025,8,3,35,1,1,0,1,0,0,0,0,0,0,0,1
2025-09-01,S003,Grader,1,1,0.0,0.0,1.0,0.5,1.0,0.5773502691896257,0.0,0,2025,9,3,36,2,2,0,1,1,0,0,0,1,0,0,0
2025-09-08,S003,Grader,1,1,1.0,0.0,1.0,0.5,1.0,0.5773502691896257,0.0,0,2025,9,3,37,2,2,1,0,1,0,0,0,0,1,1,0
2025-09-15,S003,Grader,1,1,1.0,1.0,0.0,0.75,1.0,0.5,1.0,0,2025,9,3,38,4,3,1,2,1,0,0,0,1,0,1,1
2025-09-22,S003,Grader,1,1,1.0,1.0,0.0,1.0,1.0,0.0,1.0,0,2025,9,3,39,6,5,1,2,1,1,0,1,0,0,1,1
2025-09-29,S003,Grader,1,0,1.0,1.0,1.0,1.0,1.0,0.0,0.0,0,2025,9,3,40,5,5,1,0,1,1,1,1,0,1,1,0
2025-10-06,S003,Grader,0,0,1.0,1.0,1.0,0.75,1.0,0.5,-1.0,1,2025,10,4,41,3,2,2,0,0,0,1,0,0,0,0,1
2025-10-13,S003,Grader,0,0,0.0,1.0,1.0,0.5,1.0,0.5773502691896257,-1.0,2,2025,10,4,42,3,2,2,0,0,0,1,0,0,0,0,1
2025-10-20,S003,Grader,0,0,0.0,0.0,1.0,0.25,1.0,0.5,-1.0,3,2025,10,4,43,4,3,1,0,0,1,2,0,0,0,0,0
2025-10-27,S003,Grader,0,0,0.0,0.0,1.0,0.0,0.0,0.0,-1.0,4,2025,10,4,44,3,2,0,0,0,1,2,0,0,0,0,0
2025-11-03,S003,Grader,0,2,0.0,0.0,0.0,0.0,0.0,0.0,0.0,5,2025,11,4,45,4,3,0,1,0,1,2,0,0,0,0,0
2025-11-10,S003,Grader,2,2,0.0,0.0,0.0,0.5,2.0,1.0,2.0,0,2025,11,4,46,7,5,0,1,2,1,2,1,2,0,0,0
2025-11-17,S003,Grader,2,2,2.0,0.0,0.0,1.0,2.0,1.1547005383792515,2.0,0,2025,11,4,47,3,2,0,0,2,0,0,1,0,0,2,0
2025-11-24,S003,Grader,2,1,2.0,2.0,0.0,1.5,2.0,1.0,2.0,0,2025,11,4,48,6,4,1,0,2,1,0,2,0,1,2,0
2025-12-01,S003,Grader,1,3,2.0,2.0,0.0,1.75,2.0,0.5,1.0,0,2025,12,4,49,5,4,1,0,1,1,0,2,0,1,0,1
2025-12-08,S003,Grader,3,3,1.0,2.0,2.0,2.0,3.0,0.816496580927726,1.0,0,2025,12,4,50,6,3,1,0,3,0,0,2,3,0,0,2
2025-12-15,S003,Grader,3,0,3.0,1.0,2.0,2.25,3.0,0.9574271077563381,1.0,0,2025,12,4,51,5,3,1,0,3,0,1,0,0,3,3,1
2024-01-01,S003,Loader,0,0,0.0,0.0,0.0,0.0,0.0,0.0,0.0,1,2024,1,1,1,3,3,1,1,0,0,0,1,0,0,0,0
2024-01-08,S003,Loader,0,1,0.0,0.0,0.0,0.0,0.0,0.0,0.0,2,2024,1,1,2,4,4,1,1,0,1,0,1,0,0,0,0
2024-01-15,S003,Loader,1,1,0.0,0.0,0.0,0.0,0.0,0.0,0.0,0,2024,1,1,3,9,6,2,2,2,1,1,1,1,0,0,0
2024-01-22,S003,Loader,1,1,1.0,0.0,0.0,0.5,1.0,0.5773502691896257,0.0,0,2024,1,1,4,9,5,2,2,2,0,1,2,0,0,1,0
2024-01-29,S003,Loader,1,0,1.0,1.0,0.0,0.75,1.0,0.5,1.0,0,2024,1,1,5,7,4,2,0,1,0,1,3,0,1,1,0
2024-02-05,S003,Loader,0,1,1.0,1.0,0.0,0.75,1.0,0.5,0.0,1,2024,2,1,6,7,3,2,2,0,0,0,3,0,0,0,1
2024-02-12,S003,Loader,1,1,0.0,1.0,1.0,0.75,1.0,0.5,0.0,0,2024,2,1,7,5,4,1,2,1,0,1,0,1,0,0,1
2024-02-19,S003,Loader,1,0,1.0,0.0,1.0,0.75,1.0,0.5,0.0,0,2024,2,1,8,3,3,0,1,1,0,1,0,0,1,1,0
2024-02-26,S003,Loader,0,0,1.0,1.0,1.0,0.5,1.0,0.5773502691896257,-1.0,1,2024,2,1,9,1,1,0,1,0,0,0,0,0,0,1,1
2024-03-04,S003,Loader,0,0,0.0,1.0,0.0,0.5,1.0,0.5773502691896257,0.0,2,2024,3,1,10,2,2,1,1,0,0,0,0,0,0,0,1
2024-03-11,S003,Loader,0,1,0.0,0.0,1.0,0.25,1.0,0.5,-1.0,3,2024,3,1,11,3,3,1,1,1,0,0,0,0,0,0,0
2024-03-18,S003,Loader,1,1,0.0,0.0,1.0,0.25,1.0,0.5,0.0,0,2024,3,1,12,5,5,1,1,1,0,1,1,1,0,0,0
2024-03-25,S003,Loader,1,0,1.0,0.0,0.0,0.5,1.0,0.5773502691896257,1.0,0,2024,3,1,13,4,4,1,1,0,0,1,1,0,1,1,0
2024-04-01,S003,Loader,0,0,1.0,1.0,0.0,0.5,1.0,0.5773502691896257,0.0,1,2024,4,2,14,4,3,2,1,1,0,0,0,0,0,1,1
2024-04-08,S003,Loader,0,0,0.0,1.0,0.0,0.5,1.0,0.5773502691896257,0.0,2,2024,4,2,15,4,3,2,1,1,0,0,0,0,0,0,1
2024-04-15,S003,Loader,0,0,0.0,0.0,1.0,0.25,1.0,0.5,-1.0,3,2024,4,2,16,4,2,3,1,0,0,0,0,0,0,0,0
2024-04-22,S003,Loader,0,0,0.0,0.0,1.0,0.0,0.0,0.0,-1.0,4,2024,4,2,17,4,2,3,1,0,0,0,0,0,0,0,0
2024-04-29,S003,Loader,0,0,0.0,0.0,0.0,0.0,0.0,0.0,0.0,5,2024,4,2,18,5,3,3,1,0,0,0,1,0,0,0,0
2024-05-06,S003,Loader,0,0,0.0,0.0,0.0,0.0,0.0,0.0,0.0,6,2024,5,2,19,6,4,2,0,1,1,0,2,0,0,0,0
2024-05-13,S003,Loader,0,0,0.0,0.0,0.0,0.0,0.0,0.0,0.0,7,2024,5,2,20,6,4,1,0,1,1,0,3,0,0,0,0
2024-05-20,S003,Loader,0,0,0.0,0.0,0.0,0.0,0.0,0.0,0.0,8,2024,5,2,21,4,2,1,0,0,0,0,3,0,0,0,0
2024-05-27,S003,Loader,0,0,0.0,0.0,0.0,0.0,0.0,0.0,0.0,9,2024,5,2,22,2,1,2,0,0,0,0,0,0,0,0,0
2024-06-03,S003,Loader,0,0,0.0,0.0,0.0,0.0,0.0,0.0,0.0,10,2024,6,2,23,3,2,2,0,0,0,0,1,0,0,0,0
2024-06-10,S003,Loader,0,0,0.0,0.0,0.0,0.0,0.0,0.0,0.0,11,2024,6,2,24,3,2,2,0,0,0,0,1,0,0,0,0
2024-06-17,S003,Loader,0,0,0.0,0.0,0.0,0.0,0.0,0.0,0.0,12,2024,6,2,25,1,1,1,0,0,0,0,0,0,0,0,0
2024-06-24,S003,Loader,0,1,0.0,0.0,0.0,0.0,0.0,0.0,0.0,13,2024,6,2,26,1,1,1,0,0,0,0,0,0,0,0,0
2024-07-01,S003,Loader,1,1,0.0,0.0,0.0,0.25,1.0,0.5,1.0,0,2024,7,3,27,2,2,1,0,0,0,1,0,1,0,0,0
2024-07-08,S003,Loader,1,1,1.0,0.0,0.0,0.5,1.0,0.5773502691896257,1.0,0,2024,7,3,28,2,2,1,0,0,0,1,0,0,0,1,0
2024-07-15,S003,Loader,1,1,1.0,1.0,0.0,0.75,1.0,0.5,1.0,0,2024,7,3,29,4,3,2,0,0,1,1,0,0,0,1,0
2024-07-22,S003,Loader,1,1,1.0,1.0,0.0,1.0,1.0,0.0,1.0,0,2024,7,3,30,5,4,2,1,0,1,1,0,0,0,0,0
2024-07-29,S003,Loader,1,0,1.0,1.0,1.0,1.0,1.0,0.0,0.0,0,2024,7,3,31,3,3,0,1,0,1,1,0,0,1,0,0
2024-08-05,S003,Loader,0,0,1.0,1.0,1.0,0.75,1.0,0.5,-1.0,1,2024,8,3,32,1,1,1,0,0,0,0,0,0,0,0,1
2024-08-12,S003,Loader,0,0,0.0,1.0,1.0,0.5,1.0,0.5773502691896257,-1.0,2,2024,8,3,33,1,1,1,0,0,0,0,0,0,0,0,1
2024-08-19,S003,Loader,0,0,0.0,0.0,1.0,0.25,1.0,0.5,-1.0,3,2024,8,3,34,3,2,2,1,0,0,0,0,0,0,0,0
2024-08-26,S003,Loader,0,0,0.0,0.0,1.0,0.0,0.0,0.0,-1.0,4,2024,8,3,35,3,2,2,1,0,0,0,0,0,0,0,0
2024-09-02,S003,Loader,0,0,0.0,0.0,0.0,0.0,0.0,0.0,0.0,5,2024,9,3,36,5,3,3,1,1,0,0,0,0,0,0,0
2024-09-09,S003,Loader,0,0,0.0,0.0,0.0,0.0,0.0,0.0,0.0,6,2024,9,3,37,4,2,3,0,1,0,0,0,0,0,0,0
2024-09-16,S003,Loader,0,1,0.0,0.0,0.0,0.0,0.0,0.0,0.0,7,2024,9,3,38,2,2,1,0,1,0,0,0,0,0,0,0
2024-09-23,S003,Loader,1,2,0.0,0.0,0.0,0.25,1.0,0.5,1.0,0,2024,9,3,39,4,3,0,2,1,0,1,0,1,0,0,0
2024-09-30,S003,Loader,2,4,1.0,0.0,0.0,0.75,2.0,0.9574271077563381,2.0,0,2024,9,3,40,5,3,0,2,1,0,2,0,1,0,1,0
2024-10-07,S003,Loader,4,4,2.0,1.0,0.0,1.75,4.0,1.707825127659933,4.0,0,2024,10,4,41,4,1,0,0,0,0,4,0,2,0,2,0
2024-10-14,S003,Loader,4,2,4.0,2.0,0.0,2.75,4.0,1.4999999999999998,4.0,0,2024,10,4,42,4,1,0,0,0,0,4,0,0,2,3,0
2024-10-21,S003,Loader,2,1,4.0,4.0,1.0,3.0,4.0,1.1547005383792512,1.0,0,2024,10,4,43,4,3,1,1,0,0,2,0,0,1,2,2
2024-10-28,S003,Loader,1,1,2.0,4.0,2.0,2.75,4.0,1.4999999999999998,-1.0,0,2024,10,4,44,3,3,1,1,0,0,1,0,0,0,0,3
2024-11-04,S003,Loader,1,1,1.0,2.0,4.0,2.0,4.0,1.4142135623730951,-3.0,0,2024,11,4,45,6,5,1,2,1,0,1,1,0,0,0,1
2024-11-11,S003,Loader,1,1,1.0,1.0,4.0,1.25,2.0,0.5000000000000001,-3.0,0,2024,11,4,46,8,6,1,2,2,1,1,1,0,1,0,0
2024-11-18,S003,Loader,1,1,1.0,1.0,2.0,1.0,1.0,0.0,-1.0,0,2024,11,4,47,7,6,1,1,2,1,1,1,1,0,0,1
2024-11-25,S003,Loader,1,0,1.0,1.0,1.0,1.0,1.0,0.0,0.0,0,2024,11,4,48,5,4,0,1,2,0,1,1,0,1,1,1
2024-12-02,S003,Loader,0,0,1.0,1.0,1.0,0.75,1.0,0.5,-1.0,1,2024,12,4,49,4,3,0,1,2,0,0,1,0,0,1,1
2024-12-09,S003,Loader,0,0,0.0,1.0,1.0,0.5,1.0,0.5773502691896257,-1.0,2,2024,12,4,50,2,2,0,1,1,0,0,0,0,0,0,1
2024-12-16,S003,Loader,0,0,0.0,0.0,1.0,0.25,1.0,0.5,-1.0,3,2024,12,4,51,2,2,0,1,1,0,0,0,0,0,0,0
2024-12-23,S003,Loader,0,0,0.0,0.0,1.0,0.0,0.0,0.0,-1.0,4,2024,12,4,52,1,1,0,1,0,0,0,0,0,0,0,0
2024-12-30,S003,Loader,0,0,0.0,0.0,0.0,0.0,0.0,0.0,0.0,5,2024,12,4,1,3,3,1,1,1,0,0,0,0,0,0,0
2025-01-06,S003,Loader,0,0,0.0,0.0,0.0,0.0,0.0,0.0,0.0,6,2025,1,1,2,3,3,1,1,1,0,0,0,0,0,0,0
2025-01-13,S003,Loader,0,0,0.0,0.0,0.0,0.0,0.0,0.0,0.0,7,2025,1,1,3,3,3,1,1,0,0,0,1,0,0,0,0
2025-01-20,S003,Loader,0,0,0.0,0.0,0.0,0.0,0.0,0.0,0.0,8,2025,1,1,4,5,4,1,1,1,0,0,2,0,0,0,0
2025-01-27,S003,Loader,0,1,0.0,0.0,0.0,0.0,0.0,0.0,0.0,9,2025,1,1,5,3,2,0,0,1,0,0,2,0,0,0,0
2025-02-03,S003,Loader,1,2,0.0,0.0,0.0,0.25,1.0,0.5,1.0,0,2025,2,1,6,4,3,1,0,0,0,1,2,1,0,0,0
2025-02-10,S003,Loader,2,2,1.0,0.0,0.0,0.75,2.0,0.9574271077563381,2.0,0,2025,2,1,7,5,4,1,0,0,1,2,1,1,0,1,0
2025-02-17,S003,Loader,2,2,2.0,1.0,0.0,1.25,2.0,0.9574271077563381,2.0,0,2025,2,1,8,6,4,1,0,0,1,2,2,0,0,2,0
2025-02-24,S003,Loader,2,1,2.0,2.0,0.0,1.75,2.0,0.4999999999999999,2.0,0,2025,2,1,9,6,4,1,0,0,1,2,2,0,2,1,0
2025-03-03,S003,Loader,1,1,2.0,2.0,1.0,1.75,2.0,0.5,0.0,0,2025,3,1,10,4,4,1,0,0,1,1,1,1,0,0,2
2025-03-10,S003,Loader,1,2,1.0,2.0,2.0,1.5,2.0,0.5773502691896257,-1.0,0,2025,3,1,11,6,5,1,0,1,1,1,2,0,0,1,2
2025-03-17,S003,Loader,2,2,1.0,1.0,2.0,1.5,2.0,0.5773502691896257,0.0,0,2025,3,1,12,6,4,0,0,1,1,2,2,1,0,1,0
2025-03-24,S003,Loader,2,1,2.0,1.0,2.0,1.5,2.0,0.5773502691896257,0.0,0,2025,3,1,13,4,2,0,0,0,0,2,2,0,1,1,0
2025-03-31,S003,Loader,1,0,2.0,2.0,1.0,1.5,2.0,0.5773502691896257,0.0,0,2025,3,1,14,2,2,0,0,0,0,1,1,0,1,1,1
2025-04-07,S003,Loader,0,0,1.0,2.0,1.0,1.25,2.0,0.9574271077563381,-1.0,1,2025,4,2,15,4,1,0,0,0,0,0,4,0,0,0,2
2025-04-14,S003,Loader,0,0,0.0,1.0,2.0,0.75,2.0,0.9574271077563381,-2.0,2,2025,4,2,16,5,2,0,0,0,1,0,4,0,0,0,1
2025-04-21,S003,Loader,0,0,0.0,0.0,2.0,0.25,1.0,0.49999999999999994,-2.0,3,2025,4,2,17,6,3,0,2,0,1,0,3,0,0,0,0
2025-04-28,S003,Loader,0,1,0.0,0.0,1.0,0.0,0.0,0.0,-1.0,4,2025,4,2,18,4,3,0,2,0,1,0,1,0,0,0,0
2025-05-05,S003,Loader,1,1,0.0,0.0,0.0,0.25,1.0,0.5,1.0,0,2025,5,2,19,3,3,0,0,0,1,1,1,1,0,0,0
2025-05-12,S003,Loader,1,0,1.0,0.0,0.0,0.5,1.0,0.5773502691896257,1.0,0,2025,5,2,20,2,2,0,0,0,0,1,1,0,1,1,0
2025-05-19,S003,Loader,0,1,1.0,1.0,0.0,0.5,1.0,0.5773502691896257,0.0,1,2025,5,2,21,1,1,0,0,0,0,0,1,0,0,1,1
2025-05-26,S003,Loader,1,1,0.0,1.0,0.0,0.75,1.0,0.5,1.0,0,2025,5,2,22,2,2,0,0,0,0,1,1,1,0,0,1
2025-06-02,S003,Loader,1,1,1.0,0.0,1.0,0.75,1.0,0.5,0.0,0,2025,6,2,23,2,2,0,0,0,0,1,1,0,0,1,0
2025-06-09,S003,Loader,1,1,1.0,1.0,1.0,0.75,1.0,0.5,0.0,0,2025,6,2,24,2,2,0,0,0,0,1,1,0,0,1,0
2025-06-16,S003,Loader,1,0,1.0,1.0,0.0,1.0,1.0,0.0,1.0,0,2025,6,2,25,2,2,0,0,0,0,1,1,0,1,0,0
2025-06-23,S003,Loader,0,0,1.0,1.0,1.0,0.75,1.0,0.5,-1.0,1,2025,6,2,26,2,2,0,0,1,0,0,1,0,0,0,1
2025-06-30,S003,Loader,0,0,0.0,1.0,1.0,0.5,1.0,0.5773502691896257,-1.0,2,2025,6,2,27,4,2,0,0,3,0,0,1,0,0,0,1
2025-07-07,S003,Loader,0,1,0.0,0.0,1.0,0.25,1.0,0.5,-1.0,3,2025,7,3,28,4,2,0,0,3,0,0,1,0,0,0,0
2025-07-14,S003,Loader,1,1,0.0,0.0,1.0,0.25,1.0,0.5,0.0,0,2025,7,3,29,4,3,0,0,2,0,1,1,1,0,0,0
2025-07-21,S003,Loader,1,0,1.0,0.0,0.0,0.5,1.0,0.5773502691896257,1.0,0,2025,7,3,30,3,3,0,0,1,0,1,1,0,1,1,0
2025-07-28,S003,Loader,0,0,1.0,1.0,0.0,0.5,1.0,0.5773502691896257,0.0,1,2025,7,3,31,2,2,0,0,1,0,0,1,0,0,1,1
2025-08-04,S003,Loader,0,0,0.0,1.0,0.0,0.5,1.0,0.5773502691896257,0.0,2,2025,8,3,32,3,3,1,0,1,0,0,1,0,0,0,1
2025-08-11,S003,Loader,0,0,0.0,0.0,1.0,0.25,1.0,0.5,-1.0,3,2025,8,3,33,3,3,1,0,1,0,0,1,0,0,0,0
2025-08-18,S003,Loader,0,0,0.0,0.0,1.0,0.0,0.0,0.0,-1.0,4,2025,8,3,34,2,2,1,1,0,0,0,0,0,0,0,0
2025-08-25,S003,Loader,0,0,0.0,0.0,0.0,0.0,0.0,0.0,0.0,5,2025,8,3,35,1,1,0,1,0,0,0,0,0,0,0,0
2025-09-01,S003,Loader,0,0,0.0,0.0,0.0,0.0,0.0,0.0,0.0,6,2025,9,3,36,2,2,0,1,1,0,0,0,0,0,0,0
2025-09-08,S003,Loader,0,0,0.0,0.0,0.0,0.0,0.0,0.0,0.0,7,2025,9,3,37,2,2,1,0,1,0,0,0,0,0,0,0
2025-09-15,S003,Loader,0,0,0.0,0.0,0.0,0.0,0.0,0.0,0.0,8,2025,9,3,38,4,3,1,2,1,0,0,0,0,0,0,0
2025-09-22,S003,Loader,0,1,0.0,0.0,0.0,0.0,0.0,0.0,0.0,9,2025,9,3,39,6,5,1,2,1,1,0,1,0,0,0,0
2025-09-29,S003,Loader,1,1,0.0,0.0,0.0,0.25,1.0,0.5,1.0,0,2025,9,3,40,5,5,1,0,1,1,1,1,1,0,0,0
2025-10-06,S003,Loader,1,1,1.0,0.0,0.0,0.5,1.0,0.5773502691896257,1.0,0,2025,10,4,41,3,2,2,0,0,0,1,0,0,1,1,0
2025-10-13,S003,Loader,1,2,1.0,1.0,0.0,0.75,1.0,0.5,1.0,0,2025,10,4,42,3,2,2,0,0,0,1,0,1,0,1,1
2025-10-20,S003,Loader,2,2,1.0,1.0,0.0,1.25,2.0,0.5,2.0,0,2025,10,4,43,4,3,1,0,0,1,2,0,1,0,1,1
2025-10-27,S003,Loader,2,2,2.0,1.0,1.0,1.5,2.0,0.5773502691896257,1.0,0,2025,10,4,44,3,2,0,0,0,1,2,0,0,1,2,0
2025-11-03,S003,Loader,2,2,2.0,2.0,1.0,1.75,2.0,0.5,1.0,0,2025,11,4,45,4,3,0,1,0,1,2,0,1,0,1,1
2025-11-10,S003,Loader,2,0,2.0,2.0,1.0,2.0,2.0,0.0,1.0,0,2025,11,4,46,7,5,0,1,2,1,2,1,0,2,1,1
2025-11-17,S003,Loader,0,0,2.0,2.0,2.0,1.5,2.0,1.0,-2.0,1,2025,11,4,47,3,2,0,0,2,0,0,1,0,0,1,2
2025-11-24,S003,Loader,0,0,0.0,2.0,2.0,1.0,2.0,1.1547005383792515,-2.0,2,2025,11,4,48,6,4,1,0,2,1,0,2,0,0,0,2
2025-12-01,S003,Loader,0,0,0.0,0.0,2.0,0.5,2.0,1.0,-2.0,3,2025,12,4,49,5,4,1,0,1,1,0,2,0,0,0,0
2025-12-08,S003,Loader,0,1,0.0,0.0,2.0,0.0,0.0,0.0,-2.0,4,2025,12,4,50,6,3,1,0,3,0,0,2,0,0,0,0
2025-12-15,S003,Loader,1,1,0.0,0.0,0.0,0.25,1.0,0.5,1.0,0,2025,12,4,51,5,3,1,0,3,0,1,0,1,0,0,0
2024-01-01,S003,Roller,1,1,0.0,0.0,0.0,0.0,0.0,0.0,0.0,0,2024,1,1,1,3,3,1,1,0,0,0,1,1,0,0,0
2024-01-08,S003,Roller,1,1,1.0,0.0,0.0,0.0,0.0,0.0,0.0,0,2024,1,1,2,4,4,1,1,0,1,0,1,0,1,1,0
2024-01-15,S003,Roller,1,2,1.0,1.0,0.0,0.0,0.0,0.0,0.0,0,2024,1,1,3,9,6,2,2,2,1,1,1,1,0,1,1
2024-01-22,S003,Roller,2,3,1.0,1.0,0.0,1.25,2.0,0.5,0.0,0,2024,1,1,4,9,5,2,2,2,0,1,2,1,0,1,1
2024-01-29,S003,Roller,3,3,2.0,1.0,1.0,1.75,3.0,0.9574271077563381,2.0,0,2024,1,1,5,7,4,2,0,1,0,1,3,1,0,2,0
2024-02-05,S003,Roller,3,0,3.0,2.0,1.0,2.25,3.0,0.9574271077563381,2.0,0,2024,2,1,6,7,3,2,2,0,0,0,3,0,3,2,0
2024-02-12,S003,Roller,0,0,3.0,3.0,1.0,2.0,3.0,1.4142135623730951,-1.0,1,2024,2,1,7,5,4,1,2,1,0,1,0,0,0,1,3
2024-02-19,S003,Roller,0,0,0.0,3.0,2.0,1.5,3.0,1.7320508075688772,-2.0,2,2024,2,1,8,3,3,0,1,1,0,1,0,0,0,0,3
2024-02-26,S003,Roller,0,0,0.0,0.0,3.0,0.75,3.0,1.5,-3.0,3,2024,2,1,9,1,1,0,1,0,0,0,0,0,0,0,0
2024-03-04,S003,Roller,0,0,0.0,0.0,3.0,0.0,0.0,0.0,-3.0,4,2024,3,1,10,2,2,1,1,0,0,0,0,0,0,0,0
2024-03-11,S003,Roller,0,1,0.0,0.0,0.0,0.0,0.0,0.0,0.0,5,2024,3,1,11,3,3,1,1,1,0,0,0,0,0,0,0
2024-03-18,S003,Roller,1,1,0.0,0.0,0.0,0.25,1.0,0.5,1.0,0,2024,3,1,12,5,5,1,1,1,0,1,1,1,0,0,0
2024-03-25,S003,Roller,1,0,1.0,0.0,0.0,0.5,1.0,0.5773502691896257,1.0,0,2024,3,1,13,4,4,1,1,0,0,1,1,0,1,1,0
2024-04-01,S003,Roller,0,0,1.0,1.0,0.0,0.5,1.0,0.5773502691896257,0.0,1,2024,4,2,14,4,3,2,1,1,0,0,0,0,0,1,1
2024-04-08,S003,Roller,0,0,0.0,1.0,0.0,0.5,1.0,0.5773502691896257,0.0,2,2024,4,2,15,4,3,2,1,1,0,0,0,0,0,0,1
2024-04-15,S003,Roller,0,0,0.0,0.0,1.0,0.25,1.0,0.5,-1.0,3,2024,4,2,16,4,2,3,1,0,0,0,0,0,0,0,0
2024-04-22,S003,Roller,0,1,0.0,0.0,1.0,0.0,0.0,0.0,-1.0,4,2024,4,2,17,4,2,3,1,0,0,0,0,0,0,0,0
2024-04-29,S003,Roller,1,2,0.0,0.0,0.0,0.25,1.0,0.5,1.0,0,2024,4,2,18,5,3,3,1,0,0,0,1,1,0,0,0
2024-05-06,S003,Roller,2,3,1.0,0.0,0.0,0.75,2.0,0.9574271077563381,2.0,0,2024,5,2,19,6,4,2,0,1,1,0,2,1,0,1,0
2024-05-13,S003,Roller,3,3,2.0,1.0,0.0,1.5,3.0,1.2909944487358056,3.0,0,2024,5,2,20,6,4,1,0,1,1,0,3,1,0,2,0
2024-05-20,S003,Roller,3,0,3.0,2.0,0.0,2.25,3.0,0.9574271077563381,3.0,0,2024,5,2,21,4,2,1,0,0,0,0,3,0,3,2,0
2024-05-27,S003,Roller,0,1,3.0,3.0,1.0,2.0,3.0,1.4142135623730951,-1.0,1,2024,5,2,22,2,1,2,0,0,0,0,0,0,0,1,3
2024-06-03,S003,Roller,1,1,0.0,3.0,2.0,1.75,3.0,1.5,-1.0,0,2024,6,2,23,3,2,2,0,0,0,0,1,1,0,0,3
2024-06-10,S003,Roller,1,0,1.0,0.0,3.0,1.25,3.0,1.2583057392117916,-2.0,0,2024,6,2,24,3,2,2,0,0,0,0,1,0,1,1,0
2024-06-17,S003,Roller,0,0,1.0,1.0,3.0,0.5,1.0,0.5773502691896253,-3.0,1,2024,6,2,25,1,1,1,0,0,0,0,0,0,0,1,1
2024-06-24,S003,Roller,0,0,0.0,1.0,0.0,0.5,1.0,0.5773502691896253,0.0,2,2024,6,2,26,1,1,1,0,0,0,0,0,0,0,0,1
2024-07-01,S003,Roller,0,0,0.0,0.0,1.0,0.25,1.0,0.4999999999999995,-1.0,3,2024,7,3,27,2,2,1,0,0,0,1,0,0,0,0,0
2024-07-08,S003,Roller,0,0,0.0,0.0,1.0,0.0,0.0,0.0,-1.0,4,2024,7,3,28,2,2,1,0,0,0,1,0,0,0,0,0
2024-07-15,S003,Roller,0,0,0.0,0.0,0.0,0.0,0.0,0.0,0.0,5,2024,7,3,29,4,3,2,0,0,1,1,0,0,0,0,0
2024-07-22,S003,Roller,0,0,0.0,0.0,0.0,0.0,0.0,0.0,0.0,6,2024,7,3,30,5,4,2,1,0,1,1,0,0,0,0,0
2024-07-29,S003,Roller,0,0,0.0,0.0,0.0,0.0,0.0,0.0,0.0,7,2024,7,3,31,3,3,0,1,0,1,1,0,0,0,0,0
2024-08-05,S003,Roller,0,0,0.0,0.0,0.0,0.0,0.0,0.0,0.0,8,2024,8,3,32,1,1,1,0,0,0,0,0,0,0,0,0
2024-08-12,S003,Roller,0,0,0.0,0.0,0.0,0.0,0.0,0.0,0.0,9,2024,8,3,33,1,1,1,0,0,0,0,0,0,0,0,0
2024-08-19,S003,Roller,0,0,0.0,0.0,0.0,0.0,0.0,0.0,0.0,10,2024,8,3,34,3,2,2,1,0,0,0,0,0,0,0,0
2024-08-26,S003,Roller,0,0,0.0,0.0,0.0,0.0,0.0,0.0,0.0,11,2024,8,3,35,3,2,2,1,0,0,0,0,0,0,0,0
2024-09-02,S003,Roller,0,0,0.0,0.0,0.0,0.0,0.0,0.0,0.0,12,2024,9,3,36,5,3,3,1,1,0,0,0,0,0,0,0
2024-09-09,S003,Roller,0,0,0.0,0.0,0.0,0.0,0.0,0.0,0.0,13,2024,9,3,37,4,2,3,0,1,0,0,0,0,0,0,0
2024-09-16,S003,Roller,0,0,0.0,0.0,0.0,0.0,0.0,0.0,0.0,14,2024,9,3,38,2,2,1,0,1,0,0,0,0,0,0,0
2024-09-23,S003,Roller,0,0,0.0,0.0,0.0,0.0,0.0,0.0,0.0,15,2024,9,3,39,4,3,0,2,1,0,1,0,0,0,0,0
2024-09-30,S003,Roller,0,0,0.0,0.0,0.0,0.0,0.0,0.0,0.0,16,2024,9,3,40,5,3,0,2,1,0,2,0,0,0,0,0
2024-10-07,S003,Roller,0,0,0.0,0.0,0.0,0.0,0.0,0.0,0.0,17,2024,10,4,41,4,1,0,0,0,0,4,0,0,0,0,0
2024-10-14,S003,Roller,0,0,0.0,0.0,0.0,0.0,0.0,0.0,0.0,18,2024,10,4,42,4,1,0,0,0,0,4,0,0,0,0,0
2024-10-21,S003,Roller,0,0,0.0,0.0,0.0,0.0,0.0,0.0,0.0,19,2024,10,4,43,4,3,1,1,0,0,2,0,0,0,0,0
2024-10-28,S003,Roller,0,1,0.0,0.0,0.0,0.0,0.0,0.0,0.0,20,2024,10,4,44,3,3,1,1,0,0,1,0,0,0,0,0
2024-11-04,S003,Roller,1,1,0.0,0.0,0.0,0.25,1.0,0.5,1.0,0,2024,11,4,45,6,5,1,2,1,0,1,1,1,0,0,0
2024-11-11,S003,Roller,1,1,1.0,0.0,0.0,0.5,1.0,0.5773502691896257,1.0,0,2024,11,4,46,8,6,1,2,2,1,1,1,0,0,1,0
2024-11-18,S003,Roller,1,1,1.0,1.0,0.0,0.75,1.0,0.5,1.0,0,2024,11,4,47,7,6,1,1,2,1,1,1,0,1,1,0
2024-11-25,S003,Roller,1,1,1.0,1.0,0.0,1.0,1.0,0.0,1.0,0,2024,11,4,48,5,4,0,1,2,0,1,1,1,0,0,1
2024-12-02,S003,Roller,1,0,1.0,1.0,1.0,1.0,1.0,0.0,0.0,0,2024,12,4,49,4,3,0,1,2,0,0,1,0,1,1,1
2024-12-09,S003,Roller,0,0,1.0,1.0,1.0,0.75,1.0,0.5,-1.0,1,2024,12,4,50,2,2,0,1,1,0,0,0,0,0,1,1
2024-12-16,S003,Roller,0,0,0.0,1.0,1.0,0.5,1.0,0.5773502691896257,-1.0,2,2024,12,4,51,2,2,0,1,1,0,0,0,0,0,0,1
2024-12-23,S003,Roller,0,0,0.0,0.0,1.0,0.25,1.0,0.5,-1.0,3,2024,12,4,52,1,1,0,1,0,0,0,0,0,0,0,0
2024-12-30,S003,Roller,0,0,0.0,0.0,1.0,0.0,0.0,0.0,-1.0,4,2024,12,4,1,3,3,1,1,1,0,0,0,0,0,0,0
2025-01-06,S003,Roller,0,1,0.0,0.0,0.0,0.0,0.0,0.0,0.0,5,2025,1,1,2,3,3,1,1,1,0,0,0,0,0,0,0
2025-01-13,S003,Roller,1,2,0.0,0.0,0.0,0.25,1.0,0.5,1.0,0,2025,1,1,3,3,3,1,1,0,0,0,1,1,0,0,0
2025-01-20,S003,Roller,2,2,1.0,0.0,0.0,0.75,2.0,0.9574271077563381,2.0,0,2025,1,1,4,5,4,1,1,1,0,0,2,1,0,1,0
2025-01-27,S003,Roller,2,2,2.0,1.0,0.0,1.25,2.0,0.9574271077563381,2.0,0,2025,1,1,5,3,2,0,0,1,0,0,2,0,0,2,0
2025-02-03,S003,Roller,2,1,2.0,2.0,0.0,1.75,2.0,0.4999999999999999,2.0,0,2025,2,1,6,4,3,1,0,0,0,1,2,0,1,1,0
2025-02-10,S003,Roller,1,2,2.0,2.0,1.0,1.75,2.0,0.5,0.0,0,2025,2,1,7,5,4,1,0,0,1,2,1,0,0,0,1
2025-02-17,S003,Roller,2,2,1.0,2.0,2.0,1.75,2.0,0.5,0.0,0,2025,2,1,8,6,4,1,0,0,1,2,2,1,0,0,1
2025-02-24,S003,Roller,2,1,2.0,1.0,2.0,1.75,2.0,0.5,0.0,0,2025,2,1,9,6,4,1,0,0,1,2,2,0,1,1,0
2025-03-03,S003,Roller,1,2,2.0,2.0,2.0,1.5,2.0,0.5773502691896257,-1.0,0,2025,3,1,10,4,4,1,0,0,1,1,1,0,0,1,1
2025-03-10,S003,Roller,2,2,1.0,2.0,1.0,1.75,2.0,0.5,1.0,0,2025,3,1,11,6,5,1,0,1,1,1,2,1,0,0,1
2025-03-17,S003,Roller,2,2,2.0,1.0,2.0,1.75,2.0,0.5,0.0,0,2025,3,1,12,6,4,0,0,1,1,2,2,0,0,1,0
2025-03-24,S003,Roller,2,1,2.0,2.0,2.0,1.75,2.0,0.5,0.0,0,2025,3,1,13,4,2,0,0,0,0,2,2,0,2,1,0
2025-03-31,S003,Roller,1,4,2.0,2.0,1.0,1.75,2.0,0.5,0.0,0,2025,3,1,14,2,2,0,0,0,0,1,1,1,0,0,2
2025-04-07,S003,Roller,4,4,1.0,2.0,2.0,2.25,4.0,1.2583057392117916,2.0,0,2025,4,2,15,4,1,0,0,0,0,0,4,3,0,1,2
2025-04-14,S003,Roller,4,3,4.0,1.0,2.0,2.75,4.0,1.5,2.0,0,2025,4,2,16,5,2,0,0,0,1,0,4,0,1,4,0
2025-04-21,S003,Roller,3,1,4.0,4.0,2.0,3.0,4.0,1.4142135623730951,1.0,0,2025,4,2,17,6,3,0,2,0,1,0,3,0,2,3,1
2025-04-28,S003,Roller,1,1,3.0,4.0,1.0,3.0,4.0,1.4142135623730951,0.0,0,2025,4,2,18,4,3,0,2,0,1,0,1,0,1,0,3
2025-05-05,S003,Roller,1,1,1.0,3.0,4.0,2.25,4.0,1.4999999999999998,-3.0,0,2025,5,2,19,3,3,0,0,0,1,1,1,1,0,0,3
2025-05-12,S003,Roller,1,1,1.0,1.0,4.0,1.5,3.0,0.9999999999999997,-3.0,0,2025,5,2,20,2,2,0,0,0,0,1,1,0,1,1,1
2025-05-19,S003,Roller,1,1,1.0,1.0,3.0,1.0,1.0,0.0,-2.0,0,2025,5,2,21,1,1,0,0,0,0,0,1,1,0,1,1
2025-05-26,S003,Roller,1,1,1.0,1.0,1.0,1.0,1.0,0.0,0.0,0,2025,5,2,22,2,2,0,0,0,0,1,1,0,1,1,1
2025-06-02,S003,Roller,1,1,1.0,1.0,1.0,1.0,1.0,0.0,0.0,0,2025,6,2,23,2,2,0,0,0,0,1,1,1,0,1,1
2025-06-09,S003,Roller,1,1,1.0,1.0,1.0,1.0,1.0,0.0,0.0,0,2025,6,2,24,2,2,0,0,0,0,1,1,0,1,1,1
2025-06-16,S003,Roller,1,1,1.0,1.0,1.0,1.0,1.0,0.0,0.0,0,2025,6,2,25,2,2,0,0,0,0,1,1,1,0,1,1
2025-06-23,S003,Roller,1,1,1.0,1.0,1.0,1.0,1.0,0.0,0.0,0,2025,6,2,26,2,2,0,0,1,0,0,1,0,1,1,1
2025-06-30,S003,Roller,1,1,1.0,1.0,1.0,1.0,1.0,0.0,0.0,0,2025,6,2,27,4,2,0,0,3,0,0,1,1,0,1,1
2025-07-07,S003,Roller,1,1,1.0,1.0,1.0,1.0,1.0,0.0,0.0,0,2025,7,3,28,4,2,0,0,3,0,0,1,0,0,1,1
2025-07-14,S003,Roller,1,1,1.0,1.0,1.0,1.0,1.0,0.0,0.0,0,2025,7,3,29,4,3,0,0,2,0,1,1,0,0,1,0
2025-07-21,S003,Roller,1,1,1.0,1.0,1.0,1.0,1.0,0.0,0.0,0,2025,7,3,30,3,3,0,0,1,0,1,1,0,0,0,0
2025-07-28,S003,Roller,1,1,1.0,1.0,1.0,1.0,1.0,0.0,0.0,0,2025,7,3,31,2,2,0,0,1,0,0,1,0,1,0,0
2025-08-04,S003,Roller,1,1,1.0,1.0,1.0,1.0,1.0,0.0,0.0,0,2025,8,3,32,3,3,1,0,1,0,0,1,1,0,0,1
2025-08-11,S003,Roller,1,0,1.0,1.0,1.0,1.0,1.0,0.0,0.0,0,2025,8,3,33,3,3,1,0,1,0,0,1,0,1,1,1
2025-08-18,S003,Roller,0,0,1.0,1.0,1.0,0.75,1.0,0.5,-1.0,1,2025,8,3,34,2,2,1,1,0,0,0,0,0,0,1,1
2025-08-25,S003,Roller,0,0,0.0,1.0,1.0,0.5,1.0,0.5773502691896257,-1.0,2,2025,8,3,35,1,1,0,1,0,0,0,0,0,0,0,1
2025-09-01,S003,Roller,0,0,0.0,0.0,1.0,0.25,1.0,0.5,-1.0,3,2025,9,3,36,2,2,0,1,1,0,0,0,0,0,0,0
2025-09-08,S003,Roller,0,0,0.0,0.0,1.0,0.0,0.0,0.0,-1.0,4,2025,9,3,37,2,2,1,0,1,0,0,0,0,0,0,0
2025-09-15,S003,Roller,0,1,0.0,0.0,0.0,0.0,0.0,0.0,0.0,5,2025,9,3,38,4,3,1,2,1,0,0,0,0,0,0,0
2025-09-22,S003,Roller,1,1,0.0,0.0,0.0,0.25,1.0,0.5,1.0,0,2025,9,3,39,6,5,1,2,1,1,0,1,1,0,0,0
2025-09-29,S003,Roller,1,0,1.0,0.0,0.0,0.5,1.0,0.5773502691896257,1.0,0,2025,9,3,40,5,5,1,0,1,1,1,1,0,1,1,0
2025-10-06,S003,Roller,0,0,1.0,1.0,0.0,0.5,1.0,0.5773502691896257,0.0,1,2025,10,4,41,3,2,2,0,0,0,1,0,0,0,1,1
2025-10-13,S003,Roller,0,0,0.0,1.0,0.0,0.5,1.0,0.5773502691896257,0.0,2,2025,10,4,42,3,2,2,0,0,0,1,0,0,0,0,1
2025-10-20,S003,Roller,0,0,0.0,0.0,1.0,0.25,1.0,0.5,-1.0,3,2025,10,4,43,4,3,1,0,0,1,2,0,0,0,0,0
2025-10-27,S003,Roller,0,0,0.0,0.0,1.0,0.0,0.0,0.0,-1.0,4,2025,10,4,44,3,2,0,0,0,1,2,0,0,0,0,0
2025-11-03,S003,Roller,0,1,0.0,0.0,0.0,0.0,0.0,0.0,0.0,5,2025,11,4,45,4,3,0,1,0,1,2,0,0,0,0,0
2025-11-10,S003,Roller,1,1,0.0,0.0,0.0,0.25,1.0,0.5,1.0,0,2025,11,4,46,7,5,0,1,2,1,2,1,1,0,0,0
2025-11-17,S003,Roller,1,2,1.0,0.0,0.0,0.5,1.0,0.5773502691896257,1.0,0,2025,11,4,47,3,2,0,0,2,0,0,1,0,0,1,0
2025-11-24,S003,Roller,2,2,1.0,1.0,0.0,1.0,2.0,0.816496580927726,2.0,0,2025,11,4,48,6,4,1,0,2,1,0,2,1,0,1,0
2025-12-01,S003,Roller,2,2,2.0,1.0,0.0,1.5,2.0,0.5773502691896257,2.0,0,2025,12,4,49,5,4,1,0,1,1,0,2,0,0,1,0
2025-12-08,S003,Roller,2,0,2.0,2.0,1.0,1.75,2.0,0.5,1.0,0,2025,12,4,50,6,3,1,0,3,0,0,2,0,2,1,0
2025-12-15,S003,Roller,0,0,2.0,2.0,1.0,1.5,2.0,1.0,-1.0,1,2025,12,4,51,5,3,1,0,3,0,1,0,0,0,0,2
2024-01-01,S004,Bulldozer,1,1,0.0,0.0,0.0,0.0,0.0,0.0,0.0,0,2024,1,1,1,2,2,0,1,0,1,0,0,1,0,0,0
2024-01-08,S004,Bulldozer,1,1,1.0,0.0,0.0,0.0,0.0,0.0,0.0,0,2024,1,1,2,3,3,0,1,0,1,1,0,0,1,1,0
2024-01-15,S004,Bulldozer,1,1,1.0,1.0,0.0,0.0,0.0,0.0,0.0,0,2024,1,1,3,4,4,1,1,0,0,1,1,1,0,1,1
2024-01-22,S004,Bulldozer,1,0,1.0,1.0,0.0,1.0,1.0,0.0,0.0,0,2024,1,1,4,3,3,1,1,0,0,0,1,0,1,1,1
2024-01-29,S004,Bulldozer,0,1,1.0,1.0,1.0,0.75,1.0,0.5,-1.0,1,2024,1,1,5,3,3,1,0,1,0,0,1,0,0,1,1
2024-02-05,S004,Bulldozer,1,1,0.0,1.0,1.0,0.75,1.0,0.5,0.0,0,2024,2,1,6,4,4,1,1,1,0,0,1,1,0,0,1
2024-02-12,S004,Bulldozer,1,2,1.0,0.0,1.0,0.75,1.0,0.5,0.0,0,2024,2,1,7,4,4,1,1,1,0,0,1,0,1,1,0
2024-02-19,S004,Bulldozer,2,2,1.0,1.0,1.0,1.0,2.0,0.816496580927726,1.0,0,2024,2,1,8,7,5,1,2,1,0,1,2,2,0,1,1
2024-02-26,S004,Bulldozer,2,2,2.0,1.0,0.0,1.5,2.0,0.5773502691896257,2.0,0,2024,2,1,9,8,5,1,2,2,0,1,2,0,0,2,1
2024-03-04,S004,Bulldozer,2,2,2.0,2.0,1.0,1.75,2.0,0.5,1.0,0,2024,3,1,10,6,4,1,2,2,0,0,1,0,0,2,0
2024-03-11,S004,Bulldozer,2,1,2.0,2.0,1.0,2.0,2.0,0.0,1.0,0,2024,3,1,11,4,3,0,2,1,0,0,1,0,2,0,0
2024-03-18,S004,Bulldozer,1,1,2.0,2.0,2.0,1.75,2.0,0.5,-1.0,0,2024,3,1,12,5,4,2,1,1,0,0,1,1,0,0,2
2024-03-25,S004,Bulldozer,1,1,1.0,2.0,2.0,1.5,2.0,0.5773502691896257,-1.0,0,2024,3,1,13,5,4,2,1,1,0,0,1,0,0,1,2
2024-04-01,S004,Bulldozer,1,1,1.0,1.0,2.0,1.25,2.0,0.5,-1.0,0,2024,4,2,14,4,4,1,1,1,0,0,1,0,0,1,0
2024-04-08,S004,Bulldozer,1,0,1.0,1.0,2.0,1.0,1.0,0.0,-1.0,0,2024,4,2,15,5,5,1,1,1,1,0,1,0,1,0,0
2024-04-15,S004,Bulldozer,0,1,1.0,1.0,1.0,0.75,1.0,0.5,-1.0,1,2024,4,2,16,5,4,2,0,1,1,0,1,0,0,0,1
2024-04-22,S004,Bulldozer,1,1,0.0,1.0,1.0,0.75,1.0,0.5,0.0,0,2024,4,2,17,4,3,2,1,0,0,0,1,1,0,0,1
2024-04-29,S004,Bulldozer,1,1,1.0,0.0,1.0,0.75,1.0,0.5,0.0,0,2024,4,2,18,2,2,1,1,0,0,0,0,0,1,1,0
2024-05-06,S004,Bulldozer,1,1,1.0,1.0,1.0,0.75,1.0,0.5,0.0,0,2024,5,2,19,3,3,1,1,0,0,1,0,1,0,1,1
2024-05-13,S004,Bulldozer,1,0,1.0,1.0,0.0,1.0,1.0,0.0,1.0,0,2024,5,2,20,3,3,0,1,1,0,1,0,0,1,1,1
2024-05-20,S004,Bulldozer,0,0,1.0,1.0,1.0,0.75,1.0,0.5,-1.0,1,2024,5,2,21,3,3,1,0,1,0,1,0,0,0,1,1
2024-05-27,S004,Bulldozer,0,1,0.0,1.0,1.0,0.5,1.0,0.5773502691896257,-1.0,2,2024,5,2,22,1,1,1,0,0,0,0,0,0,0,0,1
2024-06-03,S004,Bulldozer,1,1,0.0,0.0,1.0,0.5,1.0,0.5773502691896257,0.0,0,2024,6,2,23,2,2,0,1,1,0,0,0,1,0,0,0
2024-06-10,S004,Bulldozer,1,0,1.0,0.0,1.0,0.5,1.0,0.5773502691896257,0.0,0,2024,6,2,24,3,3,0,1,1,0,0,1,0,1,1,0
2024-06-17,S004,Bulldozer,0,0,1.0,1.0,0.0,0.5,1.0,0.5773502691896257,0.0,1,2024,6,2,25,1,1,0,0,0,0,0,1,0,0,1,1
2024-06-24,S004,Bulldozer,0,0,0.0,1.0,0.0,0.5,1.0,0.5773502691896257,0.0,2,2024,6,2,26,1,1,0,0,1,0,0,0,0,0,0,1
2024-07-01,S004,Bulldozer,0,1,0.0,0.0,1.0,0.25,1.0,0.5,-1.0,3,2024,7,3,27,2,2,1,0,1,0,0,0,0,0,0,0
2024-07-08,S004,Bulldozer,1,1,0.0,0.0,1.0,0.25,1.0,0.5,0.0,0,2024,7,3,28,2,2,1,1,0,0,0,0,1,0,0,0
2024-07-15,S004,Bulldozer,1,1,1.0,0.0,0.0,0.5,1.0,0.5773502691896257,1.0,0,2024,7,3,29,5,3,3,1,1,0,0,0,0,1,1,0
2024-07-22,S004,Bulldozer,1,1,1.0,1.0,0.0,0.75,1.0,0.5,1.0,0,2024,7,3,30,6,3,4,1,1,0,0,0,1,0,1,1
2024-07-29,S004,Bulldozer,1,1,1.0,1.0,0.0,1.0,1.0,0.0,1.0,0,2024,7,3,31,5,2,4,1,0,0,0,0,0,1,1,1
2024-08-05,S004,Bulldozer,1,1,1.0,1.0,1.0,1.0,1.0,0.0,0.0,0,2024,8,3,32,5,3,3,1,0,0,1,0,1,0,1,1
2024-08-12,S004,Bulldozer,1,1,1.0,1.0,1.0,1.0,1.0,0.0,0.0,0,2024,8,3,33,5,3,3,1,0,0,1,0,0,1,1,1
2024-08-19,S004,Bulldozer,1,1,1.0,1.0,1.0,1.0,1.0,0.0,0.0,0,2024,8,3,34,4,3,2,1,1,0,0,0,1,0,1,1
2024-08-26,S004,Bulldozer,1,0,1.0,1.0,1.0,1.0,1.0,0.0,0.0,0,2024,8,3,35,4,4,1,1,1,1,0,0,0,1,1,1
2024-09-02,S004,Bulldozer,0,0,1.0,1.0,1.0,0.75,1.0,0.5,-1.0,1,2024,9,3,36,2,2,1,0,0,1,0,0,0,0,1,1
2024-09-09,S004,Bulldozer,0,0,0.0,1.0,1.0,0.5,1.0,0.5773502691896257,-1.0,2,2024,9,3,37,1,1,1,0,0,0,0,0,0,0,0,1
2024-09-16,S004,Bulldozer,0,0,0.0,0.0,1.0,0.25,1.0,0.5,-1.0,3,2024,9,3,38,2,1,2,0,0,0,0,0,0,0,0,0
2024-09-23,S004,Bulldozer,0,0,0.0,0.0,1.0,0.0,0.0,0.0,-1.0,4,2024,9,3,39,3,2,2,0,1,0,0,0,0,0,0,0
2024-09-30,S004,Bulldozer,0,0,0.0,0.0,0.0,0.0,0.0,0.0,0.0,5,2024,9,3,40,4,4,1,0,1,1,1,0,0,0,0,0
2024-10-07,S004,Bulldozer,0,1,0.0,0.0,0.0,0.0,0.0,0.0,0.0,6,2024,10,4,41,5,5,1,0,1,1,1,1,0,0,0,0
2024-10-14,S004,Bulldozer,1,1,0.0,0.0,0.0,0.25,1.0,0.5,1.0,0,2024,10,4,42,3,3,0,1,0,1,0,1,1,0,0,0
2024-10-21,S004,Bulldozer,1,1,1.0,0.0,0.0,0.5,1.0,0.5773502691896257,1.0,0,2024,10,4,43,3,3,1,1,0,1,0,0,0,0,1,0
2024-10-28,S004,Bulldozer,1,1,1.0,1.0,0.0,0.75,1.0,0.5,1.0,0,2024,10,4,44,5,4,2,1,0,1,0,1,0,0,1,0
2024-11-04,S004,Bulldozer,1,1,1.0,1.0,0.0,1.0,1.0,0.0,1.0,0,2024,11,4,45,5,4,2,1,0,1,0,1,0,0,0,0
2024-11-11,S004,Bulldozer,1,0,1.0,1.0,1.0,1.0,1.0,0.0,0.0,0,2024,11,4,46,3,3,1,1,1,0,0,0,0,1,0,0
2024-11-18,S004,Bulldozer,0,0,1.0,1.0,1.0,0.75,1.0,0.5,-1.0,1,2024,11,4,47,4,4,1,0,1,1,1,0,0,0,0,1
2024-11-25,S004,Bulldozer,0,0,0.0,1.0,1.0,0.5,1.0,0.5773502691896257,-1.0,2,2024,11,4,48,4,4,0,0,1,1,1,1,0,0,0,1
2024-12-02,S004,Bulldozer,0,0,0.0,0.0,1.0,0.25,1.0,0.5,-1.0,3,2024,12,4,49,5,4,1,0,1,1,0,2,0,0,0,0
2024-12-09,S004,Bulldozer,0,0,0.0,0.0,1.0,0.0,0.0,0.0,-1.0,4,2024,12,4,50,5,4,1,0,1,1,0,2,0,0,0,0
2024-12-16,S004,Bulldozer,0,0,0.0,0.0,0.0,0.0,0.0,0.0,0.0,5,2024,12,4,51,3,2,1,0,0,0,0,2,0,0,0,0
2024-12-23,S004,Bulldozer,0,0,0.0,0.0,0.0,0.0,0.0,0.0,0.0,6,2024,12,4,52,2,2,1,0,0,0,0,1,0,0,0,0
2024-12-30,S004,Bulldozer,0,0,0.0,0.0,0.0,0.0,0.0,0.0,0.0,7,2024,12,4,1,6,4,1,0,0,2,2,1,0,0,0,0
2025-01-06,S004,Bulldozer,0,1,0.0,0.0,0.0,0.0,0.0,0.0,0.0,8,2025,1,1,2,8,4,1,0,0,2,2,3,0,0,0,0
2025-01-13,S004,Bulldozer,1,1,0.0,0.0,0.0,0.25,1.0,0.5,1.0,0,2025,1,1,3,9,5,2,1,0,2,1,3,1,0,0,0
2025-01-20,S004,Bulldozer,1,0,1.0,0.0,0.0,0.5,1.0,0.5773502691896257,1.0,0,2025,1,1,4,8,6,2,1,1,1,1,2,0,1,1,0
2025-01-27,S004,Bulldozer,0,1,1.0,1.0,0.0,0.5,1.0,0.5773502691896257,0.0,1,2025,1,1,5,7,5,3,0,1,1,1,1,0,0,1,1
2025-02-03,S004,Bulldozer,1,1,0.0,1.0,0.0,0.75,1.0,0.5,1.0,0,2025,2,1,6,9,5,5,1,1,0,1,1,1,0,0,1
2025-02-10,S004,Bulldozer,1,1,1.0,0.0,1.0,0.75,1.0,0.5,0.0,0,2025,2,1,7,7,3,5,1,0,0,0,1,0,1,1,0
2025-02-17,S004,Bulldozer,1,1,1.0,1.0,1.0,0.75,1.0,0.5,0.0,0,2025,2,1,8,3,2,0,1,2,0,0,0,1,0,1,1
2025-02-24,S004,Bulldozer,1,1,1.0,1.0,0.0,1.0,1.0,0.0,1.0,0,2025,2,1,9,4,3,0,1,2,0,0,1,0,0,1,1
2025-03-03,S004,Bulldozer,1,0,1.0,1.0,1.0,1.0,1.0,0.0,0.0,0,2025,3,1,10,4,3,0,1,2,0,0,1,0,1,1,0
2025-03-10,S004,Bulldozer,0,1,1.0,1.0,1.0,0.75,1.0,0.5,-1.0,1,2025,3,1,11,5,4,2,0,0,1,1,1,0,0,0,1
2025-03-17,S004,Bulldozer,1,1,0.0,1.0,1.0,0.75,1.0,0.5,0.0,0,2025,3,1,12,6,5,2,1,0,1,1,1,1,0,0,1
2025-03-24,S004,Bulldozer,1,0,1.0,0.0,1.0,0.75,1.0,0.5,0.0,0,2025,3,1,13,4,4,1,1,0,1,1,0,0,1,1,0
2025-03-31,S004,Bulldozer,0,0,1.0,1.0,1.0,0.5,1.0,0.5773502691896257,-1.0,1,2025,3,1,14,2,2,1,0,0,0,1,0,0,0,1,1
2025-04-07,S004,Bulldozer,0,0,0.0,1.0,0.0,0.5,1.0,0.5773502691896257,0.0,2,2025,4,2,15,1,1,0,0,0,0,1,0,0,0,0,1
2025-04-14,S004,Bulldozer,0,0,0.0,0.0,1.0,0.25,1.0,0.5,-1.0,3,2025,4,2,16,0,0,0,0,0,0,0,0,0,0,0,0
2025-04-21,S004,Bulldozer,0,0,0.0,0.0,1.0,0.0,0.0,0.0,-1.0,4,2025,4,2,17,0,0,0,0,0,0,0,0,0,0,0,0
2025-04-28,S004,Bulldozer,0,0,0.0,0.0,0.0,0.0,0.0,0.0,0.0,5,2025,4,2,18,2,2,0,0,0,1,1,0,0,0,0,0
2025-05-05,S004,Bulldozer,0,0,0.0,0.0,0.0,0.0,0.0,0.0,0.0,6,2025,5,2,19,3,3,1,0,0,1,1,0,0,0,0,0
2025-05-12,S004,Bulldozer,0,1,0.0,0.0,0.0,0.0,0.0,0.0,0.0,7,2025,5,2,20,3,3,1,0,0,1,1,0,0,0,0,0
2025-05-19,S004,Bulldozer,1,1,0.0,0.0,0.0,0.25,1.0,0.5,1.0,0,2025,5,2,21,2,2,0,1,0,0,1,0,1,0,0,0
2025-05-26,S004,Bulldozer,1,0,1.0,0.0,0.0,0.5,1.0,0.5773502691896257,1.0,0,2025,5,2,22,2,2,0,1,0,0,1,0,0,1,1,0
2025-06-02,S004,Bulldozer,0,1,1.0,1.0,0.0,0.5,1.0,0.5773502691896257,0.0,1,2025,6,2,23,0,0,0,0,0,0,0,0,0,0,1,1
2025-06-09,S004,Bulldozer,1,1,0.0,1.0,0.0,0.75,1.0,0.5,1.0,0,2025,6,2,24,2,2,0,1,0,0,1,0,1,0,0,1
2025-06-16,S004,Bulldozer,1,1,1.0,0.0,1.0,0.75,1.0,0.5,0.0,0,2025,6,2,25,2,2,0,1,0,0,1,0,0,0,1,0
2025-06-23,S004,Bulldozer,1,1,1.0,1.0,1.0,0.75,1.0,0.5,0.0,0,2025,6,2,26,1,1,0,1,0,0,0,0,0,0,1,0
2025-06-30,S004,Bulldozer,1,1,1.0,1.0,0.0,1.0,1.0,0.0,1.0,0,2025,6,2,27,2,2,1,1,0,0,0,0,0,1,0,0
2025-07-07,S004,Bulldozer,1,1,1.0,1.0,1.0,1.0,1.0,0.0,0.0,0,2025,7,3,28,5,5,1,1,1,1,1,0,1,0,0,1
2025-07-14,S004,Bulldozer,1,1,1.0,1.0,1.0,1.0,1.0,0.0,0.0,0,2025,7,3,29,5,5,1,1,1,1,1,0,0,0,1,1
2025-07-21,S004,Bulldozer,1,1,1.0,1.0,1.0,1.0,1.0,0.0,0.0,0,2025,7,3,30,2,2,0,1,0,0,0,1,0,1,1,0
2025-07-28,S004,Bulldozer,1,1,1.0,1.0,1.0,1.0,1.0,0.0,0.0,0,2025,7,3,31,3,3,1,1,0,0,0,1,1,0,0,1
2025-08-04,S004,Bulldozer,1,1,1.0,1.0,1.0,1.0,1.0,0.0,0.0,0,2025,8,3,32,5,5,1,1,1,0,1,1,0,0,1,1
2025-08-11,S004,Bulldozer,1,2,1.0,1.0,1.0,1.0,1.0,0.0,0.0,0,2025,8,3,33,4,4,0,1,1,0,1,1,0,0,1,0
2025-08-18,S004,Bulldozer,2,2,1.0,1.0,1.0,1.25,2.0,0.5,1.0,0,2025,8,3,34,2,1,0,2,0,0,0,0,1,0,0,0
2025-08-25,S004,Bulldozer,2,1,2.0,1.0,1.0,1.5,2.0,0.5773502691896257,1.0,0,2025,8,3,35,3,2,0,2,0,0,0,1,0,1,1,0
2025-09-01,S004,Bulldozer,1,0,2.0,2.0,1.0,1.5,2.0,0.5773502691896257,0.0,0,2025,9,3,36,2,2,0,1,0,0,0,1,0,1,1,1
2025-09-08,S004,Bulldozer,0,1,1.0,2.0,1.0,1.25,2.0,0.9574271077563381,-1.0,1,2025,9,3,37,0,0,0,0,0,0,0,0,0,0,0,2
2025-09-15,S004,Bulldozer,1,2,0.0,1.0,2.0,1.0,2.0,0.816496580927726,-1.0,0,2025,9,3,38,5,3,1,1,3,0,0,0,1,0,0,1
2025-09-22,S004,Bulldozer,2,2,1.0,0.0,2.0,1.0,2.0,0.816496580927726,0.0,0,2025,9,3,39,6,3,1,2,3,0,0,0,1,0,1,0
2025-09-29,S004,Bulldozer,2,1,2.0,1.0,1.0,1.25,2.0,0.9574271077563381,1.0,0,2025,9,3,40,4,3,1,2,1,0,0,0,0,1,2,0
2025-10-06,S004,Bulldozer,1,1,2.0,2.0,0.0,1.5,2.0,0.5773502691896257,1.0,0,2025,10,4,41,5,4,1,1,2,0,1,0,0,0,1,1
2025-10-13,S004,Bulldozer,1,1,1.0,2.0,1.0,1.5,2.0,0.5773502691896257,0.0,0,2025,10,4,42,6,4,2,1,2,0,1,0,0,0,0,1
2025-10-20,S004,Bulldozer,1,0,1.0,1.0,2.0,1.25,2.0,0.4999999999999999,-1.0,0,2025,10,4,43,4,3,2,1,1,0,0,0,0,1,0,0
2025-10-27,S004,Bulldozer,0,0,1.0,1.0,2.0,0.75,1.0,0.5,-2.0,1,2025,10,4,44,3,3,1,0,1,0,0,1,0,0,0,1
2025-11-03,S004,Bulldozer,0,0,0.0,1.0,1.0,0.5,1.0,0.5773502691896257,-1.0,2,2025,11,4,45,2,2,0,0,1,0,0,1,0,0,0,1
2025-11-10,S004,Bulldozer,0,1,0.0,0.0,1.0,0.25,1.0,0.5,-1.0,3,2025,11,4,46,2,2,1,0,0,0,0,1,0,0,0,0
2025-11-17,S004,Bulldozer,1,1,0.0,0.0,1.0,0.25,1.0,0.5,0.0,0,2025,11,4,47,3,3,1,1,0,0,0,1,1,0,0,0
2025-11-24,S004,Bulldozer,1,1,1.0,0.0,0.0,0.5,1.0,0.5773502691896257,1.0,0,2025,11,4,48,4,4,1,1,1,0,0,1,0,0,1,0
2025-12-01,S004,Bulldozer,1,1,1.0,1.0,0.0,0.75,1.0,0.5,1.0,0,2025,12,4,49,8,6,2,1,2,1,1,1,0,1,1,0
2025-12-08,S004,Bulldozer,1,1,1.0,1.0,0.0,1.0,1.0,0.0,1.0,0,2025,12,4,50,10,6,2,1,3,1,1,2,1,0,0,1
2025-12-15,S004,Bulldozer,1,0,1.0,1.0,1.0,1.0,1.0,0.0,0.0,0,2025,12,4,51,8,5,0,1,3,1,1,2,0,1,1,1
2024-01-01,S004,Crane,1,1,0.0,0.0,0.0,0.0,0.0,0.0,0.0,0,2024,1,1,1,2,2,0,1,0,1,0,0,1,0,0,0
2024-01-08,S004,Crane,1,0,1.0,0.0,0.0,0.0,0.0,0.0,0.0,0,2024,1,1,2,3,3,0,1,0,1,1,0,0,1,1,0
2024-01-15,S004,Crane,0,0,1.0,1.0,0.0,0.0,0.0,0.0,0.0,1,2024,1,1,3,4,4,1,1,0,0,1,1,0,0,1,1
2024-01-22,S004,Crane,0,0,0.0,1.0,0.0,0.5,1.0,0.5773502691896257,0.0,2,2024,1,1,4,3,3,1,1,0,0,0,1,0,0,0,1
2024-01-29,S004,Crane,0,0,0.0,0.0,1.0,0.25,1.0,0.5,-1.0,3,2024,1,1,5,3,3,1,0,1,0,0,1,0,0,0,0
2024-02-05,S004,Crane,0,0,0.0,0.0,1.0,0.0,0.0,0.0,-1.0,4,2024,2,1,6,4,4,1,1,1,0,0,1,0,0,0,0
2024-02-12,S004,Crane,0,0,0.0,0.0,0.0,0.0,0.0,0.0,0.0,5,2024,2,1,7,4,4,1,1,1,0,0,1,0,0,0,0
2024-02-19,S004,Crane,0,0,0.0,0.0,0.0,0.0,0.0,0.0,0.0,6,2024,2,1,8,7,5,1,2,1,0,1,2,0,0,0,0
2024-02-26,S004,Crane,0,0,0.0,0.0,0.0,0.0,0.0,0.0,0.0,7,2024,2,1,9,8,5,1,2,2,0,1,2,0,0,0,0
2024-03-04,S004,Crane,0,0,0.0,0.0,0.0,0.0,0.0,0.0,0.0,8,2024,3,1,10,6,4,1,2,2,0,0,1,0,0,0,0
2024-03-11,S004,Crane,0,0,0.0,0.0,0.0,0.0,0.0,0.0,0.0,9,2024,3,1,11,4,3,0,2,1,0,0,1,0,0,0,0
2024-03-18,S004,Crane,0,0,0.0,0.0,0.0,0.0,0.0,0.0,0.0,10,2024,3,1,12,5,4,2,1,1,0,0,1,0,0,0,0
2024-03-25,S004,Crane,0,0,0.0,0.0,0.0,0.0,0.0,0.0,0.0,11,2024,3,1,13,5,4,2,1,1,0,0,1,0,0,0,0
2024-04-01,S004,Crane,0,1,0.0,0.0,0.0,0.0,0.0,0.0,0.0,12,2024,4,2,14,4,4,1,1,1,0,0,1,0,0,0,0
2024-04-08,S004,Crane,1,1,0.0,0.0,0.0,0.25,1.0,0.5,1.0,0,2024,4,2,15,5,5,1,1,1,1,0,1,1,0,0,0
2024-04-15,S004,Crane,1,0,1.0,0.0,0.0,0.5,1.0,0.5773502691896257,1.0,0,2024,4,2,16,5,4,2,0,1,1,0,1,0,1,1,0
2024-04-22,S004,Crane,0,0,1.0,1.0,0.0,0.5,1.0,0.5773502691896257,0.0,1,2024,4,2,17,4,3,2,1,0,0,0,1,0,0,1,1
2024-04-29,S004,Crane,0,0,0.0,1.0,0.0,0.5,1.0,0.5773502691896257,0.0,2,2024,4,2,18,2,2,1,1,0,0,0,0,0,0,0,1
2024-05-06,S004,Crane,0,0,0.0,0.0,1.0,0.25,1.0,0.5,-1.0,3,2024,5,2,19,3,3,1,1,0,0,1,0,0,0,0,0
2024-05-13,S004,Crane,0,0,0.0,0.0,1.0,0.0,0.0,0.0,-1.0,4,2024,5,2,20,3,3,0,1,1,0,1,0,0,0,0,0
2024-05-20,S004,Crane,0,0,0.0,0.0,0.0,0.0,0.0,0.0,0.0,5,2024,5,2,21,3,3,1,0,1,0,1,0,0,0,0,0
2024-05-27,S004,Crane,0,0,0.0,0.0,0.0,0.0,0.0,0.0,0.0,6,2024,5,2,22,1,1,1,0,0,0,0,0,0,0,0,0
2024-06-03,S004,Crane,0,0,0.0,0.0,0.0,0.0,0.0,0.0,0.0,7,2024,6,2,23,2,2,0,1,1,0,0,0,0,0,0,0
2024-06-10,S004,Crane,0,0,0.0,0.0,0.0,0.0,0.0,0.0,0.0,8,2024,6,2,24,3,3,0,1,1,0,0,1,0,0,0,0
2024-06-17,S004,Crane,0,0,0.0,0.0,0.0,0.0,0.0,0.0,0.0,9,2024,6,2,25,1,1,0,0,0,0,0,1,0,0,0,0
2024-06-24,S004,Crane,0,0,0.0,0.0,0.0,0.0,0.0,0.0,0.0,10,2024,6,2,26,1,1,0,0,1,0,0,0,0,0,0,0
2024-07-01,S004,Crane,0,0,0.0,0.0,0.0,0.0,0.0,0.0,0.0,11,2024,7,3,27,2,2,1,0,1,0,0,0,0,0,0,0
2024-07-08,S004,Crane,0,0,0.0,0.0,0.0,0.0,0.0,0.0,0.0,12,2024,7,3,28,2,2,1,1,0,0,0,0,0,0,0,0
2024-07-15,S004,Crane,0,0,0.0,0.0,0.0,0.0,0.0,0.0,0.0,13,2024,7,3,29,5,3,3,1,1,0,0,0,0,0,0,0
2024-07-22,S004,Crane,0,0,0.0,0.0,0.0,0.0,0.0,0.0,0.0,14,2024,7,3,30,6,3,4,1,1,0,0,0,0,0,0,0
2024-07-29,S004,Crane,0,0,0.0,0.0,0.0,0.0,0.0,0.0,0.0,15,2024,7,3,31,5,2,4,1,0,0,0,0,0,0,0,0
2024-08-05,S004,Crane,0,0,0.0,0.0,0.0,0.0,0.0,0.0,0.0,16,2024,8,3,32,5,3,3,1,0,0,1,0,0,0,0,0
2024-08-12,S004,Crane,0,0,0.0,0.0,0.0,0.0,0.0,0.0,0.0,17,2024,8,3,33,5,3,3,1,0,0,1,0,0,0,0,0
2024-08-19,S004,Crane,0,1,0.0,0.0,0.0,0.0,0.0,0.0,0.0,18,2024,8,3,34,4,3,2,1,1,0,0,0,0,0,0,0
2024-08-26,S004,Crane,1,1,0.0,0.0,0.0,0.25,1.0,0.5,1.0,0,2024,8,3,35,4,4,1,1,1,1,0,0,1,0,0,0
2024-09-02,S004,Crane,1,0,1.0,0.0,0.0,0.5,1.0,0.5773502691896257,1.0,0,2024,9,3,36,2,2,1,0,0,1,0,0,0,1,1,0
2024-09-09,S004,Crane,0,0,1.0,1.0,0.0,0.5,1.0,0.5773502691896257,0.0,1,2024,9,3,37,1,1,1,0,0,0,0,0,0,0,1,1
2024-09-16,S004,Crane,0,0,0.0,1.0,0.0,0.5,1.0,0.5773502691896257,0.0,2,2024,9,3,38,2,1,2,0,0,0,0,0,0,0,0,1
2024-09-23,S004,Crane,0,1,0.0,0.0,1.0,0.25,1.0,0.5,-1.0,3,2024,9,3,39,3,2,2,0,1,0,0,0,0,0,0,0
2024-09-30,S004,Crane,1,1,0.0,0.0,1.0,0.25,1.0,0.5,0.0,0,2024,9,3,40,4,4,1,0,1,1,1,0,1,0,0,0
2024-10-07,S004,Crane,1,1,1.0,0.0,0.0,0.5,1.0,0.5773502691896257,1.0,0,2024,10,4,41,5,5,1,0,1,1,1,1,0,1,1,0
2024-10-14,S004,Crane,1,1,1.0,1.0,0.0,0.75,1.0,0.5,1.0,0,2024,10,4,42,3,3,0,1,0,1,0,1,1,0,1,1
2024-10-21,S004,Crane,1,1,1.0,1.0,0.0,1.0,1.0,0.0,1.0,0,2024,10,4,43,3,3,1,1,0,1,0,0,0,0,1,1
2024-10-28,S004,Crane,1,1,1.0,1.0,1.0,1.0,1.0,0.0,0.0,0,2024,10,4,44,5,4,2,1,0,1,0,1,0,0,1,0
2024-11-04,S004,Crane,1,0,1.0,1.0,1.0,1.0,1.0,0.0,0.0,0,2024,11,4,45,5,4,2,1,0,1,0,1,0,1,0,0
2024-11-11,S004,Crane,0,1,1.0,1.0,1.0,0.75,1.0,0.5,-1.0,1,2024,11,4,46,3,3,1,1,1,0,0,0,0,0,0,1
2024-11-18,S004,Crane,1,1,0.0,1.0,1.0,0.75,1.0,0.5,0.0,0,2024,11,4,47,4,4,1,0,1,1,1,0,1,0,0,1
2024-11-25,S004,Crane,1,1,1.0,0.0,1.0,0.75,1.0,0.5,0.0,0,2024,11,4,48,4,4,0,0,1,1,1,1,0,1,1,0
2024-12-02,S004,Crane,1,1,1.0,1.0,1.0,0.75,1.0,0.5,0.0,0,2024,12,4,49,5,4,1,0,1,1,0,2,1,0,1,1
2024-12-09,S004,Crane,1,0,1.0,1.0,0.0,1.0,1.0,0.0,1.0,0,2024,12,4,50,5,4,1,0,1,1,0,2,0,1,1,1
2024-12-16,S004,Crane,0,0,1.0,1.0,1.0,0.75,1.0,0.5,-1.0,1,2024,12,4,51,3,2,1,0,0,0,0,2,0,0,1,1
2024-12-23,S004,Crane,0,2,0.0,1.0,1.0,0.5,1.0,0.5773502691896257,-1.0,2,2024,12,4,52,2,2,1,0,0,0,0,1,0,0,0,1
2024-12-30,S004,Crane,2,2,0.0,0.0,1.0,0.75,2.0,0.9574271077563381,1.0,0,2024,12,4,1,6,4,1,0,0,2,2,1,2,0,0,0
2025-01-06,S004,Crane,2,2,2.0,0.0,1.0,1.0,2.0,1.1547005383792515,1.0,0,2025,1,1,2,8,4,1,0,0,2,2,3,0,0,2,0
2025-01-13,S004,Crane,2,1,2.0,2.0,0.0,1.5,2.0,1.0,2.0,0,2025,1,1,3,9,5,2,1,0,2,1,3,0,2,2,0
2025-01-20,S004,Crane,1,1,2.0,2.0,0.0,1.75,2.0,0.5,1.0,0,2025,1,1,4,8,6,2,1,1,1,1,2,1,0,0,2
2025-01-27,S004,Crane,1,0,1.0,2.0,2.0,1.5,2.0,0.5773502691896257,-1.0,0,2025,1,1,5,7,5,3,0,1,1,1,1,0,1,1,2
2025-02-03,S004,Crane,0,0,1.0,1.0,2.0,1.0,2.0,0.816496580927726,-2.0,1,2025,2,1,6,9,5,5,1,1,0,1,1,0,0,1,1
2025-02-10,S004,Crane,0,0,0.0,1.0,2.0,0.5,1.0,0.5773502691896257,-2.0,2,2025,2,1,7,7,3,5,1,0,0,0,1,0,0,0,1
2025-02-17,S004,Crane,0,0,0.0,0.0,1.0,0.25,1.0,0.5,-1.0,3,2025,2,1,8,3,2,0,1,2,0,0,0,0,0,0,0
2025-02-24,S004,Crane,0,0,0.0,0.0,1.0,0.0,0.0,0.0,-1.0,4,2025,2,1,9,4,3,0,1,2,0,0,1,0,0,0,0
2025-03-03,S004,Crane,0,1,0.0,0.0,0.0,0.0,0.0,0.0,0.0,5,2025,3,1,10,4,3,0,1,2,0,0,1,0,0,0,0
2025-03-10,S004,Crane,1,1,0.0,0.0,0.0,0.25,1.0,0.5,1.0,0,2025,3,1,11,5,4,2,0,0,1,1,1,1,0,0,0
2025-03-17,S004,Crane,1,1,1.0,0.0,0.0,0.5,1.0,0.5773502691896257,1.0,0,2025,3,1,12,6,5,2,1,0,1,1,1,0,0,1,0
2025-03-24,S004,Crane,1,0,1.0,1.0,0.0,0.75,1.0,0.5,1.0,0,2025,3,1,13,4,4,1,1,0,1,1,0,0,1,1,0
2025-03-31,S004,Crane,0,0,1.0,1.0,0.0,0.75,1.0,0.5,0.0,1,2025,3,1,14,2,2,1,0,0,0,1,0,0,0,0,1
2025-04-07,S004,Crane,0,0,0.0,1.0,1.0,0.5,1.0,0.5773502691896257,-1.0,2,2025,4,2,15,1,1,0,0,0,0,1,0,0,0,0,1
2025-04-14,S004,Crane,0,0,0.0,0.0,1.0,0.25,1.0,0.5,-1.0,3,2025,4,2,16,0,0,0,0,0,0,0,0,0,0,0,0
2025-04-21,S004,Crane,0,1,0.0,0.0,1.0,0.0,0.0,0.0,-1.0,4,2025,4,2,17,0,0,0,0,0,0,0,0,0,0,0,0
2025-04-28,S004,Crane,1,1,0.0,0.0,0.0,0.25,1.0,0.5,1.0,0,2025,4,2,18,2,2,0,0,0,1,1,0,1,0,0,0
2025-05-05,S004,Crane,1,1,1.0,0.0,0.0,0.5,1.0,0.5773502691896257,1.0,0,2025,5,2,19,3,3,1,0,0,1,1,0,0,0,1,0
2025-05-12,S004,Crane,1,0,1.0,1.0,0.0,0.75,1.0,0.5,1.0,0,2025,5,2,20,3,3,1,0,0,1,1,0,0,1,1,0
2025-05-19,S004,Crane,0,0,1.0,1.0,0.0,0.75,1.0,0.5,0.0,1,2025,5,2,21,2,2,0,1,0,0,1,0,0,0,0,1
2025-05-26,S004,Crane,0,0,0.0,1.0,1.0,0.5,1.0,0.5773502691896257,-1.0,2,2025,5,2,22,2,2,0,1,0,0,1,0,0,0,0,1
2025-06-02,S004,Crane,0,0,0.0,0.0,1.0,0.25,1.0,0.5,-1.0,3,2025,6,2,23,0,0,0,0,0,0,0,0,0,0,0,0
2025-06-09,S004,Crane,0,0,0.0,0.0,1.0,0.0,0.0,0.0,-1.0,4,2025,6,2,24,2,2,0,1,0,0,1,0,0,0,0,0
2025-06-16,S004,Crane,0,0,0.0,0.0,0.0,0.0,0.0,0.0,0.0,5,2025,6,2,25,2,2,0,1,0,0,1,0,0,0,0,0
2025-06-23,S004,Crane,0,0,0.0,0.0,0.0,0.0,0.0,0.0,0.0,6,2025,6,2,26,1,1,0,1,0,0,0,0,0,0,0,0
2025-06-30,S004,Crane,0,1,0.0,0.0,0.0,0.0,0.0,0.0,0.0,7,2025,6,2,27,2,2,1,1,0,0,0,0,0,0,0,0
2025-07-07,S004,Crane,1,1,0.0,0.0,0.0,0.25,1.0,0.5,1.0,0,2025,7,3,28,5,5,1,1,1,1,1,0,1,0,0,0
2025-07-14,S004,Crane,1,0,1.0,0.0,0.0,0.5,1.0,0.5773502691896257,1.0,0,2025,7,3,29,5,5,1,1,1,1,1,0,0,1,1,0
2025-07-21,S004,Crane,0,0,1.0,1.0,0.0,0.5,1.0,0.5773502691896257,0.0,1,2025,7,3,30,2,2,0,1,0,0,0,1,0,0,1,1
2025-07-28,S004,Crane,0,0,0.0,1.0,0.0,0.5,1.0,0.5773502691896257,0.0,2,2025,7,3,31,3,3,1,1,0,0,0,1,0,0,0,1
2025-08-04,S004,Crane,0,0,0.0,0.0,1.0,0.25,1.0,0.5,-1.0,3,2025,8,3,32,5,5,1,1,1,0,1,1,0,0,0,0
2025-08-11,S004,Crane,0,0,0.0,0.0,1.0,0.0,0.0,0.0,-1.0,4,2025,8,3,33,4,4,0,1,1,0,1,1,0,0,0,0
2025-08-18,S004,Crane,0,0,0.0,0.0,0.0,0.0,0.0,0.0,0.0,5,2025,8,3,34,2,1,0,2,0,0,0,0,0,0,0,0
2025-08-25,S004,Crane,0,0,0.0,0.0,0.0,0.0,0.0,0.0,0.0,6,2025,8,3,35,3,2,0,2,0,0,0,1,0,0,0,0
2025-09-01,S004,Crane,0,0,0.0,0.0,0.0,0.0,0.0,0.0,0.0,7,2025,9,3,36,2,2,0,1,0,0,0,1,0,0,0,0
2025-09-08,S004,Crane,0,0,0.0,0.0,0.0,0.0,0.0,0.0,0.0,8,2025,9,3,37,0,0,0,0,0,0,0,0,0,0,0,0
2025-09-15,S004,Crane,0,0,0.0,0.0,0.0,0.0,0.0,0.0,0.0,9,2025,9,3,38,5,3,1,1,3,0,0,0,0,0,0,0
2025-09-22,S004,Crane,0,0,0.0,0.0,0.0,0.0,0.0,0.0,0.0,10,2025,9,3,39,6,3,1,2,3,0,0,0,0,0,0,0
2025-09-29,S004,Crane,0,0,0.0,0.0,0.0,0.0,0.0,0.0,0.0,11,2025,9,3,40,4,3,1,2,1,0,0,0,0,0,0,0
2025-10-06,S004,Crane,0,0,0.0,0.0,0.0,0.0,0.0,0.0,0.0,12,2025,10,4,41,5,4,1,1,2,0,1,0,0,0,0,0
2025-10-13,S004,Crane,0,0,0.0,0.0,0.0,0.0,0.0,0.0,0.0,13,2025,10,4,42,6,4,2,1,2,0,1,0,0,0,0,0
2025-10-20,S004,Crane,0,0,0.0,0.0,0.0,0.0,0.0,0.0,0.0,14,2025,10,4,43,4,3,2,1,1,0,0,0,0,0,0,0
2025-10-27,S004,Crane,0,0,0.0,0.0,0.0,0.0,0.0,0.0,0.0,15,2025,10,4,44,3,3,1,0,1,0,0,1,0,0,0,0
2025-11-03,S004,Crane,0,0,0.0,0.0,0.0,0.0,0.0,0.0,0.0,16,2025,11,4,45,2,2,0,0,1,0,0,1,0,0,0,0
2025-11-10,S004,Crane,0,0,0.0,0.0,0.0,0.0,0.0,0.0,0.0,17,2025,11,4,46,2,2,1,0,0,0,0,1,0,0,0,0
2025-11-17,S004,Crane,0,0,0.0,0.0,0.0,0.0,0.0,0.0,0.0,18,2025,11,4,47,3,3,1,1,0,0,0,1,0,0,0,0
2025-11-24,S004,Crane,0,1,0.0,0.0,0.0,0.0,0.0,0.0,0.0,19,2025,11,4,48,4,4,1,1,1,0,0,1,0,0,0,0
2025-12-01,S004,Crane,1,1,0.0,0.0,0.0,0.25,1.0,0.5,1.0,0,2025,12,4,49,8,6,2,1,2,1,1,1,1,0,0,0
2025-12-08,S004,Crane,1,1,1.0,0.0,0.0,0.5,1.0,0.5773502691896257,1.0,0,2025,12,4,50,10,6,2,1,3,1,1,2,0,0,1,0
2025-12-15,S004,Crane,1,0,1.0,1.0,0.0,0.75,1.0,0.5,1.0,0,2025,12,4,51,8,5,0,1,3,1,1,2,0,1,1,0
2024-01-01,S004,Excavator,0,0,0.0,0.0,0.0,0.0,0.0,0.0,0.0,1,2024,1,1,1,2,2,0,1,0,1,0,0,0,0,0,0
2024-01-08,S004,Excavator,0,1,0.0,0.0,0.0,0.0,0.0,0.0,0.0,2,2024,1,1,2,3,3,0,1,0,1,1,0,0,0,0,0
2024-01-15,S004,Excavator,1,1,0.0,0.0,0.0,0.0,0.0,0.0,0.0,0,2024,1,1,3,4,4,1,1,0,0,1,1,1,0,0,0
2024-01-22,S004,Excavator,1,1,1.0,0.0,0.0,0.5,1.0,0.5773502691896257,0.0,0,2024,1,1,4,3,3,1,1,0,0,0,1,0,0,1,0
2024-01-29,S004,Excavator,1,1,1.0,1.0,0.0,0.75,1.0,0.5,1.0,0,2024,1,1,5,3,3,1,0,1,0,0,1,0,1,1,0
2024-02-05,S004,Excavator,1,1,1.0,1.0,0.0,1.0,1.0,0.0,1.0,0,2024,2,1,6,4,4,1,1,1,0,0,1,1,0,0,1
2024-02-12,S004,Excavator,1,1,1.0,1.0,1.0,1.0,1.0,0.0,0.0,0,2024,2,1,7,4,4,1,1,1,0,0,1,0,1,1,1
2024-02-19,S004,Excavator,1,1,1.0,1.0,1.0,1.0,1.0,0.0,0.0,0,2024,2,1,8,7,5,1,2,1,0,1,2,1,0,1,1
2024-02-26,S004,Excavator,1,1,1.0,1.0,1.0,1.0,1.0,0.0,0.0,0,2024,2,1,9,8,5,1,2,2,0,1,2,0,0,1,1
2024-03-04,S004,Excavator,1,0,1.0,1.0,1.0,1.0,1.0,0.0,0.0,0,2024,3,1,10,6,4,1,2,2,0,0,1,0,1,1,0
2024-03-11,S004,Excavator,0,2,1.0,1.0,1.0,0.75,1.0,0.5,-1.0,1,2024,3,1,11,4,3,0,2,1,0,0,1,0,0,0,1
2024-03-18,S004,Excavator,2,2,0.0,1.0,1.0,1.0,2.0,0.816496580927726,1.0,0,2024,3,1,12,5,4,2,1,1,0,0,1,2,0,0,1
2024-03-25,S004,Excavator,2,1,2.0,0.0,1.0,1.25,2.0,0.9574271077563381,1.0,0,2024,3,1,13,5,4,2,1,1,0,0,1,0,1,2,0
2024-04-01,S004,Excavator,1,1,2.0,2.0,1.0,1.25,2.0,0.9574271077563381,0.0,0,2024,4,2,14,4,4,1,1,1,0,0,1,0,1,2,1
2024-04-08,S004,Excavator,1,2,1.0,2.0,0.0,1.5,2.0,0.5773502691896257,1.0,0,2024,4,2,15,5,5,1,1,1,1,0,1,1,0,0,2
2024-04-15,S004,Excavator,2,2,1.0,1.0,2.0,1.5,2.0,0.5773502691896257,0.0,0,2024,4,2,16,5,4,2,0,1,1,0,1,1,0,1,1
2024-04-22,S004,Excavator,2,1,2.0,1.0,2.0,1.5,2.0,0.5773502691896257,0.0,0,2024,4,2,17,4,3,2,1,0,0,0,1,0,1,2,0
2024-04-29,S004,Excavator,1,1,2.0,2.0,1.0,1.5,2.0,0.5773502691896257,0.0,0,2024,4,2,18,2,2,1,1,0,0,0,0,0,0,1,1
2024-05-06,S004,Excavator,1,0,1.0,2.0,1.0,1.5,2.0,0.5773502691896257,0.0,0,2024,5,2,19,3,3,1,1,0,0,1,0,0,1,0,1
2024-05-13,S004,Excavator,0,1,1.0,1.0,2.0,1.0,2.0,0.816496580927726,-2.0,1,2024,5,2,20,3,3,0,1,1,0,1,0,0,0,0,1
2024-05-20,S004,Excavator,1,1,0.0,1.0,2.0,0.75,1.0,0.4999999999999999,-1.0,0,2024,5,2,21,3,3,1,0,1,0,1,0,1,0,0,1
2024-05-27,S004,Excavator,1,0,1.0,0.0,1.0,0.75,1.0,0.4999999999999999,0.0,0,2024,5,2,22,1,1,1,0,0,0,0,0,0,1,1,0
2024-06-03,S004,Excavator,0,0,1.0,1.0,1.0,0.5,1.0,0.5773502691896257,-1.0,1,2024,6,2,23,2,2,0,1,1,0,0,0,0,0,1,1
2024-06-10,S004,Excavator,0,0,0.0,1.0,0.0,0.5,1.0,0.5773502691896257,0.0,2,2024,6,2,24,3,3,0,1,1,0,0,1,0,0,0,1
2024-06-17,S004,Excavator,0,0,0.0,0.0,1.0,0.25,1.0,0.49999999999999994,-1.0,3,2024,6,2,25,1,1,0,0,0,0,0,1,0,0,0,0
2024-06-24,S004,Excavator,0,1,0.0,0.0,1.0,0.0,0.0,0.0,-1.0,4,2024,6,2,26,1,1,0,0,1,0,0,0,0,0,0,0
2024-07-01,S004,Excavator,1,1,0.0,0.0,0.0,0.25,1.0,0.5,1.0,0,2024,7,3,27,2,2,1,0,1,0,0,0,1,0,0,0
2024-07-08,S004,Excavator,1,3,1.0,0.0,0.0,0.5,1.0,0.5773502691896257,1.0,0,2024,7,3,28,2,2,1,1,0,0,0,0,0,1,1,0
2024-07-15,S004,Excavator,3,4,1.0,1.0,0.0,1.25,3.0,1.2583057392117918,3.0,0,2024,7,3,29,5,3,3,1,1,0,0,0,3,0,1,1
2024-07-22,S004,Excavator,4,4,3.0,1.0,0.0,2.25,4.0,1.5,4.0,0,2024,7,3,30,6,3,4,1,1,0,0,0,1,0,3,1
2024-07-29,S004,Excavator,4,3,4.0,3.0,1.0,3.0,4.0,1.4142135623730951,3.0,0,2024,7,3,31,5,2,4,1,0,0,0,0,0,2,4,0
2024-08-05,S004,Excavator,3,3,4.0,4.0,1.0,3.5,4.0,0.5773502691896258,2.0,0,2024,8,3,32,5,3,3,1,0,0,1,0,1,0,1,2
2024-08-12,S004,Excavator,3,2,3.0,4.0,3.0,3.5,4.0,0.5773502691896258,0.0,0,2024,8,3,33,5,3,3,1,0,0,1,0,0,1,1,2
2024-08-19,S004,Excavator,2,1,3.0,3.0,4.0,3.0,4.0,0.8164965809277261,-2.0,0,2024,8,3,34,4,3,2,1,1,0,0,0,0,1,1,1
2024-08-26,S004,Excavator,1,1,2.0,3.0,4.0,2.25,3.0,0.9574271077563381,-3.0,0,2024,8,3,35,4,4,1,1,1,1,0,0,0,0,0,2
2024-09-02,S004,Excavator,1,1,1.0,2.0,3.0,1.75,3.0,0.9574271077563381,-2.0,0,2024,9,3,36,2,2,1,0,0,1,0,0,0,0,0,1
2024-09-09,S004,Excavator,1,2,1.0,1.0,3.0,1.25,2.0,0.4999999999999999,-2.0,0,2024,9,3,37,1,1,1,0,0,0,0,0,0,0,0,0
2024-09-16,S004,Excavator,2,2,1.0,1.0,2.0,1.25,2.0,0.5,0.0,0,2024,9,3,38,2,1,2,0,0,0,0,0,1,0,0,0
2024-09-23,S004,Excavator,2,1,2.0,1.0,1.0,1.5,2.0,0.5773502691896257,1.0,0,2024,9,3,39,3,2,2,0,1,0,0,0,0,1,1,0
2024-09-30,S004,Excavator,1,1,2.0,2.0,1.0,1.5,2.0,0.5773502691896257,0.0,0,2024,9,3,40,4,4,1,0,1,1,1,0,0,0,1,1
2024-10-07,S004,Excavator,1,0,1.0,2.0,1.0,1.5,2.0,0.5773502691896257,0.0,0,2024,10,4,41,5,5,1,0,1,1,1,1,0,1,0,1
2024-10-14,S004,Excavator,0,1,1.0,1.0,2.0,1.0,2.0,0.816496580927726,-2.0,1,2024,10,4,42,3,3,0,1,0,1,0,1,0,0,0,1
2024-10-21,S004,Excavator,1,2,0.0,1.0,2.0,0.75,1.0,0.5,-1.0,0,2024,10,4,43,3,3,1,1,0,1,0,0,1,0,0,1
2024-10-28,S004,Excavator,2,2,1.0,0.0,1.0,1.0,2.0,0.816496580927726,1.0,0,2024,10,4,44,5,4,2,1,0,1,0,1,1,0,1,0
2024-11-04,S004,Excavator,2,1,2.0,1.0,1.0,1.25,2.0,0.9574271077563381,1.0,0,2024,11,4,45,5,4,2,1,0,1,0,1,0,1,2,0
2024-11-11,S004,Excavator,1,1,2.0,2.0,0.0,1.5,2.0,0.5773502691896257,1.0,0,2024,11,4,46,3,3,1,1,1,0,0,0,0,0,1,1
2024-11-18,S004,Excavator,1,0,1.0,2.0,1.0,1.5,2.0,0.5773502691896257,0.0,0,2024,11,4,47,4,4,1,0,1,1,1,0,0,1,0,1
2024-11-25,S004,Excavator,0,1,1.0,1.0,2.0,1.0,2.0,0.816496580927726,-2.0,1,2024,11,4,48,4,4,0,0,1,1,1,1,0,0,0,1
2024-12-02,S004,Excavator,1,1,0.0,1.0,2.0,0.75,1.0,0.4999999999999999,-1.0,0,2024,12,4,49,5,4,1,0,1,1,0,2,1,0,0,1
2024-12-09,S004,Excavator,1,1,1.0,0.0,1.0,0.75,1.0,0.4999999999999999,0.0,0,2024,12,4,50,5,4,1,0,1,1,0,2,0,0,1,0
2024-12-16,S004,Excavator,1,1,1.0,1.0,1.0,0.75,1.0,0.4999999999999999,0.0,0,2024,12,4,51,3,2,1,0,0,0,0,2,0,0,1,0
2024-12-23,S004,Excavator,1,1,1.0,1.0,0.0,1.0,1.0,0.0,1.0,0,2024,12,4,52,2,2,1,0,0,0,0,1,0,1,0,0
2024-12-30,S004,Excavator,1,1,1.0,1.0,1.0,1.0,1.0,0.0,0.0,0,2024,12,4,1,6,4,1,0,0,2,2,1,1,0,0,1
2025-01-06,S004,Excavator,1,2,1.0,1.0,1.0,1.0,1.0,0.0,0.0,0,2025,1,1,2,8,4,1,0,0,2,2,3,0,0,1,1
2025-01-13,S004,Excavator,2,2,1.0,1.0,1.0,1.25,2.0,0.5,1.0,0,2025,1,1,3,9,5,2,1,0,2,1,3,1,0,1,0
2025-01-20,S004,Excavator,2,3,2.0,1.0,1.0,1.5,2.0,0.5773502691896257,1.0,0,2025,1,1,4,8,6,2,1,1,1,1,2,0,0,1,0
2025-01-27,S004,Excavator,3,5,2.0,2.0,1.0,2.0,3.0,0.816496580927726,2.0,0,2025,1,1,5,7,5,3,0,1,1,1,1,1,0,1,0
2025-02-03,S004,Excavator,5,5,3.0,2.0,1.0,3.0,5.0,1.4142135623730951,4.0,0,2025,2,1,6,9,5,5,1,1,0,1,1,2,0,1,0
2025-02-10,S004,Excavator,5,0,5.0,3.0,2.0,3.75,5.0,1.4999999999999998,3.0,0,2025,2,1,7,7,3,5,1,0,0,0,1,0,5,3,0
2025-02-17,S004,Excavator,0,0,5.0,5.0,2.0,3.25,5.0,2.362907813126304,-2.0,1,2025,2,1,8,3,2,0,1,2,0,0,0,0,0,2,5
2025-02-24,S004,Excavator,0,0,0.0,5.0,3.0,2.5,5.0,2.886751345948129,-3.0,2,2025,2,1,9,4,3,0,1,2,0,0,1,0,0,0,5
2025-03-03,S004,Excavator,0,2,0.0,0.0,5.0,1.25,5.0,2.5,-5.0,3,2025,3,1,10,4,3,0,1,2,0,0,1,0,0,0,0
2025-03-10,S004,Excavator,2,2,0.0,0.0,5.0,0.5,2.0,1.0,-3.0,0,2025,3,1,11,5,4,2,0,0,1,1,1,2,0,0,0
2025-03-17,S004,Excavator,2,1,2.0,0.0,0.0,1.0,2.0,1.1547005383792515,2.0,0,2025,3,1,12,6,5,2,1,0,1,1,1,0,2,2,0
2025-03-24,S004,Excavator,1,1,2.0,2.0,0.0,1.25,2.0,0.9574271077563382,1.0,0,2025,3,1,13,4,4,1,1,0,1,1,0,1,0,2,2
2025-03-31,S004,Excavator,1,0,1.0,2.0,0.0,1.5,2.0,0.5773502691896258,1.0,0,2025,3,1,14,2,2,1,0,0,0,1,0,0,1,1,2
2025-04-07,S004,Excavator,0,0,1.0,1.0,2.0,1.0,2.0,0.8164965809277261,-2.0,1,2025,4,2,15,1,1,0,0,0,0,1,0,0,0,1,1
2025-04-14,S004,Excavator,0,0,0.0,1.0,2.0,0.5,1.0,0.5773502691896258,-2.0,2,2025,4,2,16,0,0,0,0,0,0,0,0,0,0,0,1
2025-04-21,S004,Excavator,0,0,0.0,0.0,1.0,0.25,1.0,0.5000000000000001,-1.0,3,2025,4,2,17,0,0,0,0,0,0,0,0,0,0,0,0
2025-04-28,S004,Excavator,0,1,0.0,0.0,1.0,0.0,0.0,0.0,-1.0,4,2025,4,2,18,2,2,0,0,0,1,1,0,0,0,0,0
2025-05-05,S004,Excavator,1,1,0.0,0.0,0.0,0.25,1.0,0.5,1.0,0,2025,5,2,19,3,3,1,0,0,1,1,0,1,0,0,0
2025-05-12,S004,Excavator,1,0,1.0,0.0,0.0,0.5,1.0,0.5773502691896257,1.0,0,2025,5,2,20,3,3,1,0,0,1,1,0,0,1,1,0
2025-05-19,S004,Excavator,0,0,1.0,1.0,0.0,0.5,1.0,0.5773502691896257,0.0,1,2025,5,2,21,2,2,0,1,0,0,1,0,0,0,1,1
2025-05-26,S004,Excavator,0,0,0.0,1.0,0.0,0.5,1.0,0.5773502691896257,0.0,2,2025,5,2,22,2,2,0,1,0,0,1,0,0,0,0,1
2025-06-02,S004,Excavator,0,0,0.0,0.0,1.0,0.25,1.0,0.5,-1.0,3,2025,6,2,23,0,0,0,0,0,0,0,0,0,0,0,0
2025-06-09,S004,Excavator,0,0,0.0,0.0,1.0,0.0,0.0,0.0,-1.0,4,2025,6,2,24,2,2,0,1,0,0,1,0,0,0,0,0
2025-06-16,S004,Excavator,0,0,0.0,0.0,0.0,0.0,0.0,0.0,0.0,5,2025,6,2,25,2,2,0,1,0,0,1,0,0,0,0,0
2025-06-23,S004,Excavator,0,1,0.0,0.0,0.0,0.0,0.0,0.0,0.0,6,2025,6,2,26,1,1,0,1,0,0,0,0,0,0,0,0
2025-06-30,S004,Excavator,1,1,0.0,0.0,0.0,0.25,1.0,0.5,1.0,0,2025,6,2,27,2,2,1,1,0,0,0,0,1,0,0,0
2025-07-07,S004,Excavator,1,1,1.0,0.0,0.0,0.5,1.0,0.5773502691896257,1.0,0,2025,7,3,28,5,5,1,1,1,1,1,0,0,0,1,0
2025-07-14,S004,Excavator,1,0,1.0,1.0,0.0,0.75,1.0,0.5,1.0,0,2025,7,3,29,5,5,1,1,1,1,1,0,0,1,1,0
2025-07-21,S004,Excavator,0,1,1.0,1.0,0.0,0.75,1.0,0.5,0.0,1,2025,7,3,30,2,2,0,1,0,0,0,1,0,0,0,1
2025-07-28,S004,Excavator,1,1,0.0,1.0,1.0,0.75,1.0,0.5,0.0,0,2025,7,3,31,3,3,1,1,0,0,0,1,1,0,0,1
2025-08-04,S004,Excavator,1,0,1.0,0.0,1.0,0.75,1.0,0.5,0.0,0,2025,8,3,32,5,5,1,1,1,0,1,1,0,1,1,0
2025-08-11,S004,Excavator,0,0,1.0,1.0,1.0,0.5,1.0,0.5773502691896257,-1.0,1,2025,8,3,33,4,4,0,1,1,0,1,1,0,0,1,1
2025-08-18,S004,Excavator,0,0,0.0,1.0,0.0,0.5,1.0,0.5773502691896257,0.0,2,2025,8,3,34,2,1,0,2,0,0,0,0,0,0,0,1
2025-08-25,S004,Excavator,0,0,0.0,0.0,1.0,0.25,1.0,0.5,-1.0,3,2025,8,3,35,3,2,0,2,0,0,0,1,0,0,0,0
2025-09-01,S004,Excavator,0,0,0.0,0.0,1.0,0.0,0.0,0.0,-1.0,4,2025,9,3,36,2,2,0,1,0,0,0,1,0,0,0,0
2025-09-08,S004,Excavator,0,1,0.0,0.0,0.0,0.0,0.0,0.0,0.0,5,2025,9,3,37,0,0,0,0,0,0,0,0,0,0,0,0
2025-09-15,S004,Excavator,1,1,0.0,0.0,0.0,0.25,1.0,0.5,1.0,0,2025,9,3,38,5,3,1,1,3,0,0,0,1,0,0,0
2025-09-22,S004,Excavator,1,1,1.0,0.0,0.0,0.5,1.0,0.5773502691896257,1.0,0,2025,9,3,39,6,3,1,2,3,0,0,0,0,0,1,0
2025-09-29,S004,Excavator,1,1,1.0,1.0,0.0,0.75,1.0,0.5,1.0,0,2025,9,3,40,4,3,1,2,1,0,0,0,0,0,1,0
2025-10-06,S004,Excavator,1,2,1.0,1.0,0.0,1.0,1.0,0.0,1.0,0,2025,10,4,41,5,4,1,1,2,0,1,0,0,0,0,0
2025-10-13,S004,Excavator,2,2,1.0,1.0,1.0,1.25,2.0,0.5,1.0,0,2025,10,4,42,6,4,2,1,2,0,1,0,1,0,0,0
2025-10-20,S004,Excavator,2,1,2.0,1.0,1.0,1.5,2.0,0.5773502691896257,1.0,0,2025,10,4,43,4,3,2,1,1,0,0,0,0,1,1,0
2025-10-27,S004,Excavator,1,0,2.0,2.0,1.0,1.5,2.0,0.5773502691896257,0.0,0,2025,10,4,44,3,3,1,0,1,0,0,1,0,1,1,1
2025-11-03,S004,Excavator,0,1,1.0,2.0,1.0,1.25,2.0,0.9574271077563381,-1.0,1,2025,11,4,45,2,2,0,0,1,0,0,1,0,0,0,2
2025-11-10,S004,Excavator,1,1,0.0,1.0,2.0,1.0,2.0,0.816496580927726,-1.0,0,2025,11,4,46,2,2,1,0,0,0,0,1,1,0,0,1
2025-11-17,S004,Excavator,1,1,1.0,0.0,2.0,0.75,1.0,0.5,-1.0,0,2025,11,4,47,3,3,1,1,0,0,0,1,0,1,1,0
2025-11-24,S004,Excavator,1,2,1.0,1.0,1.0,0.75,1.0,0.5,0.0,0,2025,11,4,48,4,4,1,1,1,0,0,1,1,0,1,1
2025-12-01,S004,Excavator,2,2,1.0,1.0,0.0,1.25,2.0,0.5,2.0,0,2025,12,4,49,8,6,2,1,2,1,1,1,1,0,1,1
2025-12-08,S004,Excavator,2,0,2.0,1.0,1.0,1.5,2.0,0.5773502691896257,1.0,0,2025,12,4,50,10,6,2,1,3,1,1,2,0,2,2,0
2025-12-15,S004,Excavator,0,0,2.0,2.0,1.0,1.25,2.0,0.9574271077563381,-1.0,1,2025,12,4,51,8,5,0,1,3,1,1,2,0,0,1,2
2024-01-01,S004,Grader,0,0,0.0,0.0,0.0,0.0,0.0,0.0,0.0,1,2024,1,1,1,2,2,0,1,0,1,0,0,0,0,0,0
2024-01-08,S004,Grader,0,0,0.0,0.0,0.0,0.0,0.0,0.0,0.0,2,2024,1,1,2,3,3,0,1,0,1,1,0,0,0,0,0
2024-01-15,S004,Grader,0,0,0.0,0.0,0.0,0.0,0.0,0.0,0.0,3,2024,1,1,3,4,4,1,1,0,0,1,1,0,0,0,0
2024-01-22,S004,Grader,0,1,0.0,0.0,0.0,0.0,0.0,0.0,0.0,4,2024,1,1,4,3,3,1,1,0,0,0,1,0,0,0,0
2024-01-29,S004,Grader,1,1,0.0,0.0,0.0,0.25,1.0,0.5,1.0,0,2024,1,1,5,3,3,1,0,1,0,0,1,1,0,0,0
2024-02-05,S004,Grader,1,1,1.0,0.0,0.0,0.5,1.0,0.5773502691896257,1.0,0,2024,2,1,6,4,4,1,1,1,0,0,1,0,1,1,0
2024-02-12,S004,Grader,1,1,1.0,1.0,0.0,0.75,1.0,0.5,1.0,0,2024,2,1,7,4,4,1,1,1,0,0,1,1,0,1,1
2024-02-19,S004,Grader,1,2,1.0,1.0,0.0,1.0,1.0,0.0,1.0,0,2024,2,1,8,7,5,1,2,1,0,1,2,0,0,1,1
2024-02-26,S004,Grader,2,2,1.0,1.0,1.0,1.25,2.0,0.5,1.0,0,2024,2,1,9,8,5,1,2,2,0,1,2,1,0,1,0
2024-03-04,S004,Grader,2,1,2.0,1.0,1.0,1.5,2.0,0.5773502691896257,1.0,0,2024,3,1,10,6,4,1,2,2,0,0,1,0,2,1,0
2024-03-11,S004,Grader,1,1,2.0,2.0,1.0,1.5,2.0,0.5773502691896257,0.0,0,2024,3,1,11,4,3,0,2,1,0,0,1,1,0,1,2
2024-03-18,S004,Grader,1,1,1.0,2.0,1.0,1.5,2.0,0.5773502691896257,0.0,0,2024,3,1,12,5,4,2,1,1,0,0,1,0,0,1,2
2024-03-25,S004,Grader,1,1,1.0,1.0,2.0,1.25,2.0,0.5,-1.0,0,2024,3,1,13,5,4,2,1,1,0,0,1,0,1,1,0
2024-04-01,S004,Grader,1,1,1.0,1.0,2.0,1.0,1.0,0.0,-1.0,0,2024,4,2,14,4,4,1,1,1,0,0,1,1,0,0,1
2024-04-08,S004,Grader,1,1,1.0,1.0,1.0,1.0,1.0,0.0,0.0,0,2024,4,2,15,5,5,1,1,1,1,0,1,0,0,1,1
2024-04-15,S004,Grader,1,0,1.0,1.0,1.0,1.0,1.0,0.0,0.0,0,2024,4,2,16,5,4,2,0,1,1,0,1,0,1,1,0
2024-04-22,S004,Grader,0,0,1.0,1.0,1.0,0.75,1.0,0.5,-1.0,1,2024,4,2,17,4,3,2,1,0,0,0,1,0,0,0,1
2024-04-29,S004,Grader,0,0,0.0,1.0,1.0,0.5,1.0,0.5773502691896257,-1.0,2,2024,4,2,18,2,2,1,1,0,0,0,0,0,0,0,1
2024-05-06,S004,Grader,0,1,0.0,0.0,1.0,0.25,1.0,0.5,-1.0,3,2024,5,2,19,3,3,1,1,0,0,1,0,0,0,0,0
2024-05-13,S004,Grader,1,1,0.0,0.0,1.0,0.25,1.0,0.5,0.0,0,2024,5,2,20,3,3,0,1,1,0,1,0,1,0,0,0
2024-05-20,S004,Grader,1,0,1.0,0.0,0.0,0.5,1.0,0.5773502691896257,1.0,0,2024,5,2,21,3,3,1,0,1,0,1,0,0,1,1,0
2024-05-27,S004,Grader,0,1,1.0,1.0,0.0,0.5,1.0,0.5773502691896257,0.0,1,2024,5,2,22,1,1,1,0,0,0,0,0,0,0,1,1
2024-06-03,S004,Grader,1,1,0.0,1.0,0.0,0.75,1.0,0.5,1.0,0,2024,6,2,23,2,2,0,1,1,0,0,0,1,0,0,1
2024-06-10,S004,Grader,1,0,1.0,0.0,1.0,0.75,1.0,0.5,0.0,0,2024,6,2,24,3,3,0,1,1,0,0,1,0,1,1,0
2024-06-17,S004,Grader,0,1,1.0,1.0,1.0,0.5,1.0,0.5773502691896257,-1.0,1,2024,6,2,25,1,1,0,0,0,0,0,1,0,0,1,1
2024-06-24,S004,Grader,1,1,0.0,1.0,0.0,0.75,1.0,0.5,1.0,0,2024,6,2,26,1,1,0,0,1,0,0,0,1,0,0,1
2024-07-01,S004,Grader,1,0,1.0,0.0,1.0,0.75,1.0,0.5,0.0,0,2024,7,3,27,2,2,1,0,1,0,0,0,0,1,1,0
2024-07-08,S004,Grader,0,1,1.0,1.0,1.0,0.5,1.0,0.5773502691896257,-1.0,1,2024,7,3,28,2,2,1,1,0,0,0,0,0,0,1,1
2024-07-15,S004,Grader,1,1,0.0,1.0,0.0,0.75,1.0,0.5,1.0,0,2024,7,3,29,5,3,3,1,1,0,0,0,1,0,0,1
2024-07-22,S004,Grader,1,0,1.0,0.0,1.0,0.75,1.0,0.5,0.0,0,2024,7,3,30,6,3,4,1,1,0,0,0,0,1,1,0
2024-07-29,S004,Grader,0,0,1.0,1.0,1.0,0.5,1.0,0.5773502691896257,-1.0,1,2024,7,3,31,5,2,4,1,0,0,0,0,0,0,1,1
2024-08-05,S004,Grader,0,0,0.0,1.0,0.0,0.5,1.0,0.5773502691896257,0.0,2,2024,8,3,32,5,3,3,1,0,0,1,0,0,0,0,1
2024-08-12,S004,Grader,0,1,0.0,0.0,1.0,0.25,1.0,0.5,-1.0,3,2024,8,3,33,5,3,3,1,0,0,1,0,0,0,0,0
2024-08-19,S004,Grader,1,1,0.0,0.0,1.0,0.25,1.0,0.5,0.0,0,2024,8,3,34,4,3,2,1,1,0,0,0,1,0,0,0
2024-08-26,S004,Grader,1,0,1.0,0.0,0.0,0.5,1.0,0.5773502691896257,1.0,0,2024,8,3,35,4,4,1,1,1,1,0,0,0,1,1,0
2024-09-02,S004,Grader,0,0,1.0,1.0,0.0,0.5,1.0,0.5773502691896257,0.0,1,2024,9,3,36,2,2,1,0,0,1,0,0,0,0,1,1
2024-09-09,S004,Grader,0,0,0.0,1.0,0.0,0.5,1.0,0.5773502691896257,0.0,2,2024,9,3,37,1,1,1,0,0,0,0,0,0,0,0,1
2024-09-16,S004,Grader,0,1,0.0,0.0,1.0,0.25,1.0,0.5,-1.0,3,2024,9,3,38,2,1,2,0,0,0,0,0,0,0,0,0
2024-09-23,S004,Grader,1,1,0.0,0.0,1.0,0.25,1.0,0.5,0.0,0,2024,9,3,39,3,2,2,0,1,0,0,0,1,0,0,0
2024-09-30,S004,Grader,1,1,1.0,0.0,0.0,0.5,1.0,0.5773502691896257,1.0,0,2024,9,3,40,4,4,1,0,1,1,1,0,0,0,1,0
2024-10-07,S004,Grader,1,0,1.0,1.0,0.0,0.75,1.0,0.5,1.0,0,2024,10,4,41,5,5,1,0,1,1,1,1,0,1,1,0
2024-10-14,S004,Grader,0,0,1.0,1.0,0.0,0.75,1.0,0.5,0.0,1,2024,10,4,42,3,3,0,1,0,1,0,1,0,0,0,1
2024-10-21,S004,Grader,0,0,0.0,1.0,1.0,0.5,1.0,0.5773502691896257,-1.0,2,2024,10,4,43,3,3,1,1,0,1,0,0,0,0,0,1
2024-10-28,S004,Grader,0,0,0.0,0.0,1.0,0.25,1.0,0.5,-1.0,3,2024,10,4,44,5,4,2,1,0,1,0,1,0,0,0,0
2024-11-04,S004,Grader,0,1,0.0,0.0,1.0,0.0,0.0,0.0,-1.0,4,2024,11,4,45,5,4,2,1,0,1,0,1,0,0,0,0
2024-11-11,S004,Grader,1,1,0.0,0.0,0.0,0.25,1.0,0.5,1.0,0,2024,11,4,46,3,3,1,1,1,0,0,0,1,0,0,0
2024-11-18,S004,Grader,1,1,1.0,0.0,0.0,0.5,1.0,0.5773502691896257,1.0,0,2024,11,4,47,4,4,1,0,1,1,1,0,0,1,1,0
2024-11-25,S004,Grader,1,1,1.0,1.0,0.0,0.75,1.0,0.5,1.0,0,2024,11,4,48,4,4,0,0,1,1,1,1,1,0,1,1
2024-12-02,S004,Grader,1,1,1.0,1.0,0.0,1.0,1.0,0.0,1.0,0,2024,12,4,49,5,4,1,0,1,1,0,2,0,0,1,1
2024-12-09,S004,Grader,1,0,1.0,1.0,1.0,1.0,1.0,0.0,0.0,0,2024,12,4,50,5,4,1,0,1,1,0,2,0,1,1,0
2024-12-16,S004,Grader,0,0,1.0,1.0,1.0,0.75,1.0,0.5,-1.0,1,2024,12,4,51,3,2,1,0,0,0,0,2,0,0,0,1
2024-12-23,S004,Grader,0,0,0.0,1.0,1.0,0.5,1.0,0.5773502691896257,-1.0,2,2024,12,4,52,2,2,1,0,0,0,0,1,0,0,0,1
2024-12-30,S004,Grader,0,0,0.0,0.0,1.0,0.25,1.0,0.5,-1.0,3,2024,12,4,1,6,4,1,0,0,2,2,1,0,0,0,0
2025-01-06,S004,Grader,0,0,0.0,0.0,1.0,0.0,0.0,0.0,-1.0,4,2025,1,1,2,8,4,1,0,0,2,2,3,0,0,0,0
2025-01-13,S004,Grader,0,1,0.0,0.0,0.0,0.0,0.0,0.0,0.0,5,2025,1,1,3,9,5,2,1,0,2,1,3,0,0,0,0
2025-01-20,S004,Grader,1,1,0.0,0.0,0.0,0.25,1.0,0.5,1.0,0,2025,1,1,4,8,6,2,1,1,1,1,2,1,0,0,0
2025-01-27,S004,Grader,1,1,1.0,0.0,0.0,0.5,1.0,0.5773502691896257,1.0,0,2025,1,1,5,7,5,3,0,1,1,1,1,0,0,1,0
2025-02-03,S004,Grader,1,0,1.0,1.0,0.0,0.75,1.0,0.5,1.0,0,2025,2,1,6,9,5,5,1,1,0,1,1,0,1,1,0
2025-02-10,S004,Grader,0,2,1.0,1.0,0.0,0.75,1.0,0.5,0.0,1,2025,2,1,7,7,3,5,1,0,0,0,1,0,0,0,1
2025-02-17,S004,Grader,2,2,0.0,1.0,1.0,1.0,2.0,0.816496580927726,1.0,0,2025,2,1,8,3,2,0,1,2,0,0,0,2,0,0,1
2025-02-24,S004,Grader,2,2,2.0,0.0,1.0,1.25,2.0,0.9574271077563381,1.0,0,2025,2,1,9,4,3,0,1,2,0,0,1,0,0,2,0
2025-03-03,S004,Grader,2,0,2.0,2.0,1.0,1.5,2.0,1.0,1.0,0,2025,3,1,10,4,3,0,1,2,0,0,1,0,2,2,0
2025-03-10,S004,Grader,0,0,2.0,2.0,0.0,1.5,2.0,1.0,0.0,1,2025,3,1,11,5,4,2,0,0,1,1,1,0,0,0,2
2025-03-17,S004,Grader,0,0,0.0,2.0,2.0,1.0,2.0,1.1547005383792515,-2.0,2,2025,3,1,12,6,5,2,1,0,1,1,1,0,0,0,2
2025-03-24,S004,Grader,0,0,0.0,0.0,2.0,0.5,2.0,1.0,-2.0,3,2025,3,1,13,4,4,1,1,0,1,1,0,0,0,0,0
2025-03-31,S004,Grader,0,0,0.0,0.0,2.0,0.0,0.0,0.0,-2.0,4,2025,3,1,14,2,2,1,0,0,0,1,0,0,0,0,0
2025-04-07,S004,Grader,0,0,0.0,0.0,0.0,0.0,0.0,0.0,0.0,5,2025,4,2,15,1,1,0,0,0,0,1,0,0,0,0,0
2025-04-14,S004,Grader,0,0,0.0,0.0,0.0,0.0,0.0,0.0,0.0,6,2025,4,2,16,0,0,0,0,0,0,0,0,0,0,0,0
2025-04-21,S004,Grader,0,0,0.0,0.0,0.0,0.0,0.0,0.0,0.0,7,2025,4,2,17,0,0,0,0,0,0,0,0,0,0,0,0
2025-04-28,S004,Grader,0,0,0.0,0.0,0.0,0.0,0.0,0.0,0.0,8,2025,4,2,18,2,2,0,0,0,1,1,0,0,0,0,0
2025-05-05,S004,Grader,0,0,0.0,0.0,0.0,0.0,0.0,0.0,0.0,9,2025,5,2,19,3,3,1,0,0,1,1,0,0,0,0,0
2025-05-12,S004,Grader,0,0,0.0,0.0,0.0,0.0,0.0,0.0,0.0,10,2025,5,2,20,3,3,1,0,0,1,1,0,0,0,0,0
2025-05-19,S004,Grader,0,0,0.0,0.0,0.0,0.0,0.0,0.0,0.0,11,2025,5,2,21,2,2,0,1,0,0,1,0,0,0,0,0
2025-05-26,S004,Grader,0,0,0.0,0.0,0.0,0.0,0.0,0.0,0.0,12,2025,5,2,22,2,2,0,1,0,0,1,0,0,0,0,0
2025-06-02,S004,Grader,0,0,0.0,0.0,0.0,0.0,0.0,0.0,0.0,13,2025,6,2,23,0,0,0,0,0,0,0,0,0,0,0,0
2025-06-09,S004,Grader,0,0,0.0,0.0,0.0,0.0,0.0,0.0,0.0,14,2025,6,2,24,2,2,0,1,0,0,1,0,0,0,0,0
2025-06-16,S004,Grader,0,0,0.0,0.0,0.0,0.0,0.0,0.0,0.0,15,2025,6,2,25,2,2,0,1,0,0,1,0,0,0,0,0
2025-06-23,S004,Grader,0,0,0.0,0.0,0.0,0.0,0.0,0.0,0.0,16,2025,6,2,26,1,1,0,1,0,0,0,0,0,0,0,0
2025-06-30,S004,Grader,0,1,0.0,0.0,0.0,0.0,0.0,0.0,0.0,17,2025,6,2,27,2,2,1,1,0,0,0,0,0,0,0,0
2025-07-07,S004,Grader,1,1,0.0,0.0,0.0,0.25,1.0,0.5,1.0,0,2025,7,3,28,5,5,1,1,1,1,1,0,1,0,0,0
2025-07-14,S004,Grader,1,0,1.0,0.0,0.0,0.5,1.0,0.5773502691896257,1.0,0,2025,7,3,29,5,5,1,1,1,1,1,0,0,1,1,0
2025-07-21,S004,Grader,0,0,1.0,1.0,0.0,0.5,1.0,0.5773502691896257,0.0,1,2025,7,3,30,2,2,0,1,0,0,0,1,0,0,1,1
2025-07-28,S004,Grader,0,1,0.0,1.0,0.0,0.5,1.0,0.5773502691896257,0.0,2,2025,7,3,31,3,3,1,1,0,0,0,1,0,0,0,1
2025-08-04,S004,Grader,1,1,0.0,0.0,1.0,0.5,1.0,0.5773502691896257,0.0,0,2025,8,3,32,5,5,1,1,1,0,1,1,1,0,0,0
2025-08-11,S004,Grader,1,0,1.0,0.0,1.0,0.5,1.0,0.5773502691896257,0.0,0,2025,8,3,33,4,4,0,1,1,0,1,1,0,1,1,0
2025-08-18,S004,Grader,0,0,1.0,1.0,0.0,0.5,1.0,0.5773502691896257,0.0,1,2025,8,3,34,2,1,0,2,0,0,0,0,0,0,1,1
2025-08-25,S004,Grader,0,0,0.0,1.0,0.0,0.5,1.0,0.5773502691896257,0.0,2,2025,8,3,35,3,2,0,2,0,0,0,1,0,0,0,1
2025-09-01,S004,Grader,0,0,0.0,0.0,1.0,0.25,1.0,0.5,-1.0,3,2025,9,3,36,2,2,0,1,0,0,0,1,0,0,0,0
2025-09-08,S004,Grader,0,3,0.0,0.0,1.0,0.0,0.0,0.0,-1.0,4,2025,9,3,37,0,0,0,0,0,0,0,0,0,0,0,0
2025-09-15,S004,Grader,3,3,0.0,0.0,0.0,0.75,3.0,1.5,3.0,0,2025,9,3,38,5,3,1,1,3,0,0,0,3,0,0,0
2025-09-22,S004,Grader,3,1,3.0,0.0,0.0,1.5,3.0,1.7320508075688772,3.0,0,2025,9,3,39,6,3,1,2,3,0,0,0,0,2,3,0
2025-09-29,S004,Grader,1,2,3.0,3.0,0.0,1.75,3.0,1.5,1.0,0,2025,9,3,40,4,3,1,2,1,0,0,0,0,0,3,2
2025-10-06,S004,Grader,2,2,1.0,3.0,0.0,2.25,3.0,0.957427107756338,2.0,0,2025,10,4,41,5,4,1,1,2,0,1,0,1,0,0,2
2025-10-13,S004,Grader,2,1,2.0,1.0,3.0,2.0,3.0,0.8164965809277259,-1.0,0,2025,10,4,42,6,4,2,1,2,0,1,0,0,1,1,0
2025-10-20,S004,Grader,1,1,2.0,2.0,3.0,1.5,2.0,0.5773502691896256,-2.0,0,2025,10,4,43,4,3,2,1,1,0,0,0,0,1,1,1
2025-10-27,S004,Grader,1,1,1.0,2.0,1.0,1.5,2.0,0.5773502691896256,0.0,0,2025,10,4,44,3,3,1,0,1,0,0,1,1,0,0,2
2025-11-03,S004,Grader,1,0,1.0,1.0,2.0,1.25,2.0,0.49999999999999983,-1.0,0,2025,11,4,45,2,2,0,0,1,0,0,1,0,1,1,1
2025-11-10,S004,Grader,0,0,1.0,1.0,2.0,0.75,1.0,0.5,-2.0,1,2025,11,4,46,2,2,1,0,0,0,0,1,0,0,1,1
2025-11-17,S004,Grader,0,1,0.0,1.0,1.0,0.5,1.0,0.5773502691896257,-1.0,2,2025,11,4,47,3,3,1,1,0,0,0,1,0,0,0,1
2025-11-24,S004,Grader,1,2,0.0,0.0,1.0,0.5,1.0,0.5773502691896257,0.0,0,2025,11,4,48,4,4,1,1,1,0,0,1,1,0,0,0
2025-12-01,S004,Grader,2,3,1.0,0.0,1.0,0.75,2.0,0.9574271077563381,1.0,0,2025,12,4,49,8,6,2,1,2,1,1,1,1,0,1,0
2025-12-08,S004,Grader,3,3,2.0,1.0,0.0,1.5,3.0,1.2909944487358056,3.0,0,2025,12,4,50,10,6,2,1,3,1,1,2,1,0,2,0
2025-12-15,S004,Grader,3,0,3.0,2.0,0.0,2.25,3.0,0.9574271077563381,3.0,0,2025,12,4,51,8,5,0,1,3,1,1,2,0,3,2,0
2024-01-01,S004,Loader,0,1,0.0,0.0,0.0,0.0,0.0,0.0,0.0,1,2024,1,1,1,2,2,0,1,0,1,0,0,0,0,0,0
2024-01-08,S004,Loader,1,1,0.0,0.0,0.0,0.0,0.0,0.0,0.0,0,2024,1,1,2,3,3,0,1,0,1,1,0,1,0,0,0
2024-01-15,S004,Loader,1,0,1.0,0.0,0.0,0.0,0.0,0.0,0.0,0,2024,1,1,3,4,4,1,1,0,0,1,1,0,1,1,0
2024-01-22,S004,Loader,0,0,1.0,1.0,0.0,0.5,1.0,0.5773502691896257,0.0,1,2024,1,1,4,3,3,1,1,0,0,0,1,0,0,1,1
2024-01-29,S004,Loader,0,0,0.0,1.0,0.0,0.5,1.0,0.5773502691896257,0.0,2,2024,1,1,5,3,3,1,0,1,0,0,1,0,0,0,1
2024-02-05,S004,Loader,0,0,0.0,0.0,1.0,0.25,1.0,0.5,-1.0,3,2024,2,1,6,4,4,1,1,1,0,0,1,0,0,0,0
2024-02-12,S004,Loader,0,1,0.0,0.0,1.0,0.0,0.0,0.0,-1.0,4,2024,2,1,7,4,4,1,1,1,0,0,1,0,0,0,0
2024-02-19,S004,Loader,1,1,0.0,0.0,0.0,0.25,1.0,0.5,1.0,0,2024,2,1,8,7,5,1,2,1,0,1,2,1,0,0,0
2024-02-26,S004,Loader,1,0,1.0,0.0,0.0,0.5,1.0,0.5773502691896257,1.0,0,2024,2,1,9,8,5,1,2,2,0,1,2,0,1,1,0
2024-03-04,S004,Loader,0,0,1.0,1.0,0.0,0.5,1.0,0.5773502691896257,0.0,1,2024,3,1,10,6,4,1,2,2,0,0,1,0,0,1,1
2024-03-11,S004,Loader,0,0,0.0,1.0,0.0,0.5,1.0,0.5773502691896257,0.0,2,2024,3,1,11,4,3,0,2,1,0,0,1,0,0,0,1
2024-03-18,S004,Loader,0,0,0.0,0.0,1.0,0.25,1.0,0.5,-1.0,3,2024,3,1,12,5,4,2,1,1,0,0,1,0,0,0,0
2024-03-25,S004,Loader,0,0,0.0,0.0,1.0,0.0,0.0,0.0,-1.0,4,2024,3,1,13,5,4,2,1,1,0,0,1,0,0,0,0
2024-04-01,S004,Loader,0,0,0.0,0.0,0.0,0.0,0.0,0.0,0.0,5,2024,4,2,14,4,4,1,1,1,0,0,1,0,0,0,0
2024-04-08,S004,Loader,0,0,0.0,0.0,0.0,0.0,0.0,0.0,0.0,6,2024,4,2,15,5,5,1,1,1,1,0,1,0,0,0,0
2024-04-15,S004,Loader,0,0,0.0,0.0,0.0,0.0,0.0,0.0,0.0,7,2024,4,2,16,5,4,2,0,1,1,0,1,0,0,0,0
2024-04-22,S004,Loader,0,0,0.0,0.0,0.0,0.0,0.0,0.0,0.0,8,2024,4,2,17,4,3,2,1,0,0,0,1,0,0,0,0
2024-04-29,S004,Loader,0,1,0.0,0.0,0.0,0.0,0.0,0.0,0.0,9,2024,4,2,18,2,2,1,1,0,0,0,0,0,0,0,0
2024-05-06,S004,Loader,1,1,0.0,0.0,0.0,0.25,1.0,0.5,1.0,0,2024,5,2,19,3,3,1,1,0,0,1,0,1,0,0,0
2024-05-13,S004,Loader,1,1,1.0,0.0,0.0,0.5,1.0,0.5773502691896257,1.0,0,2024,5,2,20,3,3,0,1,1,0,1,0,0,0,1,0
2024-05-20,S004,Loader,1,0,1.0,1.0,0.0,0.75,1.0,0.5,1.0,0,2024,5,2,21,3,3,1,0,1,0,1,0,0,1,1,0
2024-05-27,S004,Loader,0,0,1.0,1.0,0.0,0.75,1.0,0.5,0.0,1,2024,5,2,22,1,1,1,0,0,0,0,0,0,0,0,1
2024-06-03,S004,Loader,0,0,0.0,1.0,1.0,0.5,1.0,0.5773502691896257,-1.0,2,2024,6,2,23,2,2,0,1,1,0,0,0,0,0,0,1
2024-06-10,S004,Loader,0,0,0.0,0.0,1.0,0.25,1.0,0.5,-1.0,3,2024,6,2,24,3,3,0,1,1,0,0,1,0,0,0,0
2024-06-17,S004,Loader,0,0,0.0,0.0,1.0,0.0,0.0,0.0,-1.0,4,2024,6,2,25,1,1,0,0,0,0,0,1,0,0,0,0
2024-06-24,S004,Loader,0,0,0.0,0.0,0.0,0.0,0.0,0.0,0.0,5,2024,6,2,26,1,1,0,0,1,0,0,0,0,0,0,0
2024-07-01,S004,Loader,0,0,0.0,0.0,0.0,0.0,0.0,0.0,0.0,6,2024,7,3,27,2,2,1,0,1,0,0,0,0,0,0,0
2024-07-08,S004,Loader,0,0,0.0,0.0,0.0,0.0,0.0,0.0,0.0,7,2024,7,3,28,2,2,1,1,0,0,0,0,0,0,0,0
2024-07-15,S004,Loader,0,0,0.0,0.0,0.0,0.0,0.0,0.0,0.0,8,2024,7,3,29,5,3,3,1,1,0,0,0,0,0,0,0
2024-07-22,S004,Loader,0,0,0.0,0.0,0.0,0.0,0.0,0.0,0.0,9,2024,7,3,30,6,3,4,1,1,0,0,0,0,0,0,0
2024-07-29,S004,Loader,0,1,0.0,0.0,0.0,0.0,0.0,0.0,0.0,10,2024,7,3,31,5,2,4,1,0,0,0,0,0,0,0,0
2024-08-05,S004,Loader,1,1,0.0,0.0,0.0,0.25,1.0,0.5,1.0,0,2024,8,3,32,5,3,3,1,0,0,1,0,1,0,0,0
2024-08-12,S004,Loader,1,0,1.0,0.0,0.0,0.5,1.0,0.5773502691896257,1.0,0,2024,8,3,33,5,3,3,1,0,0,1,0,0,1,1,0
2024-08-19,S004,Loader,0,0,1.0,1.0,0.0,0.5,1.0,0.5773502691896257,0.0,1,2024,8,3,34,4,3,2,1,1,0,0,0,0,0,1,1
2024-08-26,S004,Loader,0,0,0.0,1.0,0.0,0.5,1.0,0.5773502691896257,0.0,2,2024,8,3,35,4,4,1,1,1,1,0,0,0,0,0,1
2024-09-02,S004,Loader,0,0,0.0,0.0,1.0,0.25,1.0,0.5,-1.0,3,2024,9,3,36,2,2,1,0,0,1,0,0,0,0,0,0
2024-09-09,S004,Loader,0,0,0.0,0.0,1.0,0.0,0.0,0.0,-1.0,4,2024,9,3,37,1,1,1,0,0,0,0,0,0,0,0,0
2024-09-16,S004,Loader,0,0,0.0,0.0,0.0,0.0,0.0,0.0,0.0,5,2024,9,3,38,2,1,2,0,0,0,0,0,0,0,0,0
2024-09-23,S004,Loader,0,1,0.0,0.0,0.0,0.0,0.0,0.0,0.0,6,2024,9,3,39,3,2,2,0,1,0,0,0,0,0,0,0
2024-09-30,S004,Loader,1,1,0.0,0.0,0.0,0.25,1.0,0.5,1.0,0,2024,9,3,40,4,4,1,0,1,1,1,0,1,0,0,0
2024-10-07,S004,Loader,1,0,1.0,0.0,0.0,0.5,1.0,0.5773502691896257,1.0,0,2024,10,4,41,5,5,1,0,1,1,1,1,0,1,1,0
2024-10-14,S004,Loader,0,0,1.0,1.0,0.0,0.5,1.0,0.5773502691896257,0.0,1,2024,10,4,42,3,3,0,1,0,1,0,1,0,0,1,1
2024-10-21,S004,Loader,0,0,0.0,1.0,0.0,0.5,1.0,0.5773502691896257,0.0,2,2024,10,4,43,3,3,1,1,0,1,0,0,0,0,0,1
2024-10-28,S004,Loader,0,0,0.0,0.0,1.0,0.25,1.0,0.5,-1.0,3,2024,10,4,44,5,4,2,1,0,1,0,1,0,0,0,0
2024-11-04,S004,Loader,0,0,0.0,0.0,1.0,0.0,0.0,0.0,-1.0,4,2024,11,4,45,5,4,2,1,0,1,0,1,0,0,0,0
2024-11-11,S004,Loader,0,1,0.0,0.0,0.0,0.0,0.0,0.0,0.0,5,2024,11,4,46,3,3,1,1,1,0,0,0,0,0,0,0
2024-11-18,S004,Loader,1,1,0.0,0.0,0.0,0.25,1.0,0.5,1.0,0,2024,11,4,47,4,4,1,0,1,1,1,0,1,0,0,0
2024-11-25,S004,Loader,1,0,1.0,0.0,0.0,0.5,1.0,0.5773502691896257,1.0,0,2024,11,4,48,4,4,0,0,1,1,1,1,0,1,1,0
2024-12-02,S004,Loader,0,0,1.0,1.0,0.0,0.5,1.0,0.5773502691896257,0.0,1,2024,12,4,49,5,4,1,0,1,1,0,2,0,0,1,1
2024-12-09,S004,Loader,0,0,0.0,1.0,0.0,0.5,1.0,0.5773502691896257,0.0,2,2024,12,4,50,5,4,1,0,1,1,0,2,0,0,0,1
2024-12-16,S004,Loader,0,0,0.0,0.0,1.0,0.25,1.0,0.5,-1.0,3,2024,12,4,51,3,2,1,0,0,0,0,2,0,0,0,0
2024-12-23,S004,Loader,0,2,0.0,0.0,1.0,0.0,0.0,0.0,-1.0,4,2024,12,4,52,2,2,1,0,0,0,0,1,0,0,0,0
2024-12-30,S004,Loader,2,2,0.0,0.0,0.0,0.5,2.0,1.0,2.0,0,2024,12,4,1,6,4,1,0,0,2,2,1,2,0,0,0
2025-01-06,S004,Loader,2,1,2.0,0.0,0.0,1.0,2.0,1.1547005383792515,2.0,0,2025,1,1,2,8,4,1,0,0,2,2,3,0,1,2,0
2025-01-13,S004,Loader,1,1,2.0,2.0,0.0,1.25,2.0,0.9574271077563382,1.0,0,2025,1,1,3,9,5,2,1,0,2,1,3,0,0,2,1
2025-01-20,S004,Loader,1,1,1.0,2.0,0.0,1.5,2.0,0.5773502691896258,1.0,0,2025,1,1,4,8,6,2,1,1,1,1,2,0,1,0,1
2025-01-27,S004,Loader,1,1,1.0,1.0,2.0,1.25,2.0,0.5000000000000001,-1.0,0,2025,1,1,5,7,5,3,0,1,1,1,1,1,0,0,1
2025-02-03,S004,Loader,1,0,1.0,1.0,2.0,1.0,1.0,0.0,-1.0,0,2025,2,1,6,9,5,5,1,1,0,1,1,0,1,1,1
2025-02-10,S004,Loader,0,0,1.0,1.0,1.0,0.75,1.0,0.5,-1.0,1,2025,2,1,7,7,3,5,1,0,0,0,1,0,0,1,1
2025-02-17,S004,Loader,0,0,0.0,1.0,1.0,0.5,1.0,0.5773502691896257,-1.0,2,2025,2,1,8,3,2,0,1,2,0,0,0,0,0,0,1
2025-02-24,S004,Loader,0,0,0.0,0.0,1.0,0.25,1.0,0.5,-1.0,3,2025,2,1,9,4,3,0,1,2,0,0,1,0,0,0,0
2025-03-03,S004,Loader,0,1,0.0,0.0,1.0,0.0,0.0,0.0,-1.0,4,2025,3,1,10,4,3,0,1,2,0,0,1,0,0,0,0
2025-03-10,S004,Loader,1,1,0.0,0.0,0.0,0.25,1.0,0.5,1.0,0,2025,3,1,11,5,4,2,0,0,1,1,1,1,0,0,0
2025-03-17,S004,Loader,1,1,1.0,0.0,0.0,0.5,1.0,0.5773502691896257,1.0,0,2025,3,1,12,6,5,2,1,0,1,1,1,0,0,1,0
2025-03-24,S004,Loader,1,1,1.0,1.0,0.0,0.75,1.0,0.5,1.0,0,2025,3,1,13,4,4,1,1,0,1,1,0,0,1,1,0
2025-03-31,S004,Loader,1,1,1.0,1.0,0.0,1.0,1.0,0.0,1.0,0,2025,3,1,14,2,2,1,0,0,0,1,0,1,0,0,1
2025-04-07,S004,Loader,1,0,1.0,1.0,1.0,1.0,1.0,0.0,0.0,0,2025,4,2,15,1,1,0,0,0,0,1,0,0,1,1,1
2025-04-14,S004,Loader,0,0,1.0,1.0,1.0,0.75,1.0,0.5,-1.0,1,2025,4,2,16,0,0,0,0,0,0,0,0,0,0,1,1
2025-04-21,S004,Loader,0,1,0.0,1.0,1.0,0.5,1.0,0.5773502691896257,-1.0,2,2025,4,2,17,0,0,0,0,0,0,0,0,0,0,0,1
2025-04-28,S004,Loader,1,1,0.0,0.0,1.0,0.5,1.0,0.5773502691896257,0.0,0,2025,4,2,18,2,2,0,0,0,1,1,0,1,0,0,0
2025-05-05,S004,Loader,1,1,1.0,0.0,1.0,0.5,1.0,0.5773502691896257,0.0,0,2025,5,2,19,3,3,1,0,0,1,1,0,0,0,1,0
2025-05-12,S004,Loader,1,1,1.0,1.0,0.0,0.75,1.0,0.5,1.0,0,2025,5,2,20,3,3,1,0,0,1,1,0,0,1,1,0
2025-05-19,S004,Loader,1,1,1.0,1.0,0.0,1.0,1.0,0.0,1.0,0,2025,5,2,21,2,2,0,1,0,0,1,0,1,0,0,1
2025-05-26,S004,Loader,1,0,1.0,1.0,1.0,1.0,1.0,0.0,0.0,0,2025,5,2,22,2,2,0,1,0,0,1,0,0,1,1,1
2025-06-02,S004,Loader,0,1,1.0,1.0,1.0,0.75,1.0,0.5,-1.0,1,2025,6,2,23,0,0,0,0,0,0,0,0,0,0,1,1
2025-06-09,S004,Loader,1,1,0.0,1.0,1.0,0.75,1.0,0.5,0.0,0,2025,6,2,24,2,2,0,1,0,0,1,0,1,0,0,1
2025-06-16,S004,Loader,1,0,1.0,0.0,1.0,0.75,1.0,0.5,0.0,0,2025,6,2,25,2,2,0,1,0,0,1,0,0,1,1,0
2025-06-23,S004,Loader,0,0,1.0,1.0,1.0,0.5,1.0,0.5773502691896257,-1.0,1,2025,6,2,26,1,1,0,1,0,0,0,0,0,0,1,1
2025-06-30,S004,Loader,0,1,0.0,1.0,0.0,0.5,1.0,0.5773502691896257,0.0,2,2025,6,2,27,2,2,1,1,0,0,0,0,0,0,0,1
2025-07-07,S004,Loader,1,1,0.0,0.0,1.0,0.5,1.0,0.5773502691896257,0.0,0,2025,7,3,28,5,5,1,1,1,1,1,0,1,0,0,0
2025-07-14,S004,Loader,1,0,1.0,0.0,1.0,0.5,1.0,0.5773502691896257,0.0,0,2025,7,3,29,5,5,1,1,1,1,1,0,0,1,1,0
2025-07-21,S004,Loader,0,0,1.0,1.0,0.0,0.5,1.0,0.5773502691896257,0.0,1,2025,7,3,30,2,2,0,1,0,0,0,1,0,0,1,1
2025-07-28,S004,Loader,0,1,0.0,1.0,0.0,0.5,1.0,0.5773502691896257,0.0,2,2025,7,3,31,3,3,1,1,0,0,0,1,0,0,0,1
2025-08-04,S004,Loader,1,1,0.0,0.0,1.0,0.5,1.0,0.5773502691896257,0.0,0,2025,8,3,32,5,5,1,1,1,0,1,1,1,0,0,0
2025-08-11,S004,Loader,1,0,1.0,0.0,1.0,0.5,1.0,0.5773502691896257,0.0,0,2025,8,3,33,4,4,0,1,1,0,1,1,0,1,1,0
2025-08-18,S004,Loader,0,0,1.0,1.0,0.0,0.5,1.0,0.5773502691896257,0.0,1,2025,8,3,34,2,1,0,2,0,0,0,0,0,0,1,1
2025-08-25,S004,Loader,0,0,0.0,1.0,0.0,0.5,1.0,0.5773502691896257,0.0,2,2025,8,3,35,3,2,0,2,0,0,0,1,0,0,0,1
2025-09-01,S004,Loader,0,0,0.0,0.0,1.0,0.25,1.0,0.5,-1.0,3,2025,9,3,36,2,2,0,1,0,0,0,1,0,0,0,0
2025-09-08,S004,Loader,0,0,0.0,0.0,1.0,0.0,0.0,0.0,-1.0,4,2025,9,3,37,0,0,0,0,0,0,0,0,0,0,0,0
2025-09-15,S004,Loader,0,0,0.0,0.0,0.0,0.0,0.0,0.0,0.0,5,2025,9,3,38,5,3,1,1,3,0,0,0,0,0,0,0
2025-09-22,S004,Loader,0,0,0.0,0.0,0.0,0.0,0.0,0.0,0.0,6,2025,9,3,39,6,3,1,2,3,0,0,0,0,0,0,0
2025-09-29,S004,Loader,0,1,0.0,0.0,0.0,0.0,0.0,0.0,0.0,7,2025,9,3,40,4,3,1,2,1,0,0,0,0,0,0,0
2025-10-06,S004,Loader,1,1,0.0,0.0,0.0,0.25,1.0,0.5,1.0,0,2025,10,4,41,5,4,1,1,2,0,1,0,1,0,0,0
2025-10-13,S004,Loader,1,0,1.0,0.0,0.0,0.5,1.0,0.5773502691896257,1.0,0,2025,10,4,42,6,4,2,1,2,0,1,0,0,1,1,0
2025-10-20,S004,Loader,0,0,1.0,1.0,0.0,0.5,1.0,0.5773502691896257,0.0,1,2025,10,4,43,4,3,2,1,1,0,0,0,0,0,1,1
2025-10-27,S004,Loader,0,0,0.0,1.0,0.0,0.5,1.0,0.5773502691896257,0.0,2,2025,10,4,44,3,3,1,0,1,0,0,1,0,0,0,1
2025-11-03,S004,Loader,0,0,0.0,0.0,1.0,0.25,1.0,0.5,-1.0,3,2025,11,4,45,2,2,0,0,1,0,0,1,0,0,0,0
2025-11-10,S004,Loader,0,0,0.0,0.0,1.0,0.0,0.0,0.0,-1.0,4,2025,11,4,46,2,2,1,0,0,0,0,1,0,0,0,0
2025-11-17,S004,Loader,0,0,0.0,0.0,0.0,0.0,0.0,0.0,0.0,5,2025,11,4,47,3,3,1,1,0,0,0,1,0,0,0,0
2025-11-24,S004,Loader,0,1,0.0,0.0,0.0,0.0,0.0,0.0,0.0,6,2025,11,4,48,4,4,1,1,1,0,0,1,0,0,0,0
2025-12-01,S004,Loader,1,1,0.0,0.0,0.0,0.25,1.0,0.5,1.0,0,2025,12,4,49,8,6,2,1,2,1,1,1,1,0,0,0
2025-12-08,S004,Loader,1,1,1.0,0.0,0.0,0.5,1.0,0.5773502691896257,1.0,0,2025,12,4,50,10,6,2,1,3,1,1,2,0,1,1,0
2025-12-15,S004,Loader,1,3,1.0,1.0,0.0,0.75,1.0,0.5,1.0,0,2025,12,4,51,8,5,0,1,3,1,1,2,1,0,1,1
2024-01-01,S004,Roller,0,0,0.0,0.0,0.0,0.0,0.0,0.0,0.0,1,2024,1,1,1,2,2,0,1,0,1,0,0,0,0,0,0
2024-01-08,S004,Roller,0,1,0.0,0.0,0.0,0.0,0.0,0.0,0.0,2,2024,1,1,2,3,3,0,1,0,1,1,0,0,0,0,0
2024-01-15,S004,Roller,1,1,0.0,0.0,0.0,0.0,0.0,0.0,0.0,0,2024,1,1,3,4,4,1,1,0,0,1,1,1,0,0,0
2024-01-22,S004,Roller,1,1,1.0,0.0,0.0,0.5,1.0,0.5773502691896257,0.0,0,2024,1,1,4,3,3,1,1,0,0,0,1,0,0,1,0
2024-01-29,S004,Roller,1,1,1.0,1.0,0.0,0.75,1.0,0.5,1.0,0,2024,1,1,5,3,3,1,0,1,0,0,1,0,0,1,0
2024-02-05,S004,Roller,1,1,1.0,1.0,0.0,1.0,1.0,0.0,1.0,0,2024,2,1,6,4,4,1,1,1,0,0,1,0,1,0,0
2024-02-12,S004,Roller,1,2,1.0,1.0,1.0,1.0,1.0,0.0,0.0,0,2024,2,1,7,4,4,1,1,1,0,0,1,1,0,0,1
2024-02-19,S004,Roller,2,2,1.0,1.0,1.0,1.25,2.0,0.5,1.0,0,2024,2,1,8,7,5,1,2,1,0,1,2,1,0,1,1
2024-02-26,S004,Roller,2,1,2.0,1.0,1.0,1.5,2.0,0.5773502691896257,1.0,0,2024,2,1,9,8,5,1,2,2,0,1,2,0,1,2,0
2024-03-04,S004,Roller,1,1,2.0,2.0,1.0,1.5,2.0,0.5773502691896257,0.0,0,2024,3,1,10,6,4,1,2,2,0,0,1,0,0,1,1
2024-03-11,S004,Roller,1,1,1.0,2.0,1.0,1.5,2.0,0.5773502691896257,0.0,0,2024,3,1,11,4,3,0,2,1,0,0,1,0,0,0,1
2024-03-18,S004,Roller,1,1,1.0,1.0,2.0,1.25,2.0,0.5,-1.0,0,2024,3,1,12,5,4,2,1,1,0,0,1,0,0,0,0
2024-03-25,S004,Roller,1,1,1.0,1.0,2.0,1.0,1.0,0.0,-1.0,0,2024,3,1,13,5,4,2,1,1,0,0,1,0,0,0,0
2024-04-01,S004,Roller,1,1,1.0,1.0,1.0,1.0,1.0,0.0,0.0,0,2024,4,2,14,4,4,1,1,1,0,0,1,0,1,0,0
2024-04-08,S004,Roller,1,1,1.0,1.0,1.0,1.0,1.0,0.0,0.0,0,2024,4,2,15,5,5,1,1,1,1,0,1,1,0,0,1
2024-04-15,S004,Roller,1,1,1.0,1.0,1.0,1.0,1.0,0.0,0.0,0,2024,4,2,16,5,4,2,0,1,1,0,1,0,0,1,1
2024-04-22,S004,Roller,1,0,1.0,1.0,1.0,1.0,1.0,0.0,0.0,0,2024,4,2,17,4,3,2,1,0,0,0,1,0,1,1,0
2024-04-29,S004,Roller,0,0,1.0,1.0,1.0,0.75,1.0,0.5,-1.0,1,2024,4,2,18,2,2,1,1,0,0,0,0,0,0,0,1
2024-05-06,S004,Roller,0,0,0.0,1.0,1.0,0.5,1.0,0.5773502691896257,-1.0,2,2024,5,2,19,3,3,1,1,0,0,1,0,0,0,0,1
2024-05-13,S004,Roller,0,0,0.0,0.0,1.0,0.25,1.0,0.5,-1.0,3,2024,5,2,20,3,3,0,1,1,0,1,0,0,0,0,0
2024-05-20,S004,Roller,0,0,0.0,0.0,1.0,0.0,0.0,0.0,-1.0,4,2024,5,2,21,3,3,1,0,1,0,1,0,0,0,0,0
2024-05-27,S004,Roller,0,0,0.0,0.0,0.0,0.0,0.0,0.0,0.0,5,2024,5,2,22,1,1,1,0,0,0,0,0,0,0,0,0
2024-06-03,S004,Roller,0,1,0.0,0.0,0.0,0.0,0.0,0.0,0.0,6,2024,6,2,23,2,2,0,1,1,0,0,0,0,0,0,0
2024-06-10,S004,Roller,1,1,0.0,0.0,0.0,0.25,1.0,0.5,1.0,0,2024,6,2,24,3,3,0,1,1,0,0,1,1,0,0,0
2024-06-17,S004,Roller,1,0,1.0,0.0,0.0,0.5,1.0,0.5773502691896257,1.0,0,2024,6,2,25,1,1,0,0,0,0,0,1,0,1,1,0
2024-06-24,S004,Roller,0,0,1.0,1.0,0.0,0.5,1.0,0.5773502691896257,0.0,1,2024,6,2,26,1,1,0,0,1,0,0,0,0,0,1,1
2024-07-01,S004,Roller,0,0,0.0,1.0,0.0,0.5,1.0,0.5773502691896257,0.0,2,2024,7,3,27,2,2,1,0,1,0,0,0,0,0,0,1
2024-07-08,S004,Roller,0,0,0.0,0.0,1.0,0.25,1.0,0.5,-1.0,3,2024,7,3,28,2,2,1,1,0,0,0,0,0,0,0,0
2024-07-15,S004,Roller,0,0,0.0,0.0,1.0,0.0,0.0,0.0,-1.0,4,2024,7,3,29,5,3,3,1,1,0,0,0,0,0,0,0
2024-07-22,S004,Roller,0,0,0.0,0.0,0.0,0.0,0.0,0.0,0.0,5,2024,7,3,30,6,3,4,1,1,0,0,0,0,0,0,0
2024-07-29,S004,Roller,0,0,0.0,0.0,0.0,0.0,0.0,0.0,0.0,6,2024,7,3,31,5,2,4,1,0,0,0,0,0,0,0,0
2024-08-05,S004,Roller,0,0,0.0,0.0,0.0,0.0,0.0,0.0,0.0,7,2024,8,3,32,5,3,3,1,0,0,1,0,0,0,0,0
2024-08-12,S004,Roller,0,0,0.0,0.0,0.0,0.0,0.0,0.0,0.0,8,2024,8,3,33,5,3,3,1,0,0,1,0,0,0,0,0
2024-08-19,S004,Roller,0,0,0.0,0.0,0.0,0.0,0.0,0.0,0.0,9,2024,8,3,34,4,3,2,1,1,0,0,0,0,0,0,0
2024-08-26,S004,Roller,0,0,0.0,0.0,0.0,0.0,0.0,0.0,0.0,10,2024,8,3,35,4,4,1,1,1,1,0,0,0,0,0,0
2024-09-02,S004,Roller,0,0,0.0,0.0,0.0,0.0,0.0,0.0,0.0,11,2024,9,3,36,2,2,1,0,0,1,0,0,0,0,0,0
2024-09-09,S004,Roller,0,0,0.0,0.0,0.0,0.0,0.0,0.0,0.0,12,2024,9,3,37,1,1,1,0,0,0,0,0,0,0,0,0
2024-09-16,S004,Roller,0,0,0.0,0.0,0.0,0.0,0.0,0.0,0.0,13,2024,9,3,38,2,1,2,0,0,0,0,0,0,0,0,0
2024-09-23,S004,Roller,0,0,0.0,0.0,0.0,0.0,0.0,0.0,0.0,14,2024,9,3,39,3,2,2,0,1,0,0,0,0,0,0,0
2024-09-30,S004,Roller,0,1,0.0,0.0,0.0,0.0,0.0,0.0,0.0,15,2024,9,3,40,4,4,1,0,1,1,1,0,0,0,0,0
2024-10-07,S004,Roller,1,1,0.0,0.0,0.0,0.25,1.0,0.5,1.0,0,2024,10,4,41,5,5,1,0,1,1,1,1,1,0,0,0
2024-10-14,S004,Roller,1,0,1.0,0.0,0.0,0.5,1.0,0.5773502691896257,1.0,0,2024,10,4,42,3,3,0,1,0,1,0,1,0,1,1,0
2024-10-21,S004,Roller,0,1,1.0,1.0,0.0,0.5,1.0,0.5773502691896257,0.0,1,2024,10,4,43,3,3,1,1,0,1,0,0,0,0,1,1
2024-10-28,S004,Roller,1,1,0.0,1.0,0.0,0.75,1.0,0.5,1.0,0,2024,10,4,44,5,4,2,1,0,1,0,1,1,0,0,1
2024-11-04,S004,Roller,1,0,1.0,0.0,1.0,0.75,1.0,0.5,0.0,0,2024,11,4,45,5,4,2,1,0,1,0,1,0,1,1,0
2024-11-11,S004,Roller,0,0,1.0,1.0,1.0,0.5,1.0,0.5773502691896257,-1.0,1,2024,11,4,46,3,3,1,1,1,0,0,0,0,0,1,1
2024-11-18,S004,Roller,0,1,0.0,1.0,0.0,0.5,1.0,0.5773502691896257,0.0,2,2024,11,4,47,4,4,1,0,1,1,1,0,0,0,0,1
2024-11-25,S004,Roller,1,2,0.0,0.0,1.0,0.5,1.0,0.5773502691896257,0.0,0,2024,11,4,48,4,4,0,0,1,1,1,1,1,0,0,0
2024-12-02,S004,Roller,2,2,1.0,0.0,1.0,0.75,2.0,0.9574271077563381,1.0,0,2024,12,4,49,5,4,1,0,1,1,0,2,1,0,1,0
2024-12-09,S004,Roller,2,2,2.0,1.0,0.0,1.25,2.0,0.9574271077563381,2.0,0,2024,12,4,50,5,4,1,0,1,1,0,2,0,0,2,0
2024-12-16,S004,Roller,2,1,2.0,2.0,0.0,1.75,2.0,0.4999999999999999,2.0,0,2024,12,4,51,3,2,1,0,0,0,0,2,0,2,1,0
2024-12-23,S004,Roller,1,1,2.0,2.0,1.0,1.75,2.0,0.5,0.0,0,2024,12,4,52,2,2,1,0,0,0,0,1,1,0,0,2
2024-12-30,S004,Roller,1,3,1.0,2.0,2.0,1.5,2.0,0.5773502691896257,-1.0,0,2024,12,4,1,6,4,1,0,0,2,2,1,0,1,1,2
2025-01-06,S004,Roller,3,3,1.0,1.0,2.0,1.75,3.0,0.9574271077563381,1.0,0,2025,1,1,2,8,4,1,0,0,2,2,3,3,0,1,1
2025-01-13,S004,Roller,3,2,3.0,1.0,2.0,2.0,3.0,1.1547005383792515,1.0,0,2025,1,1,3,9,5,2,1,0,2,1,3,0,1,3,1
2025-01-20,S004,Roller,2,1,3.0,3.0,1.0,2.25,3.0,0.9574271077563381,1.0,0,2025,1,1,4,8,6,2,1,1,1,1,2,0,1,3,1
2025-01-27,S004,Roller,1,1,2.0,3.0,1.0,2.25,3.0,0.9574271077563381,0.0,0,2025,1,1,5,7,5,3,0,1,1,1,1,0,0,0,2
2025-02-03,S004,Roller,1,1,1.0,2.0,3.0,1.75,3.0,0.9574271077563381,-2.0,0,2025,2,1,6,9,5,5,1,1,0,1,1,0,0,0,1
2025-02-10,S004,Roller,1,0,1.0,1.0,3.0,1.25,2.0,0.4999999999999999,-2.0,0,2025,2,1,7,7,3,5,1,0,0,0,1,0,1,0,0
2025-02-17,S004,Roller,0,1,1.0,1.0,2.0,0.75,1.0,0.5,-2.0,1,2025,2,1,8,3,2,0,1,2,0,0,0,0,0,0,1
2025-02-24,S004,Roller,1,1,0.0,1.0,1.0,0.75,1.0,0.5,0.0,0,2025,2,1,9,4,3,0,1,2,0,0,1,1,0,0,1
2025-03-03,S004,Roller,1,1,1.0,0.0,1.0,0.75,1.0,0.5,0.0,0,2025,3,1,10,4,3,0,1,2,0,0,1,0,0,1,0
2025-03-10,S004,Roller,1,1,1.0,1.0,1.0,0.75,1.0,0.5,0.0,0,2025,3,1,11,5,4,2,0,0,1,1,1,0,0,1,0
2025-03-17,S004,Roller,1,0,1.0,1.0,0.0,1.0,1.0,0.0,1.0,0,2025,3,1,12,6,5,2,1,0,1,1,1,0,1,0,0
2025-03-24,S004,Roller,0,0,1.0,1.0,1.0,0.75,1.0,0.5,-1.0,1,2025,3,1,13,4,4,1,1,0,1,1,0,0,0,0,1
2025-03-31,S004,Roller,0,0,0.0,1.0,1.0,0.5,1.0,0.5773502691896257,-1.0,2,2025,3,1,14,2,2,1,0,0,0,1,0,0,0,0,1
2025-04-07,S004,Roller,0,0,0.0,0.0,1.0,0.25,1.0,0.5,-1.0,3,2025,4,2,15,1,1,0,0,0,0,1,0,0,0,0,0
2025-04-14,S004,Roller,0,0,0.0,0.0,1.0,0.0,0.0,0.0,-1.0,4,2025,4,2,16,0,0,0,0,0,0,0,0,0,0,0,0
2025-04-21,S004,Roller,0,0,0.0,0.0,0.0,0.0,0.0,0.0,0.0,5,2025,4,2,17,0,0,0,0,0,0,0,0,0,0,0,0
2025-04-28,S004,Roller,0,0,0.0,0.0,0.0,0.0,0.0,0.0,0.0,6,2025,4,2,18,2,2,0,0,0,1,1,0,0,0,0,0
2025-05-05,S004,Roller,0,0,0.0,0.0,0.0,0.0,0.0,0.0,0.0,7,2025,5,2,19,3,3,1,0,0,1,1,0,0,0,0,0
2025-05-12,S004,Roller,0,0,0.0,0.0,0.0,0.0,0.0,0.0,0.0,8,2025,5,2,20,3,3,1,0,0,1,1,0,0,0,0,0
2025-05-19,S004,Roller,0,0,0.0,0.0,0.0,0.0,0.0,0.0,0.0,9,2025,5,2,21,2,2,0,1,0,0,1,0,0,0,0,0
2025-05-26,S004,Roller,0,0,0.0,0.0,0.0,0.0,0.0,0.0,0.0,10,2025,5,2,22,2,2,0,1,0,0,1,0,0,0,0,0
2025-06-02,S004,Roller,0,0,0.0,0.0,0.0,0.0,0.0,0.0,0.0,11,2025,6,2,23,0,0,0,0,0,0,0,0,0,0,0,0
2025-06-09,S004,Roller,0,0,0.0,0.0,0.0,0.0,0.0,0.0,0.0,12,2025,6,2,24,2,2,0,1,0,0,1,0,0,0,0,0
2025-06-16,S004,Roller,0,0,0.0,0.0,0.0,0.0,0.0,0.0,0.0,13,2025,6,2,25,2,2,0,1,0,0,1,0,0,0,0,0
2025-06-23,S004,Roller,0,0,0.0,0.0,0.0,0.0,0.0,0.0,0.0,14,2025,6,2,26,1,1,0,1,0,0,0,0,0,0,0,0
2025-06-30,S004,Roller,0,0,0.0,0.0,0.0,0.0,0.0,0.0,0.0,15,2025,6,2,27,2,2,1,1,0,0,0,0,0,0,0,0
2025-07-07,S004,Roller,0,0,0.0,0.0,0.0,0.0,0.0,0.0,0.0,16,2025,7,3,28,5,5,1,1,1,1,1,0,0,0,0,0
2025-07-14,S004,Roller,0,1,0.0,0.0,0.0,0.0,0.0,0.0,0.0,17,2025,7,3,29,5,5,1,1,1,1,1,0,0,0,0,0
2025-07-21,S004,Roller,1,1,0.0,0.0,0.0,0.25,1.0,0.5,1.0,0,2025,7,3,30,2,2,0,1,0,0,0,1,1,0,0,0
2025-07-28,S004,Roller,1,1,1.0,0.0,0.0,0.5,1.0,0.5773502691896257,1.0,0,2025,7,3,31,3,3,1,1,0,0,0,1,0,1,1,0
2025-08-04,S004,Roller,1,1,1.0,1.0,0.0,0.75,1.0,0.5,1.0,0,2025,8,3,32,5,5,1,1,1,0,1,1,1,0,1,1
2025-08-11,S004,Roller,1,0,1.0,1.0,0.0,1.0,1.0,0.0,1.0,0,2025,8,3,33,4,4,0,1,1,0,1,1,0,1,1,1
2025-08-18,S004,Roller,0,1,1.0,1.0,1.0,0.75,1.0,0.5,-1.0,1,2025,8,3,34,2,1,0,2,0,0,0,0,0,0,1,1
2025-08-25,S004,Roller,1,1,0.0,1.0,1.0,0.75,1.0,0.5,0.0,0,2025,8,3,35,3,2,0,2,0,0,0,1,1,0,0,1
2025-09-01,S004,Roller,1,0,1.0,0.0,1.0,0.75,1.0,0.5,0.0,0,2025,9,3,36,2,2,0,1,0,0,0,1,0,1,1,0
2025-09-08,S004,Roller,0,0,1.0,1.0,1.0,0.5,1.0,0.5773502691896257,-1.0,1,2025,9,3,37,0,0,0,0,0,0,0,0,0,0,1,1
2025-09-15,S004,Roller,0,0,0.0,1.0,0.0,0.5,1.0,0.5773502691896257,0.0,2,2025,9,3,38,5,3,1,1,3,0,0,0,0,0,0,1
2025-09-22,S004,Roller,0,0,0.0,0.0,1.0,0.25,1.0,0.5,-1.0,3,2025,9,3,39,6,3,1,2,3,0,0,0,0,0,0,0
2025-09-29,S004,Roller,0,0,0.0,0.0,1.0,0.0,0.0,0.0,-1.0,4,2025,9,3,40,4,3,1,2,1,0,0,0,0,0,0,0
2025-10-06,S004,Roller,0,0,0.0,0.0,0.0,0.0,0.0,0.0,0.0,5,2025,10,4,41,5,4,1,1,2,0,1,0,0,0,0,0
2025-10-13,S004,Roller,0,0,0.0,0.0,0.0,0.0,0.0,0.0,0.0,6,2025,10,4,42,6,4,2,1,2,0,1,0,0,0,0,0
2025-10-20,S004,Roller,0,1,0.0,0.0,0.0,0.0,0.0,0.0,0.0,7,2025,10,4,43,4,3,2,1,1,0,0,0,0,0,0,0
2025-10-27,S004,Roller,1,1,0.0,0.0,0.0,0.25,1.0,0.5,1.0,0,2025,10,4,44,3,3,1,0,1,0,0,1,1,0,0,0
2025-11-03,S004,Roller,1,1,1.0,0.0,0.0,0.5,1.0,0.5773502691896257,1.0,0,2025,11,4,45,2,2,0,0,1,0,0,1,0,1,1,0
2025-11-10,S004,Roller,1,1,1.0,1.0,0.0,0.75,1.0,0.5,1.0,0,2025,11,4,46,2,2,1,0,0,0,0,1,1,0,1,1
2025-11-17,S004,Roller,1,1,1.0,1.0,0.0,1.0,1.0,0.0,1.0,0,2025,11,4,47,3,3,1,1,0,0,0,1,0,1,1,1
2025-11-24,S004,Roller,1,1,1.0,1.0,1.0,1.0,1.0,0.0,0.0,0,2025,11,4,48,4,4,1,1,1,0,0,1,1,0,1,1
2025-12-01,S004,Roller,1,2,1.0,1.0,1.0,1.0,1.0,0.0,0.0,0,2025,12,4,49,8,6,2,1,2,1,1,1,0,1,1,1
2025-12-08,S004,Roller,2,2,1.0,1.0,1.0,1.25,2.0,0.5,1.0,0,2025,12,4,50,10,6,2,1,3,1,1,2,2,0,1,1
2025-12-15,S004,Roller,2,0,2.0,1.0,1.0,1.5,2.0,0.5773502691896257,1.0,0,2025,12,4,51,8,5,0,1,3,1,1,2,0,2,2,1
2024-01-01,S005,Bulldozer,0,0,0.0,0.0,0.0,0.0,0.0,0.0,0.0,1,2024,1,1,1,2,2,0,0,0,1,1,0,0,0,0,0
2024-01-08,S005,Bulldozer,0,0,0.0,0.0,0.0,0.0,0.0,0.0,0.0,2,2024,1,1,2,2,2,0,0,0,1,1,0,0,0,0,0
2024-01-15,S005,Bulldozer,0,0,0.0,0.0,0.0,0.0,0.0,0.0,0.0,3,2024,1,1,3,2,2,0,0,0,1,1,0,0,0,0,0
2024-01-22,S005,Bulldozer,0,0,0.0,0.0,0.0,0.0,0.0,0.0,0.0,4,2024,1,1,4,1,1,0,0,0,0,1,0,0,0,0,0
2024-01-29,S005,Bulldozer,0,0,0.0,0.0,0.0,0.0,0.0,0.0,0.0,5,2024,1,1,5,1,1,0,0,0,0,1,0,0,0,0,0
2024-02-05,S005,Bulldozer,0,2,0.0,0.0,0.0,0.0,0.0,0.0,0.0,6,2024,2,1,6,1,1,0,0,1,0,0,0,0,0,0,0
2024-02-12,S005,Bulldozer,2,2,0.0,0.0,0.0,0.5,2.0,1.0,2.0,0,2024,2,1,7,3,2,0,2,1,0,0,0,2,0,0,0
2024-02-19,S005,Bulldozer,2,2,2.0,0.0,0.0,1.0,2.0,1.1547005383792515,2.0,0,2024,2,1,8,5,4,1,2,1,0,0,1,0,0,2,0
2024-02-26,S005,Bulldozer,2,1,2.0,2.0,0.0,1.5,2.0,1.0,2.0,0,2024,2,1,9,6,5,1,2,1,1,0,1,0,1,2,0
2024-03-04,S005,Bulldozer,1,1,2.0,2.0,0.0,1.75,2.0,0.5,1.0,0,2024,3,1,10,6,6,1,1,1,1,1,1,0,1,0,1
2024-03-11,S005,Bulldozer,1,1,1.0,2.0,2.0,1.5,2.0,0.5773502691896257,-1.0,0,2024,3,1,11,4,4,1,1,1,0,1,0,1,0,0,2
2024-03-18,S005,Bulldozer,1,2,1.0,1.0,2.0,1.25,2.0,0.5,-1.0,0,2024,3,1,12,3,3,1,1,0,1,0,0,0,0,1,1
2024-03-25,S005,Bulldozer,2,2,1.0,1.0,2.0,1.25,2.0,0.5,0.0,0,2024,3,1,13,5,4,1,2,1,1,0,0,1,0,1,0
2024-04-01,S005,Bulldozer,2,0,2.0,1.0,1.0,1.5,2.0,0.5773502691896257,1.0,0,2024,4,2,14,5,4,1,2,1,0,0,1,0,2,1,0
2024-04-08,S005,Bulldozer,0,0,2.0,2.0,1.0,1.25,2.0,0.9574271077563381,-1.0,1,2024,4,2,15,3,3,1,0,1,0,0,1,0,0,1,2
2024-04-15,S005,Bulldozer,0,0,0.0,2.0,1.0,1.0,2.0,1.1547005383792515,-1.0,2,2024,4,2,16,1,1,1,0,0,0,0,0,0,0,0,2
2024-04-22,S005,Bulldozer,0,0,0.0,0.0,2.0,0.5,2.0,1.0,-2.0,3,2024,4,2,17,1,1,1,0,0,0,0,0,0,0,0,0
2024-04-29,S005,Bulldozer,0,0,0.0,0.0,2.0,0.0,0.0,0.0,-2.0,4,2024,4,2,18,1,1,0,0,1,0,0,0,0,0,0,0
2024-05-06,S005,Bulldozer,0,0,0.0,0.0,0.0,0.0,0.0,0.0,0.0,5,2024,5,2,19,2,2,1,0,1,0,0,0,0,0,0,0
2024-05-13,S005,Bulldozer,0,1,0.0,0.0,0.0,0.0,0.0,0.0,0.0,6,2024,5,2,20,1,1,1,0,0,0,0,0,0,0,0,0
2024-05-20,S005,Bulldozer,1,1,0.0,0.0,0.0,0.25,1.0,0.5,1.0,0,2024,5,2,21,3,2,0,1,0,0,0,2,1,0,0,0
2024-05-27,S005,Bulldozer,1,1,1.0,0.0,0.0,0.5,1.0,0.5773502691896257,1.0,0,2024,5,2,22,6,4,1,1,2,0,0,2,0,0,1,0
2024-06-03,S005,Bulldozer,1,1,1.0,1.0,0.0,0.75,1.0,0.5,1.0,0,2024,6,2,23,6,5,1,1,2,0,1,1,0,1,1,0
2024-06-10,S005,Bulldozer,1,1,1.0,1.0,0.0,1.0,1.0,0.0,1.0,0,2024,6,2,24,6,5,1,1,2,1,1,0,1,0,0,1
2024-06-17,S005,Bulldozer,1,0,1.0,1.0,1.0,1.0,1.0,0.0,0.0,0,2024,6,2,25,6,5,1,1,2,1,0,1,0,1,1,1
2024-06-24,S005,Bulldozer,0,1,1.0,1.0,1.0,0.75,1.0,0.5,-1.0,1,2024,6,2,26,5,5,1,0,1,1,1,1,0,0,1,1
2024-07-01,S005,Bulldozer,1,1,0.0,1.0,1.0,0.75,1.0,0.5,0.0,0,2024,7,3,27,6,5,2,1,1,1,1,0,1,0,0,1
2024-07-08,S005,Bulldozer,1,1,1.0,0.0,1.0,0.75,1.0,0.5,0.0,0,2024,7,3,28,5,4,2,1,1,0,1,0,0,1,1,0
2024-07-15,S005,Bulldozer,1,1,1.0,1.0,1.0,0.75,1.0,0.5,0.0,0,2024,7,3,29,3,3,1,1,1,0,0,0,1,0,1,1
2024-07-22,S005,Bulldozer,1,0,1.0,1.0,0.0,1.0,1.0,0.0,1.0,0,2024,7,3,30,3,3,0,1,1,1,0,0,0,1,1,1
2024-07-29,S005,Bulldozer,0,0,1.0,1.0,1.0,0.75,1.0,0.5,-1.0,1,2024,7,3,31,4,4,1,0,1,1,1,0,0,0,1,1
2024-08-05,S005,Bulldozer,0,0,0.0,1.0,1.0,0.5,1.0,0.5773502691896257,-1.0,2,2024,8,3,32,2,2,1,0,0,0,1,0,0,0,0,1
2024-08-12,S005,Bulldozer,0,1,0.0,0.0,1.0,0.25,1.0,0.5,-1.0,3,2024,8,3,33,2,2,0,0,0,1,1,0,0,0,0,0
2024-08-19,S005,Bulldozer,1,1,0.0,0.0,1.0,0.25,1.0,0.5,0.0,0,2024,8,3,34,4,4,0,1,1,1,1,0,1,0,0,0
2024-08-26,S005,Bulldozer,1,1,1.0,0.0,0.0,0.5,1.0,0.5773502691896257,1.0,0,2024,8,3,35,5,4,0,1,2,1,1,0,0,1,1,0
2024-09-02,S005,Bulldozer,1,1,1.0,1.0,0.0,0.75,1.0,0.5,1.0,0,2024,9,3,36,5,4,0,1,2,1,1,0,1,0,1,1
2024-09-09,S005,Bulldozer,1,1,1.0,1.0,0.0,1.0,1.0,0.0,1.0,0,2024,9,3,37,3,3,0,1,1,0,0,1,0,1,1,1
2024-09-16,S005,Bulldozer,1,2,1.0,1.0,1.0,1.0,1.0,0.0,0.0,0,2024,9,3,38,5,5,1,1,1,1,0,1,1,0,1,1
2024-09-23,S005,Bulldozer,2,2,1.0,1.0,1.0,1.25,2.0,0.5,1.0,0,2024,9,3,39,6,5,1,2,1,1,1,0,1,0,1,1
2024-09-30,S005,Bulldozer,2,0,2.0,1.0,1.0,1.5,2.0,0.5773502691896257,1.0,0,2024,9,3,40,6,5,1,2,1,1,1,0,0,2,2,0
2024-10-07,S005,Bulldozer,0,1,2.0,2.0,1.0,1.25,2.0,0.9574271077563381,-1.0,1,2024,10,4,41,4,3,1,0,0,1,0,2,0,0,1,2
2024-10-14,S005,Bulldozer,1,1,0.0,2.0,1.0,1.25,2.0,0.9574271077563381,0.0,0,2024,10,4,42,4,3,0,1,0,1,0,2,1,0,0,2
2024-10-21,S005,Bulldozer,1,1,1.0,0.0,2.0,1.0,2.0,0.816496580927726,-1.0,0,2024,10,4,43,3,3,1,1,0,0,0,1,0,0,1,0
2024-10-28,S005,Bulldozer,1,1,1.0,1.0,2.0,0.75,1.0,0.5,-1.0,0,2024,10,4,44,3,3,1,1,0,0,0,1,0,1,1,0
2024-11-04,S005,Bulldozer,1,1,1.0,1.0,0.0,1.0,1.0,0.0,1.0,0,2024,11,4,45,4,4,1,1,1,1,0,0,1,0,0,1
2024-11-11,S005,Bulldozer,1,1,1.0,1.0,1.0,1.0,1.0,0.0,0.0,0,2024,11,4,46,4,4,1,1,1,1,0,0,0,0,1,1
2024-11-18,S005,Bulldozer,1,0,1.0,1.0,1.0,1.0,1.0,0.0,0.0,0,2024,11,4,47,7,5,1,1,3,1,0,1,0,1,1,0
2024-11-25,S005,Bulldozer,0,1,1.0,1.0,1.0,0.75,1.0,0.5,-1.0,1,2024,11,4,48,7,4,1,0,3,1,0,2,0,0,0,1
2024-12-02,S005,Bulldozer,1,1,0.0,1.0,1.0,0.75,1.0,0.5,0.0,0,2024,12,4,49,5,4,0,1,1,0,1,2,1,0,0,1
2024-12-09,S005,Bulldozer,1,1,1.0,0.0,1.0,0.75,1.0,0.5,0.0,0,2024,12,4,50,2,2,0,1,0,0,1,0,0,0,1,0
2024-12-16,S005,Bulldozer,1,1,1.0,1.0,1.0,0.75,1.0,0.5,0.0,0,2024,12,4,51,3,3,1,1,0,0,0,1,0,0,1,0
2024-12-23,S005,Bulldozer,1,0,1.0,1.0,0.0,1.0,1.0,0.0,1.0,0,2024,12,4,52,3,3,1,1,0,0,0,1,0,1,0,0
2024-12-30,S005,Bulldozer,0,1,1.0,1.0,1.0,0.75,1.0,0.5,-1.0,1,2024,12,4,1,2,2,0,0,1,0,0,1,0,0,0,1
2025-01-06,S005,Bulldozer,1,1,0.0,1.0,1.0,0.75,1.0,0.5,0.0,0,2025,1,1,2,3,3,0,1,1,0,0,1,1,0,0,1
2025-01-13,S005,Bulldozer,1,1,1.0,0.0,1.0,0.75,1.0,0.5,0.0,0,2025,1,1,3,2,2,0,1,0,0,0,1,0,0,1,0
2025-01-20,S005,Bulldozer,1,0,1.0,1.0,1.0,0.75,1.0,0.5,0.0,0,2025,1,1,4,2,2,0,1,1,0,0,0,0,1,1,0
2025-01-27,S005,Bulldozer,0,0,1.0,1.0,0.0,0.75,1.0,0.5,0.0,1,2025,1,1,5,1,1,0,0,1,0,0,0,0,0,0,1
2025-02-03,S005,Bulldozer,0,0,0.0,1.0,1.0,0.5,1.0,0.5773502691896257,-1.0,2,2025,2,1,6,4,2,0,0,3,0,1,0,0,0,0,1
2025-02-10,S005,Bulldozer,0,0,0.0,0.0,1.0,0.25,1.0,0.5,-1.0,3,2025,2,1,7,4,2,0,0,3,0,1,0,0,0,0,0
2025-02-17,S005,Bulldozer,0,0,0.0,0.0,1.0,0.0,0.0,0.0,-1.0,4,2025,2,1,8,1,1,0,0,1,0,0,0,0,0,0,0
2025-02-24,S005,Bulldozer,0,0,0.0,0.0,0.0,0.0,0.0,0.0,0.0,5,2025,2,1,9,1,1,0,0,1,0,0,0,0,0,0,0
2025-03-03,S005,Bulldozer,0,1,0.0,0.0,0.0,0.0,0.0,0.0,0.0,6,2025,3,1,10,5,5,1,0,1,1,1,1,0,0,0,0
2025-03-10,S005,Bulldozer,1,2,0.0,0.0,0.0,0.25,1.0,0.5,1.0,0,2025,3,1,11,6,6,1,1,1,1,1,1,1,0,0,0
2025-03-17,S005,Bulldozer,2,2,1.0,0.0,0.0,0.75,2.0,0.9574271077563381,2.0,0,2025,3,1,12,4,3,1,2,0,0,1,0,1,0,1,0
2025-03-24,S005,Bulldozer,2,0,2.0,1.0,0.0,1.25,2.0,0.9574271077563381,2.0,0,2025,3,1,13,4,3,1,2,1,0,0,0,0,2,2,0
2025-03-31,S005,Bulldozer,0,0,2.0,2.0,0.0,1.25,2.0,0.9574271077563381,0.0,1,2025,3,1,14,3,3,1,0,1,0,0,1,0,0,1,2
2025-04-07,S005,Bulldozer,0,0,0.0,2.0,1.0,1.0,2.0,1.1547005383792515,-1.0,2,2025,4,2,15,5,5,1,0,1,1,1,1,0,0,0,2
2025-04-14,S005,Bulldozer,0,1,0.0,0.0,2.0,0.5,2.0,1.0,-2.0,3,2025,4,2,16,5,5,1,0,1,1,1,1,0,0,0,0
2025-04-21,S005,Bulldozer,1,1,0.0,0.0,2.0,0.25,1.0,0.5,-1.0,0,2025,4,2,17,4,4,1,1,1,1,0,0,1,0,0,0
2025-04-28,S005,Bulldozer,1,0,1.0,0.0,0.0,0.5,1.0,0.5773502691896257,1.0,0,2025,4,2,18,4,4,0,1,1,1,1,0,0,1,1,0
2025-05-05,S005,Bulldozer,0,0,1.0,1.0,0.0,0.5,1.0,0.5773502691896257,0.0,1,2025,5,2,19,3,2,0,0,0,2,1,0,0,0,1,1
2025-05-12,S005,Bulldozer,0,1,0.0,1.0,0.0,0.5,1.0,0.5773502691896257,0.0,2,2025,5,2,20,2,1,0,0,0,2,0,0,0,0,0,1
2025-05-19,S005,Bulldozer,1,1,0.0,0.0,1.0,0.5,1.0,0.5773502691896257,0.0,0,2025,5,2,21,2,2,0,1,0,1,0,0,1,0,0,0
2025-05-26,S005,Bulldozer,1,0,1.0,0.0,1.0,0.5,1.0,0.5773502691896257,0.0,0,2025,5,2,22,2,2,0,1,1,0,0,0,0,1,1,0
2025-06-02,S005,Bulldozer,0,0,1.0,1.0,0.0,0.5,1.0,0.5773502691896257,0.0,1,2025,6,2,23,4,4,0,0,1,1,1,1,0,0,1,1
2025-06-09,S005,Bulldozer,0,0,0.0,1.0,0.0,0.5,1.0,0.5773502691896257,0.0,2,2025,6,2,24,4,4,0,0,1,1,1,1,0,0,0,1
2025-06-16,S005,Bulldozer,0,1,0.0,0.0,1.0,0.25,1.0,0.5,-1.0,3,2025,6,2,25,1,1,0,0,1,0,0,0,0,0,0,0
2025-06-23,S005,Bulldozer,1,1,0.0,0.0,1.0,0.25,1.0,0.5,0.0,0,2025,6,2,26,6,5,0,1,2,1,1,1,1,0,0,0
2025-06-30,S005,Bulldozer,1,1,1.0,0.0,0.0,0.5,1.0,0.5773502691896257,1.0,0,2025,6,2,27,6,5,0,1,2,1,1,1,0,0,1,0
2025-07-07,S005,Bulldozer,1,1,1.0,1.0,0.0,0.75,1.0,0.5,1.0,0,2025,7,3,28,2,2,0,1,0,0,0,1,0,0,1,0
2025-07-14,S005,Bulldozer,1,0,1.0,1.0,0.0,1.0,1.0,0.0,1.0,0,2025,7,3,29,1,1,0,1,0,0,0,0,0,1,0,0
2025-07-21,S005,Bulldozer,0,0,1.0,1.0,1.0,0.75,1.0,0.5,-1.0,1,2025,7,3,30,0,0,0,0,0,0,0,0,0,0,0,1
2025-07-28,S005,Bulldozer,0,1,0.0,1.0,1.0,0.5,1.0,0.5773502691896257,-1.0,2,2025,7,3,31,1,1,0,0,1,0,0,0,0,0,0,1
2025-08-04,S005,Bulldozer,1,1,0.0,0.0,1.0,0.5,1.0,0.5773502691896257,0.0,0,2025,8,3,32,4,3,0,1,1,0,0,2,1,0,0,0
2025-08-11,S005,Bulldozer,1,0,1.0,0.0,1.0,0.5,1.0,0.5773502691896257,0.0,0,2025,8,3,33,4,3,0,1,0,0,1,2,0,1,1,0
2025-08-18,S005,Bulldozer,0,0,1.0,1.0,0.0,0.5,1.0,0.5773502691896257,0.0,1,2025,8,3,34,2,2,0,0,0,0,1,1,0,0,1,1
2025-08-25,S005,Bulldozer,0,0,0.0,1.0,0.0,0.5,1.0,0.5773502691896257,0.0,2,2025,8,3,35,1,1,0,0,0,1,0,0,0,0,0,1
2025-09-01,S005,Bulldozer,0,0,0.0,0.0,1.0,0.25,1.0,0.5,-1.0,3,2025,9,3,36,3,2,0,0,0,1,2,0,0,0,0,0
2025-09-08,S005,Bulldozer,0,0,0.0,0.0,1.0,0.0,0.0,0.0,-1.0,4,2025,9,3,37,2,1,0,0,0,0,2,0,0,0,0,0
2025-09-15,S005,Bulldozer,0,0,0.0,0.0,0.0,0.0,0.0,0.0,0.0,5,2025,9,3,38,1,1,0,0,0,1,0,0,0,0,0,0
2025-09-22,S005,Bulldozer,0,1,0.0,0.0,0.0,0.0,0.0,0.0,0.0,6,2025,9,3,39,1,1,0,0,0,1,0,0,0,0,0,0
2025-09-29,S005,Bulldozer,1,1,0.0,0.0,0.0,0.25,1.0,0.5,1.0,0,2025,9,3,40,2,2,0,1,0,1,0,0,1,0,0,0
2025-10-06,S005,Bulldozer,1,0,1.0,0.0,0.0,0.5,1.0,0.5773502691896257,1.0,0,2025,10,4,41,2,2,0,1,0,1,0,0,0,1,1,0
2025-10-13,S005,Bulldozer,0,1,1.0,1.0,0.0,0.5,1.0,0.5773502691896257,0.0,1,2025,10,4,42,3,3,1,0,0,0,1,1,0,0,1,1
2025-10-20,S005,Bulldozer,1,1,0.0,1.0,0.0,0.75,1.0,0.5,1.0,0,2025,10,4,43,4,4,1,1,0,0,1,1,1,0,0,1
2025-10-27,S005,Bulldozer,1,1,1.0,0.0,1.0,0.75,1.0,0.5,0.0,0,2025,10,4,44,2,2,1,1,0,0,0,0,0,0,1,0
2025-11-03,S005,Bulldozer,1,0,1.0,1.0,1.0,0.75,1.0,0.5,0.0,0,2025,11,4,45,1,1,0,1,0,0,0,0,0,1,1,0
2025-11-10,S005,Bulldozer,0,0,1.0,1.0,0.0,0.75,1.0,0.5,0.0,1,2025,11,4,46,0,0,0,0,0,0,0,0,0,0,0,1
2025-11-17,S005,Bulldozer,0,0,0.0,1.0,1.0,0.5,1.0,0.5773502691896257,-1.0,2,2025,11,4,47,0,0,0,0,0,0,0,0,0,0,0,1
2025-11-24,S005,Bulldozer,0,1,0.0,0.0,1.0,0.25,1.0,0.5,-1.0,3,2025,11,4,48,0,0,0,0,0,0,0,0,0,0,0,0
2025-12-01,S005,Bulldozer,1,1,0.0,0.0,1.0,0.25,1.0,0.5,0.0,0,2025,12,4,49,1,1,0,1,0,0,0,0,1,0,0,0
2025-12-08,S005,Bulldozer,1,1,1.0,0.0,0.0,0.5,1.0,0.5773502691896257,1.0,0,2025,12,4,50,2,2,1,1,0,0,0,0,0,0,1,0
2025-12-15,S005,Bulldozer,1,1,1.0,1.0,0.0,0.75,1.0,0.5,1.0,0,2025,12,4,51,3,3,1,1,1,0,0,0,0,0,1,0
2024-01-01,S005,Crane,1,1,0.0,0.0,0.0,0.0,0.0,0.0,0.0,0,2024,1,1,1,2,2,0,0,0,1,1,0,1,0,0,0
2024-01-08,S005,Crane,1,1,1.0,0.0,0.0,0.0,0.0,0.0,0.0,0,2024,1,1,2,2,2,0,0,0,1,1,0,0,0,1,0
2024-01-15,S005,Crane,1,0,1.0,1.0,0.0,0.0,0.0,0.0,0.0,0,2024,1,1,3,2,2,0,0,0,1,1,0,0,1,1,0
2024-01-22,S005,Crane,0,0,1.0,1.0,0.0,0.75,1.0,0.5,0.0,1,2024,1,1,4,1,1,0,0,0,0,1,0,0,0,0,1
2024-01-29,S005,Crane,0,0,0.0,1.0,1.0,0.5,1.0,0.5773502691896257,-1.0,2,2024,1,1,5,1,1,0,0,0,0,1,0,0,0,0,1
2024-02-05,S005,Crane,0,0,0.0,0.0,1.0,0.25,1.0,0.5,-1.0,3,2024,2,1,6,1,1,0,0,1,0,0,0,0,0,0,0
2024-02-12,S005,Crane,0,0,0.0,0.0,1.0,0.0,0.0,0.0,-1.0,4,2024,2,1,7,3,2,0,2,1,0,0,0,0,0,0,0
2024-02-19,S005,Crane,0,1,0.0,0.0,0.0,0.0,0.0,0.0,0.0,5,2024,2,1,8,5,4,1,2,1,0,0,1,0,0,0,0
2024-02-26,S005,Crane,1,1,0.0,0.0,0.0,0.25,1.0,0.5,1.0,0,2024,2,1,9,6,5,1,2,1,1,0,1,1,0,0,0
2024-03-04,S005,Crane,1,0,1.0,0.0,0.0,0.5,1.0,0.5773502691896257,1.0,0,2024,3,1,10,6,6,1,1,1,1,1,1,0,1,1,0
2024-03-11,S005,Crane,0,1,1.0,1.0,0.0,0.5,1.0,0.5773502691896257,0.0,1,2024,3,1,11,4,4,1,1,1,0,1,0,0,0,1,1
2024-03-18,S005,Crane,1,1,0.0,1.0,0.0,0.75,1.0,0.5,1.0,0,2024,3,1,12,3,3,1,1,0,1,0,0,1,0,0,1
2024-03-25,S005,Crane,1,0,1.0,0.0,1.0,0.75,1.0,0.5,0.0,0,2024,3,1,13,5,4,1,2,1,1,0,0,0,1,1,0
2024-04-01,S005,Crane,0,0,1.0,1.0,1.0,0.5,1.0,0.5773502691896257,-1.0,1,2024,4,2,14,5,4,1,2,1,0,0,1,0,0,1,1
2024-04-08,S005,Crane,0,0,0.0,1.0,0.0,0.5,1.0,0.5773502691896257,0.0,2,2024,4,2,15,3,3,1,0,1,0,0,1,0,0,0,1
2024-04-15,S005,Crane,0,0,0.0,0.0,1.0,0.25,1.0,0.5,-1.0,3,2024,4,2,16,1,1,1,0,0,0,0,0,0,0,0,0
2024-04-22,S005,Crane,0,0,0.0,0.0,1.0,0.0,0.0,0.0,-1.0,4,2024,4,2,17,1,1,1,0,0,0,0,0,0,0,0,0
2024-04-29,S005,Crane,0,0,0.0,0.0,0.0,0.0,0.0,0.0,0.0,5,2024,4,2,18,1,1,0,0,1,0,0,0,0,0,0,0
2024-05-06,S005,Crane,0,0,0.0,0.0,0.0,0.0,0.0,0.0,0.0,6,2024,5,2,19,2,2,1,0,1,0,0,0,0,0,0,0
2024-05-13,S005,Crane,0,0,0.0,0.0,0.0,0.0,0.0,0.0,0.0,7,2024,5,2,20,1,1,1,0,0,0,0,0,0,0,0,0
2024-05-20,S005,Crane,0,0,0.0,0.0,0.0,0.0,0.0,0.0,0.0,8,2024,5,2,21,3,2,0,1,0,0,0,2,0,0,0,0
2024-05-27,S005,Crane,0,0,0.0,0.0,0.0,0.0,0.0,0.0,0.0,9,2024,5,2,22,6,4,1,1,2,0,0,2,0,0,0,0
2024-06-03,S005,Crane,0,1,0.0,0.0,0.0,0.0,0.0,0.0,0.0,10,2024,6,2,23,6,5,1,1,2,0,1,1,0,0,0,0
2024-06-10,S005,Crane,1,1,0.0,0.0,0.0,0.25,1.0,0.5,1.0,0,2024,6,2,24,6,5,1,1,2,1,1,0,1,0,0,0
2024-06-17,S005,Crane,1,1,1.0,0.0,0.0,0.5,1.0,0.5773502691896257,1.0,0,2024,6,2,25,6,5,1,1,2,1,0,1,0,1,1,0
2024-06-24,S005,Crane,1,1,1.0,1.0,0.0,0.75,1.0,0.5,1.0,0,2024,6,2,26,5,5,1,0,1,1,1,1,1,0,1,1
2024-07-01,S005,Crane,1,0,1.0,1.0,0.0,1.0,1.0,0.0,1.0,0,2024,7,3,27,6,5,2,1,1,1,1,0,0,1,1,1
2024-07-08,S005,Crane,0,0,1.0,1.0,1.0,0.75,1.0,0.5,-1.0,1,2024,7,3,28,5,4,2,1,1,0,1,0,0,0,1,1
2024-07-15,S005,Crane,0,1,0.0,1.0,1.0,0.5,1.0,0.5773502691896257,-1.0,2,2024,7,3,29,3,3,1,1,1,0,0,0,0,0,0,1
2024-07-22,S005,Crane,1,1,0.0,0.0,1.0,0.5,1.0,0.5773502691896257,0.0,0,2024,7,3,30,3,3,0,1,1,1,0,0,1,0,0,0
2024-07-29,S005,Crane,1,0,1.0,0.0,1.0,0.5,1.0,0.5773502691896257,0.0,0,2024,7,3,31,4,4,1,0,1,1,1,0,0,1,1,0
2024-08-05,S005,Crane,0,1,1.0,1.0,0.0,0.5,1.0,0.5773502691896257,0.0,1,2024,8,3,32,2,2,1,0,0,0,1,0,0,0,1,1
2024-08-12,S005,Crane,1,1,0.0,1.0,0.0,0.75,1.0,0.5,1.0,0,2024,8,3,33,2,2,0,0,0,1,1,0,1,0,0,1
2024-08-19,S005,Crane,1,1,1.0,0.0,1.0,0.75,1.0,0.5,0.0,0,2024,8,3,34,4,4,0,1,1,1,1,0,0,1,1,0
2024-08-26,S005,Crane,1,1,1.0,1.0,1.0,0.75,1.0,0.5,0.0,0,2024,8,3,35,5,4,0,1,2,1,1,0,1,0,1,1
2024-09-02,S005,Crane,1,0,1.0,1.0,0.0,1.0,1.0,0.0,1.0,0,2024,9,3,36,5,4,0,1,2,1,1,0,0,1,1,1
2024-09-09,S005,Crane,0,1,1.0,1.0,1.0,0.75,1.0,0.5,-1.0,1,2024,9,3,37,3,3,0,1,1,0,0,1,0,0,1,1
2024-09-16,S005,Crane,1,1,0.0,1.0,1.0,0.75,1.0,0.5,0.0,0,2024,9,3,38,5,5,1,1,1,1,0,1,1,0,0,1
2024-09-23,S005,Crane,1,1,1.0,0.0,1.0,0.75,1.0,0.5,0.0,0,2024,9,3,39,6,5,1,2,1,1,1,0,0,0,1,0
2024-09-30,S005,Crane,1,1,1.0,1.0,1.0,0.75,1.0,0.5,0.0,0,2024,9,3,40,6,5,1,2,1,1,1,0,0,0,1,0
2024-10-07,S005,Crane,1,1,1.0,1.0,0.0,1.0,1.0,0.0,1.0,0,2024,10,4,41,4,3,1,0,0,1,0,2,0,0,0,0
2024-10-14,S005,Crane,1,0,1.0,1.0,1.0,1.0,1.0,0.0,0.0,0,2024,10,4,42,4,3,0,1,0,1,0,2,0,1,0,0
2024-10-21,S005,Crane,0,0,1.0,1.0,1.0,0.75,1.0,0.5,-1.0,1,2024,10,4,43,3,3,1,1,0,0,0,1,0,0,0,1
2024-10-28,S005,Crane,0,1,0.0,1.0,1.0,0.5,1.0,0.5773502691896257,-1.0,2,2024,10,4,44,3,3,1,1,0,0,0,1,0,0,0,1
2024-11-04,S005,Crane,1,1,0.0,0.0,1.0,0.5,1.0,0.5773502691896257,0.0,0,2024,11,4,45,4,4,1,1,1,1,0,0,1,0,0,0
2024-11-11,S005,Crane,1,1,1.0,0.0,1.0,0.5,1.0,0.5773502691896257,0.0,0,2024,11,4,46,4,4,1,1,1,1,0,0,0,0,1,0
2024-11-18,S005,Crane,1,1,1.0,1.0,0.0,0.75,1.0,0.5,1.0,0,2024,11,4,47,7,5,1,1,3,1,0,1,0,0,1,0
2024-11-25,S005,Crane,1,0,1.0,1.0,0.0,1.0,1.0,0.0,1.0,0,2024,11,4,48,7,4,1,0,3,1,0,2,0,1,0,0
2024-12-02,S005,Crane,0,0,1.0,1.0,1.0,0.75,1.0,0.5,-1.0,1,2024,12,4,49,5,4,0,1,1,0,1,2,0,0,0,1
2024-12-09,S005,Crane,0,0,0.0,1.0,1.0,0.5,1.0,0.5773502691896257,-1.0,2,2024,12,4,50,2,2,0,1,0,0,1,0,0,0,0,1
2024-12-16,S005,Crane,0,0,0.0,0.0,1.0,0.25,1.0,0.5,-1.0,3,2024,12,4,51,3,3,1,1,0,0,0,1,0,0,0,0
2024-12-23,S005,Crane,0,0,0.0,0.0,1.0,0.0,0.0,0.0,-1.0,4,2024,12,4,52,3,3,1,1,0,0,0,1,0,0,0,0
2024-12-30,S005,Crane,0,0,0.0,0.0,0.0,0.0,0.0,0.0,0.0,5,2024,12,4,1,2,2,0,0,1,0,0,1,0,0,0,0
2025-01-06,S005,Crane,0,0,0.0,0.0,0.0,0.0,0.0,0.0,0.0,6,2025,1,1,2,3,3,0,1,1,0,0,1,0,0,0,0
2025-01-13,S005,Crane,0,0,0.0,0.0,0.0,0.0,0.0,0.0,0.0,7,2025,1,1,3,2,2,0,1,0,0,0,1,0,0,0,0
2025-01-20,S005,Crane,0,0,0.0,0.0,0.0,0.0,0.0,0.0,0.0,8,2025,1,1,4,2,2,0,1,1,0,0,0,0,0,0,0
2025-01-27,S005,Crane,0,0,0.0,0.0,0.0,0.0,0.0,0.0,0.0,9,2025,1,1,5,1,1,0,0,1,0,0,0,0,0,0,0
2025-02-03,S005,Crane,0,0,0.0,0.0,0.0,0.0,0.0,0.0,0.0,10,2025,2,1,6,4,2,0,0,3,0,1,0,0,0,0,0
2025-02-10,S005,Crane,0,0,0.0,0.0,0.0,0.0,0.0,0.0,0.0,11,2025,2,1,7,4,2,0,0,3,0,1,0,0,0,0,0
2025-02-17,S005,Crane,0,0,0.0,0.0,0.0,0.0,0.0,0.0,0.0,12,2025,2,1,8,1,1,0,0,1,0,0,0,0,0,0,0
2025-02-24,S005,Crane,0,1,0.0,0.0,0.0,0.0,0.0,0.0,0.0,13,2025,2,1,9,1,1,0,0,1,0,0,0,0,0,0,0
2025-03-03,S005,Crane,1,1,0.0,0.0,0.0,0.25,1.0,0.5,1.0,0,2025,3,1,10,5,5,1,0,1,1,1,1,1,0,0,0
2025-03-10,S005,Crane,1,0,1.0,0.0,0.0,0.5,1.0,0.5773502691896257,1.0,0,2025,3,1,11,6,6,1,1,1,1,1,1,0,1,1,0
2025-03-17,S005,Crane,0,0,1.0,1.0,0.0,0.5,1.0,0.5773502691896257,0.0,1,2025,3,1,12,4,3,1,2,0,0,1,0,0,0,1,1
2025-03-24,S005,Crane,0,0,0.0,1.0,0.0,0.5,1.0,0.5773502691896257,0.0,2,2025,3,1,13,4,3,1,2,1,0,0,0,0,0,0,1
2025-03-31,S005,Crane,0,1,0.0,0.0,1.0,0.25,1.0,0.5,-1.0,3,2025,3,1,14,3,3,1,0,1,0,0,1,0,0,0,0
2025-04-07,S005,Crane,1,1,0.0,0.0,1.0,0.25,1.0,0.5,0.0,0,2025,4,2,15,5,5,1,0,1,1,1,1,1,0,0,0
2025-04-14,S005,Crane,1,1,1.0,0.0,0.0,0.5,1.0,0.5773502691896257,1.0,0,2025,4,2,16,5,5,1,0,1,1,1,1,0,1,1,0
2025-04-21,S005,Crane,1,1,1.0,1.0,0.0,0.75,1.0,0.5,1.0,0,2025,4,2,17,4,4,1,1,1,1,0,0,1,0,1,1
2025-04-28,S005,Crane,1,2,1.0,1.0,0.0,1.0,1.0,0.0,1.0,0,2025,4,2,18,4,4,0,1,1,1,1,0,0,0,1,1
2025-05-05,S005,Crane,2,2,1.0,1.0,1.0,1.25,2.0,0.5,1.0,0,2025,5,2,19,3,2,0,0,0,2,1,0,1,0,1,0
2025-05-12,S005,Crane,2,1,2.0,1.0,1.0,1.5,2.0,0.5773502691896257,1.0,0,2025,5,2,20,2,1,0,0,0,2,0,0,0,1,1,0
2025-05-19,S005,Crane,1,0,2.0,2.0,1.0,1.5,2.0,0.5773502691896257,0.0,0,2025,5,2,21,2,2,0,1,0,1,0,0,0,1,1,1
2025-05-26,S005,Crane,0,1,1.0,2.0,1.0,1.25,2.0,0.9574271077563381,-1.0,1,2025,5,2,22,2,2,0,1,1,0,0,0,0,0,0,2
2025-06-02,S005,Crane,1,1,0.0,1.0,2.0,1.0,2.0,0.816496580927726,-1.0,0,2025,6,2,23,4,4,0,0,1,1,1,1,1,0,0,1
2025-06-09,S005,Crane,1,0,1.0,0.0,2.0,0.75,1.0,0.5,-1.0,0,2025,6,2,24,4,4,0,0,1,1,1,1,0,1,1,0
2025-06-16,S005,Crane,0,1,1.0,1.0,1.0,0.5,1.0,0.5773502691896257,-1.0,1,2025,6,2,25,1,1,0,0,1,0,0,0,0,0,1,1
2025-06-23,S005,Crane,1,1,0.0,1.0,0.0,0.75,1.0,0.5,1.0,0,2025,6,2,26,6,5,0,1,2,1,1,1,1,0,0,1
2025-06-30,S005,Crane,1,0,1.0,0.0,1.0,0.75,1.0,0.5,0.0,0,2025,6,2,27,6,5,0,1,2,1,1,1,0,1,1,0
2025-07-07,S005,Crane,0,0,1.0,1.0,1.0,0.5,1.0,0.5773502691896257,-1.0,1,2025,7,3,28,2,2,0,1,0,0,0,1,0,0,1,1
2025-07-14,S005,Crane,0,0,0.0,1.0,0.0,0.5,1.0,0.5773502691896257,0.0,2,2025,7,3,29,1,1,0,1,0,0,0,0,0,0,0,1
2025-07-21,S005,Crane,0,0,0.0,0.0,1.0,0.25,1.0,0.5,-1.0,3,2025,7,3,30,0,0,0,0,0,0,0,0,0,0,0,0
2025-07-28,S005,Crane,0,0,0.0,0.0,1.0,0.0,0.0,0.0,-1.0,4,2025,7,3,31,1,1,0,0,1,0,0,0,0,0,0,0
2025-08-04,S005,Crane,0,0,0.0,0.0,0.0,0.0,0.0,0.0,0.0,5,2025,8,3,32,4,3,0,1,1,0,0,2,0,0,0,0
2025-08-11,S005,Crane,0,0,0.0,0.0,0.0,0.0,0.0,0.0,0.0,6,2025,8,3,33,4,3,0,1,0,0,1,2,0,0,0,0
2025-08-18,S005,Crane,0,1,0.0,0.0,0.0,0.0,0.0,0.0,0.0,7,2025,8,3,34,2,2,0,0,0,0,1,1,0,0,0,0
2025-08-25,S005,Crane,1,1,0.0,0.0,0.0,0.25,1.0,0.5,1.0,0,2025,8,3,35,1,1,0,0,0,1,0,0,1,0,0,0
2025-09-01,S005,Crane,1,0,1.0,0.0,0.0,0.5,1.0,0.5773502691896257,1.0,0,2025,9,3,36,3,2,0,0,0,1,2,0,0,1,1,0
2025-09-08,S005,Crane,0,1,1.0,1.0,0.0,0.5,1.0,0.5773502691896257,0.0,1,2025,9,3,37,2,1,0,0,0,0,2,0,0,0,1,1
2025-09-15,S005,Crane,1,1,0.0,1.0,0.0,0.75,1.0,0.5,1.0,0,2025,9,3,38,1,1,0,0,0,1,0,0,1,0,0,1
2025-09-22,S005,Crane,1,1,1.0,0.0,1.0,0.75,1.0,0.5,0.0,0,2025,9,3,39,1,1,0,0,0,1,0,0,0,0,1,0
2025-09-29,S005,Crane,1,1,1.0,1.0,1.0,0.75,1.0,0.5,0.0,0,2025,9,3,40,2,2,0,1,0,1,0,0,0,0,1,0
2025-10-06,S005,Crane,1,0,1.0,1.0,0.0,1.0,1.0,0.0,1.0,0,2025,10,4,41,2,2,0,1,0,1,0,0,0,1,0,0
2025-10-13,S005,Crane,0,0,1.0,1.0,1.0,0.75,1.0,0.5,-1.0,1,2025,10,4,42,3,3,1,0,0,0,1,1,0,0,0,1
2025-10-20,S005,Crane,0,0,0.0,1.0,1.0,0.5,1.0,0.5773502691896257,-1.0,2,2025,10,4,43,4,4,1,1,0,0,1,1,0,0,0,1
2025-10-27,S005,Crane,0,0,0.0,0.0,1.0,0.25,1.0,0.5,-1.0,3,2025,10,4,44,2,2,1,1,0,0,0,0,0,0,0,0
2025-11-03,S005,Crane,0,0,0.0,0.0,1.0,0.0,0.0,0.0,-1.0,4,2025,11,4,45,1,1,0,1,0,0,0,0,0,0,0,0
2025-11-10,S005,Crane,0,0,0.0,0.0,0.0,0.0,0.0,0.0,0.0,5,2025,11,4,46,0,0,0,0,0,0,0,0,0,0,0,0
2025-11-17,S005,Crane,0,0,0.0,0.0,0.0,0.0,0.0,0.0,0.0,6,2025,11,4,47,0,0,0,0,0,0,0,0,0,0,0,0
2025-11-24,S005,Crane,0,0,0.0,0.0,0.0,0.0,0.0,0.0,0.0,7,2025,11,4,48,0,0,0,0,0,0,0,0,0,0,0,0
2025-12-01,S005,Crane,0,0,0.0,0.0,0.0,0.0,0.0,0.0,0.0,8,2025,12,4,49,1,1,0,1,0,0,0,0,0,0,0,0
2025-12-08,S005,Crane,0,0,0.0,0.0,0.0,0.0,0.0,0.0,0.0,9,2025,12,4,50,2,2,1,1,0,0,0,0,0,0,0,0
2025-12-15,S005,Crane,0,0,0.0,0.0,0.0,0.0,0.0,0.0,0.0,10,2025,12,4,51,3,3,1,1,1,0,0,0,0,0,0,0
2024-01-01,S005,Excavator,0,0,0.0,0.0,0.0,0.0,0.0,0.0,0.0,1,2024,1,1,1,2,2,0,0,0,1,1,0,0,0,0,0
2024-01-08,S005,Excavator,0,0,0.0,0.0,0.0,0.0,0.0,0.0,0.0,2,2024,1,1,2,2,2,0,0,0,1,1,0,0,0,0,0
2024-01-15,S005,Excavator,0,0,0.0,0.0,0.0,0.0,0.0,0.0,0.0,3,2024,1,1,3,2,2,0,0,0,1,1,0,0,0,0,0
2024-01-22,S005,Excavator,0,0,0.0,0.0,0.0,0.0,0.0,0.0,0.0,4,2024,1,1,4,1,1,0,0,0,0,1,0,0,0,0,0
2024-01-29,S005,Excavator,0,0,0.0,0.0,0.0,0.0,0.0,0.0,0.0,5,2024,1,1,5,1,1,0,0,0,0,1,0,0,0,0,0
2024-02-05,S005,Excavator,0,0,0.0,0.0,0.0,0.0,0.0,0.0,0.0,6,2024,2,1,6,1,1,0,0,1,0,0,0,0,0,0,0
2024-02-12,S005,Excavator,0,1,0.0,0.0,0.0,0.0,0.0,0.0,0.0,7,2024,2,1,7,3,2,0,2,1,0,0,0,0,0,0,0
2024-02-19,S005,Excavator,1,1,0.0,0.0,0.0,0.25,1.0,0.5,1.0,0,2024,2,1,8,5,4,1,2,1,0,0,1,1,0,0,0
2024-02-26,S005,Excavator,1,1,1.0,0.0,0.0,0.5,1.0,0.5773502691896257,1.0,0,2024,2,1,9,6,5,1,2,1,1,0,1,0,0,1,0
2024-03-04,S005,Excavator,1,1,1.0,1.0,0.0,0.75,1.0,0.5,1.0,0,2024,3,1,10,6,6,1,1,1,1,1,1,0,0,1,0
2024-03-11,S005,Excavator,1,1,1.0,1.0,0.0,1.0,1.0,0.0,1.0,0,2024,3,1,11,4,4,1,1,1,0,1,0,0,1,0,0
2024-03-18,S005,Excavator,1,1,1.0,1.0,1.0,1.0,1.0,0.0,0.0,0,2024,3,1,12,3,3,1,1,0,1,0,0,1,0,0,1
2024-03-25,S005,Excavator,1,1,1.0,1.0,1.0,1.0,1.0,0.0,0.0,0,2024,3,1,13,5,4,1,2,1,1,0,0,0,0,1,1
2024-04-01,S005,Excavator,1,1,1.0,1.0,1.0,1.0,1.0,0.0,0.0,0,2024,4,2,14,5,4,1,2,1,0,0,1,0,1,1,0
2024-04-08,S005,Excavator,1,1,1.0,1.0,1.0,1.0,1.0,0.0,0.0,0,2024,4,2,15,3,3,1,0,1,0,0,1,1,0,0,1
2024-04-15,S005,Excavator,1,1,1.0,1.0,1.0,1.0,1.0,0.0,0.0,0,2024,4,2,16,1,1,1,0,0,0,0,0,0,0,1,1
2024-04-22,S005,Excavator,1,0,1.0,1.0,1.0,1.0,1.0,0.0,0.0,0,2024,4,2,17,1,1,1,0,0,0,0,0,0,1,1,0
2024-04-29,S005,Excavator,0,1,1.0,1.0,1.0,0.75,1.0,0.5,-1.0,1,2024,4,2,18,1,1,0,0,1,0,0,0,0,0,0,1
2024-05-06,S005,Excavator,1,1,0.0,1.0,1.0,0.75,1.0,0.5,0.0,0,2024,5,2,19,2,2,1,0,1,0,0,0,1,0,0,1
2024-05-13,S005,Excavator,1,0,1.0,0.0,1.0,0.75,1.0,0.5,0.0,0,2024,5,2,20,1,1,1,0,0,0,0,0,0,1,1,0
2024-05-20,S005,Excavator,0,1,1.0,1.0,1.0,0.5,1.0,0.5773502691896257,-1.0,1,2024,5,2,21,3,2,0,1,0,0,0,2,0,0,1,1
2024-05-27,S005,Excavator,1,1,0.0,1.0,0.0,0.75,1.0,0.5,1.0,0,2024,5,2,22,6,4,1,1,2,0,0,2,1,0,0,1
2024-06-03,S005,Excavator,1,1,1.0,0.0,1.0,0.75,1.0,0.5,0.0,0,2024,6,2,23,6,5,1,1,2,0,1,1,0,0,1,0
2024-06-10,S005,Excavator,1,1,1.0,1.0,1.0,0.75,1.0,0.5,0.0,0,2024,6,2,24,6,5,1,1,2,1,1,0,0,0,1,0
2024-06-17,S005,Excavator,1,1,1.0,1.0,0.0,1.0,1.0,0.0,1.0,0,2024,6,2,25,6,5,1,1,2,1,0,1,0,0,0,0
2024-06-24,S005,Excavator,1,2,1.0,1.0,1.0,1.0,1.0,0.0,0.0,0,2024,6,2,26,5,5,1,0,1,1,1,1,0,0,0,0
2024-07-01,S005,Excavator,2,2,1.0,1.0,1.0,1.25,2.0,0.5,1.0,0,2024,7,3,27,6,5,2,1,1,1,1,0,1,0,0,0
2024-07-08,S005,Excavator,2,1,2.0,1.0,1.0,1.5,2.0,0.5773502691896257,1.0,0,2024,7,3,28,5,4,2,1,1,0,1,0,0,1,1,0
2024-07-15,S005,Excavator,1,0,2.0,2.0,1.0,1.5,2.0,0.5773502691896257,0.0,0,2024,7,3,29,3,3,1,1,1,0,0,0,0,1,1,1
2024-07-22,S005,Excavator,0,1,1.0,2.0,1.0,1.25,2.0,0.9574271077563381,-1.0,1,2024,7,3,30,3,3,0,1,1,1,0,0,0,0,0,2
2024-07-29,S005,Excavator,1,1,0.0,1.0,2.0,1.0,2.0,0.816496580927726,-1.0,0,2024,7,3,31,4,4,1,0,1,1,1,0,1,0,0,1
2024-08-05,S005,Excavator,1,0,1.0,0.0,2.0,0.75,1.0,0.5,-1.0,0,2024,8,3,32,2,2,1,0,0,0,1,0,0,1,1,0
2024-08-12,S005,Excavator,0,0,1.0,1.0,1.0,0.5,1.0,0.5773502691896257,-1.0,1,2024,8,3,33,2,2,0,0,0,1,1,0,0,0,1,1
2024-08-19,S005,Excavator,0,0,0.0,1.0,0.0,0.5,1.0,0.5773502691896257,0.0,2,2024,8,3,34,4,4,0,1,1,1,1,0,0,0,0,1
2024-08-26,S005,Excavator,0,0,0.0,0.0,1.0,0.25,1.0,0.5,-1.0,3,2024,8,3,35,5,4,0,1,2,1,1,0,0,0,0,0
2024-09-02,S005,Excavator,0,0,0.0,0.0,1.0,0.0,0.0,0.0,-1.0,4,2024,9,3,36,5,4,0,1,2,1,1,0,0,0,0,0
2024-09-09,S005,Excavator,0,1,0.0,0.0,0.0,0.0,0.0,0.0,0.0,5,2024,9,3,37,3,3,0,1,1,0,0,1,0,0,0,0
2024-09-16,S005,Excavator,1,1,0.0,0.0,0.0,0.25,1.0,0.5,1.0,0,2024,9,3,38,5,5,1,1,1,1,0,1,1,0,0,0
2024-09-23,S005,Excavator,1,1,1.0,0.0,0.0,0.5,1.0,0.5773502691896257,1.0,0,2024,9,3,39,6,5,1,2,1,1,1,0,0,1,1,0
2024-09-30,S005,Excavator,1,1,1.0,1.0,0.0,0.75,1.0,0.5,1.0,0,2024,9,3,40,6,5,1,2,1,1,1,0,1,0,1,1
2024-10-07,S005,Excavator,1,0,1.0,1.0,0.0,1.0,1.0,0.0,1.0,0,2024,10,4,41,4,3,1,0,0,1,0,2,0,1,1,1
2024-10-14,S005,Excavator,0,1,1.0,1.0,1.0,0.75,1.0,0.5,-1.0,1,2024,10,4,42,4,3,0,1,0,1,0,2,0,0,1,1
2024-10-21,S005,Excavator,1,1,0.0,1.0,1.0,0.75,1.0,0.5,0.0,0,2024,10,4,43,3,3,1,1,0,0,0,1,1,0,0,1
2024-10-28,S005,Excavator,1,1,1.0,0.0,1.0,0.75,1.0,0.5,0.0,0,2024,10,4,44,3,3,1,1,0,0,0,1,0,1,1,0
2024-11-04,S005,Excavator,1,1,1.0,1.0,1.0,0.75,1.0,0.5,0.0,0,2024,11,4,45,4,4,1,1,1,1,0,0,1,0,1,1
2024-11-11,S005,Excavator,1,1,1.0,1.0,0.0,1.0,1.0,0.0,1.0,0,2024,11,4,46,4,4,1,1,1,1,0,0,0,0,1,1
2024-11-18,S005,Excavator,1,1,1.0,1.0,1.0,1.0,1.0,0.0,0.0,0,2024,11,4,47,7,5,1,1,3,1,0,1,0,0,1,0
2024-11-25,S005,Excavator,1,0,1.0,1.0,1.0,1.0,1.0,0.0,0.0,0,2024,11,4,48,7,4,1,0,3,1,0,2,0,1,0,0
2024-12-02,S005,Excavator,0,0,1.0,1.0,1.0,0.75,1.0,0.5,-1.0,1,2024,12,4,49,5,4,0,1,1,0,1,2,0,0,0,1
2024-12-09,S005,Excavator,0,1,0.0,1.0,1.0,0.5,1.0,0.5773502691896257,-1.0,2,2024,12,4,50,2,2,0,1,0,0,1,0,0,0,0,1
2024-12-16,S005,Excavator,1,1,0.0,0.0,1.0,0.5,1.0,0.5773502691896257,0.0,0,2024,12,4,51,3,3,1,1,0,0,0,1,1,0,0,0
2024-12-23,S005,Excavator,1,0,1.0,0.0,1.0,0.5,1.0,0.5773502691896257,0.0,0,2024,12,4,52,3,3,1,1,0,0,0,1,0,1,1,0
2024-12-30,S005,Excavator,0,0,1.0,1.0,0.0,0.5,1.0,0.5773502691896257,0.0,1,2024,12,4,1,2,2,0,0,1,0,0,1,0,0,1,1
2025-01-06,S005,Excavator,0,0,0.0,1.0,0.0,0.5,1.0,0.5773502691896257,0.0,2,2025,1,1,2,3,3,0,1,1,0,0,1,0,0,0,1
2025-01-13,S005,Excavator,0,0,0.0,0.0,1.0,0.25,1.0,0.5,-1.0,3,2025,1,1,3,2,2,0,1,0,0,0,1,0,0,0,0
2025-01-20,S005,Excavator,0,0,0.0,0.0,1.0,0.0,0.0,0.0,-1.0,4,2025,1,1,4,2,2,0,1,1,0,0,0,0,0,0,0
2025-01-27,S005,Excavator,0,0,0.0,0.0,0.0,0.0,0.0,0.0,0.0,5,2025,1,1,5,1,1,0,0,1,0,0,0,0,0,0,0
2025-02-03,S005,Excavator,0,0,0.0,0.0,0.0,0.0,0.0,0.0,0.0,6,2025,2,1,6,4,2,0,0,3,0,1,0,0,0,0,0
2025-02-10,S005,Excavator,0,0,0.0,0.0,0.0,0.0,0.0,0.0,0.0,7,2025,2,1,7,4,2,0,0,3,0,1,0,0,0,0,0
2025-02-17,S005,Excavator,0,0,0.0,0.0,0.0,0.0,0.0,0.0,0.0,8,2025,2,1,8,1,1,0,0,1,0,0,0,0,0,0,0
2025-02-24,S005,Excavator,0,1,0.0,0.0,0.0,0.0,0.0,0.0,0.0,9,2025,2,1,9,1,1,0,0,1,0,0,0,0,0,0,0
2025-03-03,S005,Excavator,1,1,0.0,0.0,0.0,0.25,1.0,0.5,1.0,0,2025,3,1,10,5,5,1,0,1,1,1,1,1,0,0,0
2025-03-10,S005,Excavator,1,1,1.0,0.0,0.0,0.5,1.0,0.5773502691896257,1.0,0,2025,3,1,11,6,6,1,1,1,1,1,1,0,0,1,0
2025-03-17,S005,Excavator,1,1,1.0,1.0,0.0,0.75,1.0,0.5,1.0,0,2025,3,1,12,4,3,1,2,0,0,1,0,0,1,1,0
2025-03-24,S005,Excavator,1,1,1.0,1.0,0.0,1.0,1.0,0.0,1.0,0,2025,3,1,13,4,3,1,2,1,0,0,0,1,0,0,1
2025-03-31,S005,Excavator,1,1,1.0,1.0,1.0,1.0,1.0,0.0,0.0,0,2025,3,1,14,3,3,1,0,1,0,0,1,0,0,1,1
2025-04-07,S005,Excavator,1,1,1.0,1.0,1.0,1.0,1.0,0.0,0.0,0,2025,4,2,15,5,5,1,0,1,1,1,1,0,1,1,0
2025-04-14,S005,Excavator,1,1,1.0,1.0,1.0,1.0,1.0,0.0,0.0,0,2025,4,2,16,5,5,1,0,1,1,1,1,1,0,0,1
2025-04-21,S005,Excavator,1,0,1.0,1.0,1.0,1.0,1.0,0.0,0.0,0,2025,4,2,17,4,4,1,1,1,1,0,0,0,1,1,1
2025-04-28,S005,Excavator,0,0,1.0,1.0,1.0,0.75,1.0,0.5,-1.0,1,2025,4,2,18,4,4,0,1,1,1,1,0,0,0,1,1
2025-05-05,S005,Excavator,0,0,0.0,1.0,1.0,0.5,1.0,0.5773502691896257,-1.0,2,2025,5,2,19,3,2,0,0,0,2,1,0,0,0,0,1
2025-05-12,S005,Excavator,0,0,0.0,0.0,1.0,0.25,1.0,0.5,-1.0,3,2025,5,2,20,2,1,0,0,0,2,0,0,0,0,0,0
2025-05-19,S005,Excavator,0,0,0.0,0.0,1.0,0.0,0.0,0.0,-1.0,4,2025,5,2,21,2,2,0,1,0,1,0,0,0,0,0,0
2025-05-26,S005,Excavator,0,0,0.0,0.0,0.0,0.0,0.0,0.0,0.0,5,2025,5,2,22,2,2,0,1,1,0,0,0,0,0,0,0
2025-06-02,S005,Excavator,0,0,0.0,0.0,0.0,0.0,0.0,0.0,0.0,6,2025,6,2,23,4,4,0,0,1,1,1,1,0,0,0,0
2025-06-09,S005,Excavator,0,0,0.0,0.0,0.0,0.0,0.0,0.0,0.0,7,2025,6,2,24,4,4,0,0,1,1,1,1,0,0,0,0
2025-06-16,S005,Excavator,0,0,0.0,0.0,0.0,0.0,0.0,0.0,0.0,8,2025,6,2,25,1,1,0,0,1,0,0,0,0,0,0,0
2025-06-23,S005,Excavator,0,0,0.0,0.0,0.0,0.0,0.0,0.0,0.0,9,2025,6,2,26,6,5,0,1,2,1,1,1,0,0,0,0
2025-06-30,S005,Excavator,0,0,0.0,0.0,0.0,0.0,0.0,0.0,0.0,10,2025,6,2,27,6,5,0,1,2,1,1,1,0,0,0,0
2025-07-07,S005,Excavator,0,0,0.0,0.0,0.0,0.0,0.0,0.0,0.0,11,2025,7,3,28,2,2,0,1,0,0,0,1,0,0,0,0
2025-07-14,S005,Excavator,0,0,0.0,0.0,0.0,0.0,0.0,0.0,0.0,12,2025,7,3,29,1,1,0,1,0,0,0,0,0,0,0,0
2025-07-21,S005,Excavator,0,0,0.0,0.0,0.0,0.0,0.0,0.0,0.0,13,2025,7,3,30,0,0,0,0,0,0,0,0,0,0,0,0
2025-07-28,S005,Excavator,0,0,0.0,0.0,0.0,0.0,0.0,0.0,0.0,14,2025,7,3,31,1,1,0,0,1,0,0,0,0,0,0,0
2025-08-04,S005,Excavator,0,0,0.0,0.0,0.0,0.0,0.0,0.0,0.0,15,2025,8,3,32,4,3,0,1,1,0,0,2,0,0,0,0
2025-08-11,S005,Excavator,0,0,0.0,0.0,0.0,0.0,0.0,0.0,0.0,16,2025,8,3,33,4,3,0,1,0,0,1,2,0,0,0,0
2025-08-18,S005,Excavator,0,0,0.0,0.0,0.0,0.0,0.0,0.0,0.0,17,2025,8,3,34,2,2,0,0,0,0,1,1,0,0,0,0
2025-08-25,S005,Excavator,0,0,0.0,0.0,0.0,0.0,0.0,0.0,0.0,18,2025,8,3,35,1,1,0,0,0,1,0,0,0,0,0,0
2025-09-01,S005,Excavator,0,0,0.0,0.0,0.0,0.0,0.0,0.0,0.0,19,2025,9,3,36,3,2,0,0,0,1,2,0,0,0,0,0
2025-09-08,S005,Excavator,0,0,0.0,0.0,0.0,0.0,0.0,0.0,0.0,20,2025,9,3,37,2,1,0,0,0,0,2,0,0,0,0,0
2025-09-15,S005,Excavator,0,0,0.0,0.0,0.0,0.0,0.0,0.0,0.0,21,2025,9,3,38,1,1,0,0,0,1,0,0,0,0,0,0
2025-09-22,S005,Excavator,0,0,0.0,0.0,0.0,0.0,0.0,0.0,0.0,22,2025,9,3,39,1,1,0,0,0,1,0,0,0,0,0,0
2025-09-29,S005,Excavator,0,0,0.0,0.0,0.0,0.0,0.0,0.0,0.0,23,2025,9,3,40,2,2,0,1,0,1,0,0,0,0,0,0
2025-10-06,S005,Excavator,0,1,0.0,0.0,0.0,0.0,0.0,0.0,0.0,24,2025,10,4,41,2,2,0,1,0,1,0,0,0,0,0,0
2025-10-13,S005,Excavator,1,1,0.0,0.0,0.0,0.25,1.0,0.5,1.0,0,2025,10,4,42,3,3,1,0,0,0,1,1,1,0,0,0
2025-10-20,S005,Excavator,1,1,1.0,0.0,0.0,0.5,1.0,0.5773502691896257,1.0,0,2025,10,4,43,4,4,1,1,0,0,1,1,0,0,1,0
2025-10-27,S005,Excavator,1,0,1.0,1.0,0.0,0.75,1.0,0.5,1.0,0,2025,10,4,44,2,2,1,1,0,0,0,0,0,1,1,0
2025-11-03,S005,Excavator,0,0,1.0,1.0,0.0,0.75,1.0,0.5,0.0,1,2025,11,4,45,1,1,0,1,0,0,0,0,0,0,0,1
2025-11-10,S005,Excavator,0,0,0.0,1.0,1.0,0.5,1.0,0.5773502691896257,-1.0,2,2025,11,4,46,0,0,0,0,0,0,0,0,0,0,0,1
2025-11-17,S005,Excavator,0,0,0.0,0.0,1.0,0.25,1.0,0.5,-1.0,3,2025,11,4,47,0,0,0,0,0,0,0,0,0,0,0,0
2025-11-24,S005,Excavator,0,0,0.0,0.0,1.0,0.0,0.0,0.0,-1.0,4,2025,11,4,48,0,0,0,0,0,0,0,0,0,0,0,0
2025-12-01,S005,Excavator,0,1,0.0,0.0,0.0,0.0,0.0,0.0,0.0,5,2025,12,4,49,1,1,0,1,0,0,0,0,0,0,0,0
2025-12-08,S005,Excavator,1,1,0.0,0.0,0.0,0.25,1.0,0.5,1.0,0,2025,12,4,50,2,2,1,1,0,0,0,0,1,0,0,0
2025-12-15,S005,Excavator,1,0,1.0,0.0,0.0,0.5,1.0,0.5773502691896257,1.0,0,2025,12,4,51,3,3,1,1,1,0,0,0,0,1,1,0
2024-01-01,S005,Grader,0,0,0.0,0.0,0.0,0.0,0.0,0.0,0.0,1,2024,1,1,1,2,2,0,0,0,1,1,0,0,0,0,0
2024-01-08,S005,Grader,0,0,0.0,0.0,0.0,0.0,0.0,0.0,0.0,2,2024,1,1,2,2,2,0,0,0,1,1,0,0,0,0,0
2024-01-15,S005,Grader,0,0,0.0,0.0,0.0,0.0,0.0,0.0,0.0,3,2024,1,1,3,2,2,0,0,0,1,1,0,0,0,0,0
2024-01-22,S005,Grader,0,0,0.0,0.0,0.0,0.0,0.0,0.0,0.0,4,2024,1,1,4,1,1,0,0,0,0,1,0,0,0,0,0
2024-01-29,S005,Grader,0,1,0.0,0.0,0.0,0.0,0.0,0.0,0.0,5,2024,1,1,5,1,1,0,0,0,0,1,0,0,0,0,0
2024-02-05,S005,Grader,1,1,0.0,0.0,0.0,0.25,1.0,0.5,1.0,0,2024,2,1,6,1,1,0,0,1,0,0,0,1,0,0,0
2024-02-12,S005,Grader,1,1,1.0,0.0,0.0,0.5,1.0,0.5773502691896257,1.0,0,2024,2,1,7,3,2,0,2,1,0,0,0,0,1,1,0
2024-02-19,S005,Grader,1,1,1.0,1.0,0.0,0.75,1.0,0.5,1.0,0,2024,2,1,8,5,4,1,2,1,0,0,1,1,0,1,1
2024-02-26,S005,Grader,1,1,1.0,1.0,0.0,1.0,1.0,0.0,1.0,0,2024,2,1,9,6,5,1,2,1,1,0,1,0,0,1,1
2024-03-04,S005,Grader,1,1,1.0,1.0,1.0,1.0,1.0,0.0,0.0,0,2024,3,1,10,6,6,1,1,1,1,1,1,0,0,1,0
2024-03-11,S005,Grader,1,0,1.0,1.0,1.0,1.0,1.0,0.0,0.0,0,2024,3,1,11,4,4,1,1,1,0,1,0,0,1,0,0
2024-03-18,S005,Grader,0,1,1.0,1.0,1.0,0.75,1.0,0.5,-1.0,1,2024,3,1,12,3,3,1,1,0,1,0,0,0,0,0,1
2024-03-25,S005,Grader,1,1,0.0,1.0,1.0,0.75,1.0,0.5,0.0,0,2024,3,1,13,5,4,1,2,1,1,0,0,1,0,0,1
2024-04-01,S005,Grader,1,1,1.0,0.0,1.0,0.75,1.0,0.5,0.0,0,2024,4,2,14,5,4,1,2,1,0,0,1,0,0,1,0
2024-04-08,S005,Grader,1,0,1.0,1.0,1.0,0.75,1.0,0.5,0.0,0,2024,4,2,15,3,3,1,0,1,0,0,1,0,1,1,0
2024-04-15,S005,Grader,0,0,1.0,1.0,0.0,0.75,1.0,0.5,0.0,1,2024,4,2,16,1,1,1,0,0,0,0,0,0,0,0,1
2024-04-22,S005,Grader,0,1,0.0,1.0,1.0,0.5,1.0,0.5773502691896257,-1.0,2,2024,4,2,17,1,1,1,0,0,0,0,0,0,0,0,1
2024-04-29,S005,Grader,1,1,0.0,0.0,1.0,0.5,1.0,0.5773502691896257,0.0,0,2024,4,2,18,1,1,0,0,1,0,0,0,1,0,0,0
2024-05-06,S005,Grader,1,0,1.0,0.0,1.0,0.5,1.0,0.5773502691896257,0.0,0,2024,5,2,19,2,2,1,0,1,0,0,0,0,1,1,0
2024-05-13,S005,Grader,0,0,1.0,1.0,0.0,0.5,1.0,0.5773502691896257,0.0,1,2024,5,2,20,1,1,1,0,0,0,0,0,0,0,1,1
2024-05-20,S005,Grader,0,2,0.0,1.0,0.0,0.5,1.0,0.5773502691896257,0.0,2,2024,5,2,21,3,2,0,1,0,0,0,2,0,0,0,1
2024-05-27,S005,Grader,2,2,0.0,0.0,1.0,0.75,2.0,0.9574271077563381,1.0,0,2024,5,2,22,6,4,1,1,2,0,0,2,2,0,0,0
2024-06-03,S005,Grader,2,2,2.0,0.0,1.0,1.0,2.0,1.1547005383792515,1.0,0,2024,6,2,23,6,5,1,1,2,0,1,1,0,1,2,0
2024-06-10,S005,Grader,2,2,2.0,2.0,0.0,1.5,2.0,1.0,2.0,0,2024,6,2,24,6,5,1,1,2,1,1,0,1,0,2,1
2024-06-17,S005,Grader,2,1,2.0,2.0,0.0,2.0,2.0,0.0,2.0,0,2024,6,2,25,6,5,1,1,2,1,0,1,0,1,1,1
2024-06-24,S005,Grader,1,1,2.0,2.0,2.0,1.75,2.0,0.5,-1.0,0,2024,6,2,26,5,5,1,0,1,1,1,1,0,0,1,1
2024-07-01,S005,Grader,1,1,1.0,2.0,2.0,1.5,2.0,0.5773502691896257,-1.0,0,2024,7,3,27,6,5,2,1,1,1,1,0,0,0,0,1
2024-07-08,S005,Grader,1,1,1.0,1.0,2.0,1.25,2.0,0.5,-1.0,0,2024,7,3,28,5,4,2,1,1,0,1,0,0,0,0,0
2024-07-15,S005,Grader,1,1,1.0,1.0,2.0,1.0,1.0,0.0,-1.0,0,2024,7,3,29,3,3,1,1,1,0,0,0,0,0,0,0
2024-07-22,S005,Grader,1,1,1.0,1.0,1.0,1.0,1.0,0.0,0.0,0,2024,7,3,30,3,3,0,1,1,1,0,0,0,0,0,0
2024-07-29,S005,Grader,1,0,1.0,1.0,1.0,1.0,1.0,0.0,0.0,0,2024,7,3,31,4,4,1,0,1,1,1,0,0,1,0,0
2024-08-05,S005,Grader,0,0,1.0,1.0,1.0,0.75,1.0,0.5,-1.0,1,2024,8,3,32,2,2,1,0,0,0,1,0,0,0,0,1
2024-08-12,S005,Grader,0,1,0.0,1.0,1.0,0.5,1.0,0.5773502691896257,-1.0,2,2024,8,3,33,2,2,0,0,0,1,1,0,0,0,0,1
2024-08-19,S005,Grader,1,2,0.0,0.0,1.0,0.5,1.0,0.5773502691896257,0.0,0,2024,8,3,34,4,4,0,1,1,1,1,0,1,0,0,0
2024-08-26,S005,Grader,2,2,1.0,0.0,1.0,0.75,2.0,0.9574271077563381,1.0,0,2024,8,3,35,5,4,0,1,2,1,1,0,1,0,1,0
2024-09-02,S005,Grader,2,1,2.0,1.0,0.0,1.25,2.0,0.9574271077563381,2.0,0,2024,9,3,36,5,4,0,1,2,1,1,0,0,1,2,0
2024-09-09,S005,Grader,1,1,2.0,2.0,0.0,1.5,2.0,0.5773502691896257,1.0,0,2024,9,3,37,3,3,0,1,1,0,0,1,0,0,1,1
2024-09-16,S005,Grader,1,1,1.0,2.0,1.0,1.5,2.0,0.5773502691896257,0.0,0,2024,9,3,38,5,5,1,1,1,1,0,1,0,1,0,1
2024-09-23,S005,Grader,1,1,1.0,1.0,2.0,1.25,2.0,0.4999999999999999,-1.0,0,2024,9,3,39,6,5,1,2,1,1,1,0,1,0,0,1
2024-09-30,S005,Grader,1,0,1.0,1.0,2.0,1.0,1.0,0.0,-1.0,0,2024,9,3,40,6,5,1,2,1,1,1,0,0,1,1,1
2024-10-07,S005,Grader,0,0,1.0,1.0,1.0,0.75,1.0,0.5,-1.0,1,2024,10,4,41,4,3,1,0,0,1,0,2,0,0,1,1
2024-10-14,S005,Grader,0,0,0.0,1.0,1.0,0.5,1.0,0.5773502691896257,-1.0,2,2024,10,4,42,4,3,0,1,0,1,0,2,0,0,0,1
2024-10-21,S005,Grader,0,0,0.0,0.0,1.0,0.25,1.0,0.5,-1.0,3,2024,10,4,43,3,3,1,1,0,0,0,1,0,0,0,0
2024-10-28,S005,Grader,0,1,0.0,0.0,1.0,0.0,0.0,0.0,-1.0,4,2024,10,4,44,3,3,1,1,0,0,0,1,0,0,0,0
2024-11-04,S005,Grader,1,1,0.0,0.0,0.0,0.25,1.0,0.5,1.0,0,2024,11,4,45,4,4,1,1,1,1,0,0,1,0,0,0
2024-11-11,S005,Grader,1,3,1.0,0.0,0.0,0.5,1.0,0.5773502691896257,1.0,0,2024,11,4,46,4,4,1,1,1,1,0,0,0,1,1,0
2024-11-18,S005,Grader,3,3,1.0,1.0,0.0,1.25,3.0,1.2583057392117918,3.0,0,2024,11,4,47,7,5,1,1,3,1,0,1,3,0,1,1
2024-11-25,S005,Grader,3,1,3.0,1.0,0.0,2.0,3.0,1.1547005383792517,3.0,0,2024,11,4,48,7,4,1,0,3,1,0,2,0,2,3,1
2024-12-02,S005,Grader,1,0,3.0,3.0,1.0,2.0,3.0,1.1547005383792517,0.0,0,2024,12,4,49,5,4,0,1,1,0,1,2,0,1,3,2
2024-12-09,S005,Grader,0,0,1.0,3.0,1.0,1.75,3.0,1.5000000000000002,-1.0,1,2024,12,4,50,2,2,0,1,0,0,1,0,0,0,0,3
2024-12-16,S005,Grader,0,0,0.0,1.0,3.0,1.0,3.0,1.4142135623730951,-3.0,2,2024,12,4,51,3,3,1,1,0,0,0,1,0,0,0,1
2024-12-23,S005,Grader,0,1,0.0,0.0,3.0,0.25,1.0,0.5000000000000003,-3.0,3,2024,12,4,52,3,3,1,1,0,0,0,1,0,0,0,0
2024-12-30,S005,Grader,1,1,0.0,0.0,1.0,0.25,1.0,0.5,0.0,0,2024,12,4,1,2,2,0,0,1,0,0,1,1,0,0,0
2025-01-06,S005,Grader,1,0,1.0,0.0,0.0,0.5,1.0,0.5773502691896257,1.0,0,2025,1,1,2,3,3,0,1,1,0,0,1,0,1,1,0
2025-01-13,S005,Grader,0,1,1.0,1.0,0.0,0.5,1.0,0.5773502691896257,0.0,1,2025,1,1,3,2,2,0,1,0,0,0,1,0,0,1,1
2025-01-20,S005,Grader,1,1,0.0,1.0,0.0,0.75,1.0,0.5,1.0,0,2025,1,1,4,2,2,0,1,1,0,0,0,1,0,0,1
2025-01-27,S005,Grader,1,3,1.0,0.0,1.0,0.75,1.0,0.5,0.0,0,2025,1,1,5,1,1,0,0,1,0,0,0,0,1,1,0
2025-02-03,S005,Grader,3,3,1.0,1.0,1.0,1.25,3.0,1.2583057392117918,2.0,0,2025,2,1,6,4,2,0,0,3,0,1,0,3,0,1,1
2025-02-10,S005,Grader,3,1,3.0,1.0,0.0,2.0,3.0,1.1547005383792517,3.0,0,2025,2,1,7,4,2,0,0,3,0,1,0,0,2,3,1
2025-02-17,S005,Grader,1,1,3.0,3.0,1.0,2.0,3.0,1.1547005383792517,0.0,0,2025,2,1,8,1,1,0,0,1,0,0,0,0,1,3,2
2025-02-24,S005,Grader,1,1,1.0,3.0,1.0,2.0,3.0,1.1547005383792517,0.0,0,2025,2,1,9,1,1,0,0,1,0,0,0,1,0,0,3
2025-03-03,S005,Grader,1,1,1.0,1.0,3.0,1.5,3.0,1.0000000000000002,-2.0,0,2025,3,1,10,5,5,1,0,1,1,1,1,0,0,1,1
2025-03-10,S005,Grader,1,0,1.0,1.0,3.0,1.0,1.0,0.0,-2.0,0,2025,3,1,11,6,6,1,1,1,1,1,1,0,1,1,0
2025-03-17,S005,Grader,0,1,1.0,1.0,1.0,0.75,1.0,0.5,-1.0,1,2025,3,1,12,4,3,1,2,0,0,1,0,0,0,0,1
2025-03-24,S005,Grader,1,1,0.0,1.0,1.0,0.75,1.0,0.5,0.0,0,2025,3,1,13,4,3,1,2,1,0,0,0,1,0,0,1
2025-03-31,S005,Grader,1,1,1.0,0.0,1.0,0.75,1.0,0.5,0.0,0,2025,3,1,14,3,3,1,0,1,0,0,1,0,0,1,0
2025-04-07,S005,Grader,1,1,1.0,1.0,1.0,0.75,1.0,0.5,0.0,0,2025,4,2,15,5,5,1,0,1,1,1,1,0,0,1,0
2025-04-14,S005,Grader,1,1,1.0,1.0,0.0,1.0,1.0,0.0,1.0,0,2025,4,2,16,5,5,1,0,1,1,1,1,0,0,0,0
2025-04-21,S005,Grader,1,1,1.0,1.0,1.0,1.0,1.0,0.0,0.0,0,2025,4,2,17,4,4,1,1,1,1,0,0,0,0,0,0
2025-04-28,S005,Grader,1,0,1.0,1.0,1.0,1.0,1.0,0.0,0.0,0,2025,4,2,18,4,4,0,1,1,1,1,0,0,1,0,0
2025-05-05,S005,Grader,0,0,1.0,1.0,1.0,0.75,1.0,0.5,-1.0,1,2025,5,2,19,3,2,0,0,0,2,1,0,0,0,0,1
2025-05-12,S005,Grader,0,0,0.0,1.0,1.0,0.5,1.0,0.5773502691896257,-1.0,2,2025,5,2,20,2,1,0,0,0,2,0,0,0,0,0,1
2025-05-19,S005,Grader,0,1,0.0,0.0,1.0,0.25,1.0,0.5,-1.0,3,2025,5,2,21,2,2,0,1,0,1,0,0,0,0,0,0
2025-05-26,S005,Grader,1,1,0.0,0.0,1.0,0.25,1.0,0.5,0.0,0,2025,5,2,22,2,2,0,1,1,0,0,0,1,0,0,0
2025-06-02,S005,Grader,1,1,1.0,0.0,0.0,0.5,1.0,0.5773502691896257,1.0,0,2025,6,2,23,4,4,0,0,1,1,1,1,0,1,1,0
2025-06-09,S005,Grader,1,1,1.0,1.0,0.0,0.75,1.0,0.5,1.0,0,2025,6,2,24,4,4,0,0,1,1,1,1,1,0,1,1
2025-06-16,S005,Grader,1,2,1.0,1.0,0.0,1.0,1.0,0.0,1.0,0,2025,6,2,25,1,1,0,0,1,0,0,0,0,1,1,1
2025-06-23,S005,Grader,2,2,1.0,1.0,1.0,1.25,2.0,0.5,1.0,0,2025,6,2,26,6,5,0,1,2,1,1,1,2,0,1,1
2025-06-30,S005,Grader,2,0,2.0,1.0,1.0,1.5,2.0,0.5773502691896257,1.0,0,2025,6,2,27,6,5,0,1,2,1,1,1,0,2,2,1
2025-07-07,S005,Grader,0,0,2.0,2.0,1.0,1.25,2.0,0.9574271077563381,-1.0,1,2025,7,3,28,2,2,0,1,0,0,0,1,0,0,2,2
2025-07-14,S005,Grader,0,0,0.0,2.0,1.0,1.0,2.0,1.1547005383792515,-1.0,2,2025,7,3,29,1,1,0,1,0,0,0,0,0,0,0,2
2025-07-21,S005,Grader,0,1,0.0,0.0,2.0,0.5,2.0,1.0,-2.0,3,2025,7,3,30,0,0,0,0,0,0,0,0,0,0,0,0
2025-07-28,S005,Grader,1,1,0.0,0.0,2.0,0.25,1.0,0.5,-1.0,0,2025,7,3,31,1,1,0,0,1,0,0,0,1,0,0,0
2025-08-04,S005,Grader,1,0,1.0,0.0,0.0,0.5,1.0,0.5773502691896257,1.0,0,2025,8,3,32,4,3,0,1,1,0,0,2,0,1,1,0
2025-08-11,S005,Grader,0,0,1.0,1.0,0.0,0.5,1.0,0.5773502691896257,0.0,1,2025,8,3,33,4,3,0,1,0,0,1,2,0,0,1,1
2025-08-18,S005,Grader,0,0,0.0,1.0,0.0,0.5,1.0,0.5773502691896257,0.0,2,2025,8,3,34,2,2,0,0,0,0,1,1,0,0,0,1
2025-08-25,S005,Grader,0,0,0.0,0.0,1.0,0.25,1.0,0.5,-1.0,3,2025,8,3,35,1,1,0,0,0,1,0,0,0,0,0,0
2025-09-01,S005,Grader,0,0,0.0,0.0,1.0,0.0,0.0,0.0,-1.0,4,2025,9,3,36,3,2,0,0,0,1,2,0,0,0,0,0
2025-09-08,S005,Grader,0,0,0.0,0.0,0.0,0.0,0.0,0.0,0.0,5,2025,9,3,37,2,1,0,0,0,0,2,0,0,0,0,0
2025-09-15,S005,Grader,0,0,0.0,0.0,0.0,0.0,0.0,0.0,0.0,6,2025,9,3,38,1,1,0,0,0,1,0,0,0,0,0,0
2025-09-22,S005,Grader,0,0,0.0,0.0,0.0,0.0,0.0,0.0,0.0,7,2025,9,3,39,1,1,0,0,0,1,0,0,0,0,0,0
2025-09-29,S005,Grader,0,0,0.0,0.0,0.0,0.0,0.0,0.0,0.0,8,2025,9,3,40,2,2,0,1,0,1,0,0,0,0,0,0
2025-10-06,S005,Grader,0,0,0.0,0.0,0.0,0.0,0.0,0.0,0.0,9,2025,10,4,41,2,2,0,1,0,1,0,0,0,0,0,0
2025-10-13,S005,Grader,0,0,0.0,0.0,0.0,0.0,0.0,0.0,0.0,10,2025,10,4,42,3,3,1,0,0,0,1,1,0,0,0,0
2025-10-20,S005,Grader,0,0,0.0,0.0,0.0,0.0,0.0,0.0,0.0,11,2025,10,4,43,4,4,1,1,0,0,1,1,0,0,0,0
2025-10-27,S005,Grader,0,0,0.0,0.0,0.0,0.0,0.0,0.0,0.0,12,2025,10,4,44,2,2,1,1,0,0,0,0,0,0,0,0
2025-11-03,S005,Grader,0,0,0.0,0.0,0.0,0.0,0.0,0.0,0.0,13,2025,11,4,45,1,1,0,1,0,0,0,0,0,0,0,0
2025-11-10,S005,Grader,0,0,0.0,0.0,0.0,0.0,0.0,0.0,0.0,14,2025,11,4,46,0,0,0,0,0,0,0,0,0,0,0,0
2025-11-17,S005,Grader,0,0,0.0,0.0,0.0,0.0,0.0,0.0,0.0,15,2025,11,4,47,0,0,0,0,0,0,0,0,0,0,0,0
2025-11-24,S005,Grader,0,0,0.0,0.0,0.0,0.0,0.0,0.0,0.0,16,2025,11,4,48,0,0,0,0,0,0,0,0,0,0,0,0
2025-12-01,S005,Grader,0,0,0.0,0.0,0.0,0.0,0.0,0.0,0.0,17,2025,12,4,49,1,1,0,1,0,0,0,0,0,0,0,0
2025-12-08,S005,Grader,0,1,0.0,0.0,0.0,0.0,0.0,0.0,0.0,18,2025,12,4,50,2,2,1,1,0,0,0,0,0,0,0,0
2025-12-15,S005,Grader,1,1,0.0,0.0,0.0,0.25,1.0,0.5,1.0,0,2025,12,4,51,3,3,1,1,1,0,0,0,1,0,0,0
2024-01-01,S005,Loader,1,1,0.0,0.0,0.0,0.0,0.0,0.0,0.0,0,2024,1,1,1,2,2,0,0,0,1,1,0,1,0,0,0
2024-01-08,S005,Loader,1,1,1.0,0.0,0.0,0.0,0.0,0.0,0.0,0,2024,1,1,2,2,2,0,0,0,1,1,0,0,0,1,0
2024-01-15,S005,Loader,1,1,1.0,1.0,0.0,0.0,0.0,0.0,0.0,0,2024,1,1,3,2,2,0,0,0,1,1,0,0,1,1,0
2024-01-22,S005,Loader,1,1,1.0,1.0,0.0,1.0,1.0,0.0,0.0,0,2024,1,1,4,1,1,0,0,0,0,1,0,1,0,0,1
2024-01-29,S005,Loader,1,0,1.0,1.0,1.0,1.0,1.0,0.0,0.0,0,2024,1,1,5,1,1,0,0,0,0,1,0,0,1,1,1
2024-02-05,S005,Loader,0,0,1.0,1.0,1.0,0.75,1.0,0.5,-1.0,1,2024,2,1,6,1,1,0,0,1,0,0,0,0,0,1,1
2024-02-12,S005,Loader,0,0,0.0,1.0,1.0,0.5,1.0,0.5773502691896257,-1.0,2,2024,2,1,7,3,2,0,2,1,0,0,0,0,0,0,1
2024-02-19,S005,Loader,0,0,0.0,0.0,1.0,0.25,1.0,0.5,-1.0,3,2024,2,1,8,5,4,1,2,1,0,0,1,0,0,0,0
2024-02-26,S005,Loader,0,1,0.0,0.0,1.0,0.0,0.0,0.0,-1.0,4,2024,2,1,9,6,5,1,2,1,1,0,1,0,0,0,0
2024-03-04,S005,Loader,1,1,0.0,0.0,0.0,0.25,1.0,0.5,1.0,0,2024,3,1,10,6,6,1,1,1,1,1,1,1,0,0,0
2024-03-11,S005,Loader,1,0,1.0,0.0,0.0,0.5,1.0,0.5773502691896257,1.0,0,2024,3,1,11,4,4,1,1,1,0,1,0,0,1,1,0
2024-03-18,S005,Loader,0,0,1.0,1.0,0.0,0.5,1.0,0.5773502691896257,0.0,1,2024,3,1,12,3,3,1,1,0,1,0,0,0,0,1,1
2024-03-25,S005,Loader,0,0,0.0,1.0,0.0,0.5,1.0,0.5773502691896257,0.0,2,2024,3,1,13,5,4,1,2,1,1,0,0,0,0,0,1
2024-04-01,S005,Loader,0,0,0.0,0.0,1.0,0.25,1.0,0.5,-1.0,3,2024,4,2,14,5,4,1,2,1,0,0,1,0,0,0,0
2024-04-08,S005,Loader,0,0,0.0,0.0,1.0,0.0,0.0,0.0,-1.0,4,2024,4,2,15,3,3,1,0,1,0,0,1,0,0,0,0
2024-04-15,S005,Loader,0,0,0.0,0.0,0.0,0.0,0.0,0.0,0.0,5,2024,4,2,16,1,1,1,0,0,0,0,0,0,0,0,0
2024-04-22,S005,Loader,0,0,0.0,0.0,0.0,0.0,0.0,0.0,0.0,6,2024,4,2,17,1,1,1,0,0,0,0,0,0,0,0,0
2024-04-29,S005,Loader,0,0,0.0,0.0,0.0,0.0,0.0,0.0,0.0,7,2024,4,2,18,1,1,0,0,1,0,0,0,0,0,0,0
2024-05-06,S005,Loader,0,0,0.0,0.0,0.0,0.0,0.0,0.0,0.0,8,2024,5,2,19,2,2,1,0,1,0,0,0,0,0,0,0
2024-05-13,S005,Loader,0,0,0.0,0.0,0.0,0.0,0.0,0.0,0.0,9,2024,5,2,20,1,1,1,0,0,0,0,0,0,0,0,0
2024-05-20,S005,Loader,0,0,0.0,0.0,0.0,0.0,0.0,0.0,0.0,10,2024,5,2,21,3,2,0,1,0,0,0,2,0,0,0,0
2024-05-27,S005,Loader,0,1,0.0,0.0,0.0,0.0,0.0,0.0,0.0,11,2024,5,2,22,6,4,1,1,2,0,0,2,0,0,0,0
2024-06-03,S005,Loader,1,1,0.0,0.0,0.0,0.25,1.0,0.5,1.0,0,2024,6,2,23,6,5,1,1,2,0,1,1,1,0,0,0
2024-06-10,S005,Loader,1,0,1.0,0.0,0.0,0.5,1.0,0.5773502691896257,1.0,0,2024,6,2,24,6,5,1,1,2,1,1,0,0,1,1,0
2024-06-17,S005,Loader,0,1,1.0,1.0,0.0,0.5,1.0,0.5773502691896257,0.0,1,2024,6,2,25,6,5,1,1,2,1,0,1,0,0,1,1
2024-06-24,S005,Loader,1,1,0.0,1.0,0.0,0.75,1.0,0.5,1.0,0,2024,6,2,26,5,5,1,0,1,1,1,1,1,0,0,1
2024-07-01,S005,Loader,1,1,1.0,0.0,1.0,0.75,1.0,0.5,0.0,0,2024,7,3,27,6,5,2,1,1,1,1,0,0,0,1,0
2024-07-08,S005,Loader,1,0,1.0,1.0,1.0,0.75,1.0,0.5,0.0,0,2024,7,3,28,5,4,2,1,1,0,1,0,0,1,1,0
2024-07-15,S005,Loader,0,0,1.0,1.0,0.0,0.75,1.0,0.5,0.0,1,2024,7,3,29,3,3,1,1,1,0,0,0,0,0,0,1
2024-07-22,S005,Loader,0,1,0.0,1.0,1.0,0.5,1.0,0.5773502691896257,-1.0,2,2024,7,3,30,3,3,0,1,1,1,0,0,0,0,0,1
2024-07-29,S005,Loader,1,1,0.0,0.0,1.0,0.5,1.0,0.5773502691896257,0.0,0,2024,7,3,31,4,4,1,0,1,1,1,0,1,0,0,0
2024-08-05,S005,Loader,1,1,1.0,0.0,1.0,0.5,1.0,0.5773502691896257,0.0,0,2024,8,3,32,2,2,1,0,0,0,1,0,0,0,1,0
2024-08-12,S005,Loader,1,1,1.0,1.0,0.0,0.75,1.0,0.5,1.0,0,2024,8,3,33,2,2,0,0,0,1,1,0,0,0,1,0
2024-08-19,S005,Loader,1,1,1.0,1.0,0.0,1.0,1.0,0.0,1.0,0,2024,8,3,34,4,4,0,1,1,1,1,0,0,1,0,0
2024-08-26,S005,Loader,1,1,1.0,1.0,1.0,1.0,1.0,0.0,0.0,0,2024,8,3,35,5,4,0,1,2,1,1,0,1,0,0,1
2024-09-02,S005,Loader,1,0,1.0,1.0,1.0,1.0,1.0,0.0,0.0,0,2024,9,3,36,5,4,0,1,2,1,1,0,0,1,1,1
2024-09-09,S005,Loader,0,0,1.0,1.0,1.0,0.75,1.0,0.5,-1.0,1,2024,9,3,37,3,3,0,1,1,0,0,1,0,0,1,1
2024-09-16,S005,Loader,0,1,0.0,1.0,1.0,0.5,1.0,0.5773502691896257,-1.0,2,2024,9,3,38,5,5,1,1,1,1,0,1,0,0,0,1
2024-09-23,S005,Loader,1,1,0.0,0.0,1.0,0.5,1.0,0.5773502691896257,0.0,0,2024,9,3,39,6,5,1,2,1,1,1,0,1,0,0,0
2024-09-30,S005,Loader,1,0,1.0,0.0,1.0,0.5,1.0,0.5773502691896257,0.0,0,2024,9,3,40,6,5,1,2,1,1,1,0,0,1,1,0
2024-10-07,S005,Loader,0,0,1.0,1.0,0.0,0.5,1.0,0.5773502691896257,0.0,1,2024,10,4,41,4,3,1,0,0,1,0,2,0,0,1,1
2024-10-14,S005,Loader,0,0,0.0,1.0,0.0,0.5,1.0,0.5773502691896257,0.0,2,2024,10,4,42,4,3,0,1,0,1,0,2,0,0,0,1
2024-10-21,S005,Loader,0,0,0.0,0.0,1.0,0.25,1.0,0.5,-1.0,3,2024,10,4,43,3,3,1,1,0,0,0,1,0,0,0,0
2024-10-28,S005,Loader,0,0,0.0,0.0,1.0,0.0,0.0,0.0,-1.0,4,2024,10,4,44,3,3,1,1,0,0,0,1,0,0,0,0
2024-11-04,S005,Loader,0,0,0.0,0.0,0.0,0.0,0.0,0.0,0.0,5,2024,11,4,45,4,4,1,1,1,1,0,0,0,0,0,0
2024-11-11,S005,Loader,0,0,0.0,0.0,0.0,0.0,0.0,0.0,0.0,6,2024,11,4,46,4,4,1,1,1,1,0,0,0,0,0,0
2024-11-18,S005,Loader,0,0,0.0,0.0,0.0,0.0,0.0,0.0,0.0,7,2024,11,4,47,7,5,1,1,3,1,0,1,0,0,0,0
2024-11-25,S005,Loader,0,1,0.0,0.0,0.0,0.0,0.0,0.0,0.0,8,2024,11,4,48,7,4,1,0,3,1,0,2,0,0,0,0
2024-12-02,S005,Loader,1,1,0.0,0.0,0.0,0.25,1.0,0.5,1.0,0,2024,12,4,49,5,4,0,1,1,0,1,2,1,0,0,0
2024-12-09,S005,Loader,1,0,1.0,0.0,0.0,0.5,1.0,0.5773502691896257,1.0,0,2024,12,4,50,2,2,0,1,0,0,1,0,0,1,1,0
2024-12-16,S005,Loader,0,0,1.0,1.0,0.0,0.5,1.0,0.5773502691896257,0.0,1,2024,12,4,51,3,3,1,1,0,0,0,1,0,0,1,1
2024-12-23,S005,Loader,0,0,0.0,1.0,0.0,0.5,1.0,0.5773502691896257,0.0,2,2024,12,4,52,3,3,1,1,0,0,0,1,0,0,0,1
2024-12-30,S005,Loader,0,0,0.0,0.0,1.0,0.25,1.0,0.5,-1.0,3,2024,12,4,1,2,2,0,0,1,0,0,1,0,0,0,0
2025-01-06,S005,Loader,0,0,0.0,0.0,1.0,0.0,0.0,0.0,-1.0,4,2025,1,1,2,3,3,0,1,1,0,0,1,0,0,0,0
2025-01-13,S005,Loader,0,0,0.0,0.0,0.0,0.0,0.0,0.0,0.0,5,2025,1,1,3,2,2,0,1,0,0,0,1,0,0,0,0
2025-01-20,S005,Loader,0,0,0.0,0.0,0.0,0.0,0.0,0.0,0.0,6,2025,1,1,4,2,2,0,1,1,0,0,0,0,0,0,0
2025-01-27,S005,Loader,0,1,0.0,0.0,0.0,0.0,0.0,0.0,0.0,7,2025,1,1,5,1,1,0,0,1,0,0,0,0,0,0,0
2025-02-03,S005,Loader,1,1,0.0,0.0,0.0,0.25,1.0,0.5,1.0,0,2025,2,1,6,4,2,0,0,3,0,1,0,1,0,0,0
2025-02-10,S005,Loader,1,0,1.0,0.0,0.0,0.5,1.0,0.5773502691896257,1.0,0,2025,2,1,7,4,2,0,0,3,0,1,0,0,1,1,0
2025-02-17,S005,Loader,0,0,1.0,1.0,0.0,0.5,1.0,0.5773502691896257,0.0,1,2025,2,1,8,1,1,0,0,1,0,0,0,0,0,1,1
2025-02-24,S005,Loader,0,1,0.0,1.0,0.0,0.5,1.0,0.5773502691896257,0.0,2,2025,2,1,9,1,1,0,0,1,0,0,0,0,0,0,1
2025-03-03,S005,Loader,1,1,0.0,0.0,1.0,0.5,1.0,0.5773502691896257,0.0,0,2025,3,1,10,5,5,1,0,1,1,1,1,1,0,0,0
2025-03-10,S005,Loader,1,1,1.0,0.0,1.0,0.5,1.0,0.5773502691896257,0.0,0,2025,3,1,11,6,6,1,1,1,1,1,1,0,0,1,0
2025-03-17,S005,Loader,1,0,1.0,1.0,0.0,0.75,1.0,0.5,1.0,0,2025,3,1,12,4,3,1,2,0,0,1,0,0,1,1,0
2025-03-24,S005,Loader,0,0,1.0,1.0,0.0,0.75,1.0,0.5,0.0,1,2025,3,1,13,4,3,1,2,1,0,0,0,0,0,0,1
2025-03-31,S005,Loader,0,1,0.0,1.0,1.0,0.5,1.0,0.5773502691896257,-1.0,2,2025,3,1,14,3,3,1,0,1,0,0,1,0,0,0,1
2025-04-07,S005,Loader,1,1,0.0,0.0,1.0,0.5,1.0,0.5773502691896257,0.0,0,2025,4,2,15,5,5,1,0,1,1,1,1,1,0,0,0
2025-04-14,S005,Loader,1,0,1.0,0.0,1.0,0.5,1.0,0.5773502691896257,0.0,0,2025,4,2,16,5,5,1,0,1,1,1,1,0,1,1,0
2025-04-21,S005,Loader,0,1,1.0,1.0,0.0,0.5,1.0,0.5773502691896257,0.0,1,2025,4,2,17,4,4,1,1,1,1,0,0,0,0,1,1
2025-04-28,S005,Loader,1,1,0.0,1.0,0.0,0.75,1.0,0.5,1.0,0,2025,4,2,18,4,4,0,1,1,1,1,0,1,0,0,1
2025-05-05,S005,Loader,1,0,1.0,0.0,1.0,0.75,1.0,0.5,0.0,0,2025,5,2,19,3,2,0,0,0,2,1,0,0,1,1,0
2025-05-12,S005,Loader,0,0,1.0,1.0,1.0,0.5,1.0,0.5773502691896257,-1.0,1,2025,5,2,20,2,1,0,0,0,2,0,0,0,0,1,1
2025-05-19,S005,Loader,0,0,0.0,1.0,0.0,0.5,1.0,0.5773502691896257,0.0,2,2025,5,2,21,2,2,0,1,0,1,0,0,0,0,0,1
2025-05-26,S005,Loader,0,1,0.0,0.0,1.0,0.25,1.0,0.5,-1.0,3,2025,5,2,22,2,2,0,1,1,0,0,0,0,0,0,0
2025-06-02,S005,Loader,1,1,0.0,0.0,1.0,0.25,1.0,0.5,0.0,0,2025,6,2,23,4,4,0,0,1,1,1,1,1,0,0,0
2025-06-09,S005,Loader,1,0,1.0,0.0,0.0,0.5,1.0,0.5773502691896257,1.0,0,2025,6,2,24,4,4,0,0,1,1,1,1,0,1,1,0
2025-06-16,S005,Loader,0,1,1.0,1.0,0.0,0.5,1.0,0.5773502691896257,0.0,1,2025,6,2,25,1,1,0,0,1,0,0,0,0,0,1,1
2025-06-23,S005,Loader,1,1,0.0,1.0,0.0,0.75,1.0,0.5,1.0,0,2025,6,2,26,6,5,0,1,2,1,1,1,1,0,0,1
2025-06-30,S005,Loader,1,0,1.0,0.0,1.0,0.75,1.0,0.5,0.0,0,2025,6,2,27,6,5,0,1,2,1,1,1,0,1,1,0
2025-07-07,S005,Loader,0,0,1.0,1.0,1.0,0.5,1.0,0.5773502691896257,-1.0,1,2025,7,3,28,2,2,0,1,0,0,0,1,0,0,1,1
2025-07-14,S005,Loader,0,0,0.0,1.0,0.0,0.5,1.0,0.5773502691896257,0.0,2,2025,7,3,29,1,1,0,1,0,0,0,0,0,0,0,1
2025-07-21,S005,Loader,0,0,0.0,0.0,1.0,0.25,1.0,0.5,-1.0,3,2025,7,3,30,0,0,0,0,0,0,0,0,0,0,0,0
2025-07-28,S005,Loader,0,0,0.0,0.0,1.0,0.0,0.0,0.0,-1.0,4,2025,7,3,31,1,1,0,0,1,0,0,0,0,0,0,0
2025-08-04,S005,Loader,0,1,0.0,0.0,0.0,0.0,0.0,0.0,0.0,5,2025,8,3,32,4,3,0,1,1,0,0,2,0,0,0,0
2025-08-11,S005,Loader,1,1,0.0,0.0,0.0,0.25,1.0,0.5,1.0,0,2025,8,3,33,4,3,0,1,0,0,1,2,1,0,0,0
2025-08-18,S005,Loader,1,0,1.0,0.0,0.0,0.5,1.0,0.5773502691896257,1.0,0,2025,8,3,34,2,2,0,0,0,0,1,1,0,1,1,0
2025-08-25,S005,Loader,0,2,1.0,1.0,0.0,0.5,1.0,0.5773502691896257,0.0,1,2025,8,3,35,1,1,0,0,0,1,0,0,0,0,1,1
2025-09-01,S005,Loader,2,2,0.0,1.0,0.0,1.0,2.0,0.816496580927726,2.0,0,2025,9,3,36,3,2,0,0,0,1,2,0,2,0,0,1
2025-09-08,S005,Loader,2,0,2.0,0.0,1.0,1.25,2.0,0.9574271077563381,1.0,0,2025,9,3,37,2,1,0,0,0,0,2,0,0,2,2,0
2025-09-15,S005,Loader,0,0,2.0,2.0,1.0,1.0,2.0,1.1547005383792515,-1.0,1,2025,9,3,38,1,1,0,0,0,1,0,0,0,0,2,2
2025-09-22,S005,Loader,0,0,0.0,2.0,0.0,1.0,2.0,1.1547005383792515,0.0,2,2025,9,3,39,1,1,0,0,0,1,0,0,0,0,0,2
2025-09-29,S005,Loader,0,0,0.0,0.0,2.0,0.5,2.0,1.0,-2.0,3,2025,9,3,40,2,2,0,1,0,1,0,0,0,0,0,0
2025-10-06,S005,Loader,0,1,0.0,0.0,2.0,0.0,0.0,0.0,-2.0,4,2025,10,4,41,2,2,0,1,0,1,0,0,0,0,0,0
2025-10-13,S005,Loader,1,1,0.0,0.0,0.0,0.25,1.0,0.5,1.0,0,2025,10,4,42,3,3,1,0,0,0,1,1,1,0,0,0
2025-10-20,S005,Loader,1,0,1.0,0.0,0.0,0.5,1.0,0.5773502691896257,1.0,0,2025,10,4,43,4,4,1,1,0,0,1,1,0,1,1,0
2025-10-27,S005,Loader,0,0,1.0,1.0,0.0,0.5,1.0,0.5773502691896257,0.0,1,2025,10,4,44,2,2,1,1,0,0,0,0,0,0,1,1
2025-11-03,S005,Loader,0,0,0.0,1.0,0.0,0.5,1.0,0.5773502691896257,0.0,2,2025,11,4,45,1,1,0,1,0,0,0,0,0,0,0,1
2025-11-10,S005,Loader,0,0,0.0,0.0,1.0,0.25,1.0,0.5,-1.0,3,2025,11,4,46,0,0,0,0,0,0,0,0,0,0,0,0
2025-11-17,S005,Loader,0,0,0.0,0.0,1.0,0.0,0.0,0.0,-1.0,4,2025,11,4,47,0,0,0,0,0,0,0,0,0,0,0,0
2025-11-24,S005,Loader,0,0,0.0,0.0,0.0,0.0,0.0,0.0,0.0,5,2025,11,4,48,0,0,0,0,0,0,0,0,0,0,0,0
2025-12-01,S005,Loader,0,0,0.0,0.0,0.0,0.0,0.0,0.0,0.0,6,2025,12,4,49,1,1,0,1,0,0,0,0,0,0,0,0
2025-12-08,S005,Loader,0,0,0.0,0.0,0.0,0.0,0.0,0.0,0.0,7,2025,12,4,50,2,2,1,1,0,0,0,0,0,0,0,0
2025-12-15,S005,Loader,0,0,0.0,0.0,0.0,0.0,0.0,0.0,0.0,8,2025,12,4,51,3,3,1,1,1,0,0,0,0,0,0,0
2024-01-01,S005,Roller,0,0,0.0,0.0,0.0,0.0,0.0,0.0,0.0,1,2024,1,1,1,2,2,0,0,0,1,1,0,0,0,0,0
2024-01-08,S005,Roller,0,0,0.0,0.0,0.0,0.0,0.0,0.0,0.0,2,2024,1,1,2,2,2,0,0,0,1,1,0,0,0,0,0
2024-01-15,S005,Roller,0,0,0.0,0.0,0.0,0.0,0.0,0.0,0.0,3,2024,1,1,3,2,2,0,0,0,1,1,0,0,0,0,0
2024-01-22,S005,Roller,0,0,0.0,0.0,0.0,0.0,0.0,0.0,0.0,4,2024,1,1,4,1,1,0,0,0,0,1,0,0,0,0,0
2024-01-29,S005,Roller,0,0,0.0,0.0,0.0,0.0,0.0,0.0,0.0,5,2024,1,1,5,1,1,0,0,0,0,1,0,0,0,0,0
2024-02-05,S005,Roller,0,0,0.0,0.0,0.0,0.0,0.0,0.0,0.0,6,2024,2,1,6,1,1,0,0,1,0,0,0,0,0,0,0
2024-02-12,S005,Roller,0,1,0.0,0.0,0.0,0.0,0.0,0.0,0.0,7,2024,2,1,7,3,2,0,2,1,0,0,0,0,0,0,0
2024-02-19,S005,Roller,1,1,0.0,0.0,0.0,0.25,1.0,0.5,1.0,0,2024,2,1,8,5,4,1,2,1,0,0,1,1,0,0,0
2024-02-26,S005,Roller,1,1,1.0,0.0,0.0,0.5,1.0,0.5773502691896257,1.0,0,2024,2,1,9,6,5,1,2,1,1,0,1,0,0,1,0
2024-03-04,S005,Roller,1,0,1.0,1.0,0.0,0.75,1.0,0.5,1.0,0,2024,3,1,10,6,6,1,1,1,1,1,1,0,1,1,0
2024-03-11,S005,Roller,0,0,1.0,1.0,0.0,0.75,1.0,0.5,0.0,1,2024,3,1,11,4,4,1,1,1,0,1,0,0,0,0,1
2024-03-18,S005,Roller,0,0,0.0,1.0,1.0,0.5,1.0,0.5773502691896257,-1.0,2,2024,3,1,12,3,3,1,1,0,1,0,0,0,0,0,1
2024-03-25,S005,Roller,0,1,0.0,0.0,1.0,0.25,1.0,0.5,-1.0,3,2024,3,1,13,5,4,1,2,1,1,0,0,0,0,0,0
2024-04-01,S005,Roller,1,1,0.0,0.0,1.0,0.25,1.0,0.5,0.0,0,2024,4,2,14,5,4,1,2,1,0,0,1,1,0,0,0
2024-04-08,S005,Roller,1,0,1.0,0.0,0.0,0.5,1.0,0.5773502691896257,1.0,0,2024,4,2,15,3,3,1,0,1,0,0,1,0,1,1,0
2024-04-15,S005,Roller,0,0,1.0,1.0,0.0,0.5,1.0,0.5773502691896257,0.0,1,2024,4,2,16,1,1,1,0,0,0,0,0,0,0,1,1
2024-04-22,S005,Roller,0,0,0.0,1.0,0.0,0.5,1.0,0.5773502691896257,0.0,2,2024,4,2,17,1,1,1,0,0,0,0,0,0,0,0,1
2024-04-29,S005,Roller,0,0,0.0,0.0,1.0,0.25,1.0,0.5,-1.0,3,2024,4,2,18,1,1,0,0,1,0,0,0,0,0,0,0
2024-05-06,S005,Roller,0,0,0.0,0.0,1.0,0.0,0.0,0.0,-1.0,4,2024,5,2,19,2,2,1,0,1,0,0,0,0,0,0,0
2024-05-13,S005,Roller,0,2,0.0,0.0,0.0,0.0,0.0,0.0,0.0,5,2024,5,2,20,1,1,1,0,0,0,0,0,0,0,0,0
2024-05-20,S005,Roller,2,2,0.0,0.0,0.0,0.5,2.0,1.0,2.0,0,2024,5,2,21,3,2,0,1,0,0,0,2,2,0,0,0
2024-05-27,S005,Roller,2,1,2.0,0.0,0.0,1.0,2.0,1.1547005383792515,2.0,0,2024,5,2,22,6,4,1,1,2,0,0,2,0,1,2,0
2024-06-03,S005,Roller,1,0,2.0,2.0,0.0,1.25,2.0,0.9574271077563382,1.0,0,2024,6,2,23,6,5,1,1,2,0,1,1,0,1,2,1
2024-06-10,S005,Roller,0,1,1.0,2.0,0.0,1.25,2.0,0.9574271077563382,0.0,1,2024,6,2,24,6,5,1,1,2,1,1,0,0,0,0,2
2024-06-17,S005,Roller,1,1,0.0,1.0,2.0,1.0,2.0,0.8164965809277261,-1.0,0,2024,6,2,25,6,5,1,1,2,1,0,1,1,0,0,1
2024-06-24,S005,Roller,1,0,1.0,0.0,2.0,0.75,1.0,0.5000000000000001,-1.0,0,2024,6,2,26,5,5,1,0,1,1,1,1,0,1,1,0
2024-07-01,S005,Roller,0,0,1.0,1.0,1.0,0.5,1.0,0.5773502691896258,-1.0,1,2024,7,3,27,6,5,2,1,1,1,1,0,0,0,1,1
2024-07-08,S005,Roller,0,0,0.0,1.0,0.0,0.5,1.0,0.5773502691896258,0.0,2,2024,7,3,28,5,4,2,1,1,0,1,0,0,0,0,1
2024-07-15,S005,Roller,0,0,0.0,0.0,1.0,0.25,1.0,0.5000000000000001,-1.0,3,2024,7,3,29,3,3,1,1,1,0,0,0,0,0,0,0
2024-07-22,S005,Roller,0,0,0.0,0.0,1.0,0.0,0.0,0.0,-1.0,4,2024,7,3,30,3,3,0,1,1,1,0,0,0,0,0,0
2024-07-29,S005,Roller,0,0,0.0,0.0,0.0,0.0,0.0,0.0,0.0,5,2024,7,3,31,4,4,1,0,1,1,1,0,0,0,0,0
2024-08-05,S005,Roller,0,0,0.0,0.0,0.0,0.0,0.0,0.0,0.0,6,2024,8,3,32,2,2,1,0,0,0,1,0,0,0,0,0
2024-08-12,S005,Roller,0,0,0.0,0.0,0.0,0.0,0.0,0.0,0.0,7,2024,8,3,33,2,2,0,0,0,1,1,0,0,0,0,0
2024-08-19,S005,Roller,0,0,0.0,0.0,0.0,0.0,0.0,0.0,0.0,8,2024,8,3,34,4,4,0,1,1,1,1,0,0,0,0,0
2024-08-26,S005,Roller,0,0,0.0,0.0,0.0,0.0,0.0,0.0,0.0,9,2024,8,3,35,5,4,0,1,2,1,1,0,0,0,0,0
2024-09-02,S005,Roller,0,1,0.0,0.0,0.0,0.0,0.0,0.0,0.0,10,2024,9,3,36,5,4,0,1,2,1,1,0,0,0,0,0
2024-09-09,S005,Roller,1,1,0.0,0.0,0.0,0.25,1.0,0.5,1.0,0,2024,9,3,37,3,3,0,1,1,0,0,1,1,0,0,0
2024-09-16,S005,Roller,1,0,1.0,0.0,0.0,0.5,1.0,0.5773502691896257,1.0,0,2024,9,3,38,5,5,1,1,1,1,0,1,0,1,1,0
2024-09-23,S005,Roller,0,0,1.0,1.0,0.0,0.5,1.0,0.5773502691896257,0.0,1,2024,9,3,39,6,5,1,2,1,1,1,0,0,0,1,1
2024-09-30,S005,Roller,0,2,0.0,1.0,0.0,0.5,1.0,0.5773502691896257,0.0,2,2024,9,3,40,6,5,1,2,1,1,1,0,0,0,0,1
2024-10-07,S005,Roller,2,2,0.0,0.0,1.0,0.75,2.0,0.9574271077563381,1.0,0,2024,10,4,41,4,3,1,0,0,1,0,2,2,0,0,0
2024-10-14,S005,Roller,2,1,2.0,0.0,1.0,1.0,2.0,1.1547005383792515,1.0,0,2024,10,4,42,4,3,0,1,0,1,0,2,0,2,2,0
2024-10-21,S005,Roller,1,1,2.0,2.0,0.0,1.25,2.0,0.9574271077563382,1.0,0,2024,10,4,43,3,3,1,1,0,0,0,1,1,0,2,2
2024-10-28,S005,Roller,1,0,1.0,2.0,0.0,1.5,2.0,0.5773502691896258,1.0,0,2024,10,4,44,3,3,1,1,0,0,0,1,0,1,1,2
2024-11-04,S005,Roller,0,0,1.0,1.0,2.0,1.0,2.0,0.8164965809277261,-2.0,1,2024,11,4,45,4,4,1,1,1,1,0,0,0,0,1,1
2024-11-11,S005,Roller,0,1,0.0,1.0,2.0,0.5,1.0,0.5773502691896258,-2.0,2,2024,11,4,46,4,4,1,1,1,1,0,0,0,0,0,1
2024-11-18,S005,Roller,1,2,0.0,0.0,1.0,0.5,1.0,0.5773502691896258,0.0,0,2024,11,4,47,7,5,1,1,3,1,0,1,1,0,0,0
2024-11-25,S005,Roller,2,2,1.0,0.0,1.0,0.75,2.0,0.9574271077563381,1.0,0,2024,11,4,48,7,4,1,0,3,1,0,2,1,0,1,0
2024-12-02,S005,Roller,2,0,2.0,1.0,0.0,1.25,2.0,0.9574271077563381,2.0,0,2024,12,4,49,5,4,0,1,1,0,1,2,0,2,2,0
2024-12-09,S005,Roller,0,1,2.0,2.0,0.0,1.25,2.0,0.9574271077563381,0.0,1,2024,12,4,50,2,2,0,1,0,0,1,0,0,0,1,2
2024-12-16,S005,Roller,1,1,0.0,2.0,1.0,1.25,2.0,0.9574271077563381,0.0,0,2024,12,4,51,3,3,1,1,0,0,0,1,1,0,0,2
2024-12-23,S005,Roller,1,1,1.0,0.0,2.0,1.0,2.0,0.816496580927726,-1.0,0,2024,12,4,52,3,3,1,1,0,0,0,1,0,1,1,0
2024-12-30,S005,Roller,1,1,1.0,1.0,2.0,0.75,1.0,0.5,-1.0,0,2024,12,4,1,2,2,0,0,1,0,0,1,1,0,1,1
2025-01-06,S005,Roller,1,1,1.0,1.0,0.0,1.0,1.0,0.0,1.0,0,2025,1,1,2,3,3,0,1,1,0,0,1,0,0,1,1
2025-01-13,S005,Roller,1,0,1.0,1.0,1.0,1.0,1.0,0.0,0.0,0,2025,1,1,3,2,2,0,1,0,0,0,1,0,1,1,0
2025-01-20,S005,Roller,0,0,1.0,1.0,1.0,0.75,1.0,0.5,-1.0,1,2025,1,1,4,2,2,0,1,1,0,0,0,0,0,0,1
2025-01-27,S005,Roller,0,0,0.0,1.0,1.0,0.5,1.0,0.5773502691896257,-1.0,2,2025,1,1,5,1,1,0,0,1,0,0,0,0,0,0,1
2025-02-03,S005,Roller,0,0,0.0,0.0,1.0,0.25,1.0,0.5,-1.0,3,2025,2,1,6,4,2,0,0,3,0,1,0,0,0,0,0
2025-02-10,S005,Roller,0,0,0.0,0.0,1.0,0.0,0.0,0.0,-1.0,4,2025,2,1,7,4,2,0,0,3,0,1,0,0,0,0,0
2025-02-17,S005,Roller,0,0,0.0,0.0,0.0,0.0,0.0,0.0,0.0,5,2025,2,1,8,1,1,0,0,1,0,0,0,0,0,0,0
2025-02-24,S005,Roller,0,1,0.0,0.0,0.0,0.0,0.0,0.0,0.0,6,2025,2,1,9,1,1,0,0,1,0,0,0,0,0,0,0
2025-03-03,S005,Roller,1,1,0.0,0.0,0.0,0.25,1.0,0.5,1.0,0,2025,3,1,10,5,5,1,0,1,1,1,1,1,0,0,0
2025-03-10,S005,Roller,1,0,1.0,0.0,0.0,0.5,1.0,0.5773502691896257,1.0,0,2025,3,1,11,6,6,1,1,1,1,1,1,0,1,1,0
2025-03-17,S005,Roller,0,0,1.0,1.0,0.0,0.5,1.0,0.5773502691896257,0.0,1,2025,3,1,12,4,3,1,2,0,0,1,0,0,0,1,1
2025-03-24,S005,Roller,0,1,0.0,1.0,0.0,0.5,1.0,0.5773502691896257,0.0,2,2025,3,1,13,4,3,1,2,1,0,0,0,0,0,0,1
2025-03-31,S005,Roller,1,1,0.0,0.0,1.0,0.5,1.0,0.5773502691896257,0.0,0,2025,3,1,14,3,3,1,0,1,0,0,1,1,0,0,0
2025-04-07,S005,Roller,1,1,1.0,0.0,1.0,0.5,1.0,0.5773502691896257,0.0,0,2025,4,2,15,5,5,1,0,1,1,1,1,0,0,1,0
2025-04-14,S005,Roller,1,0,1.0,1.0,0.0,0.75,1.0,0.5,1.0,0,2025,4,2,16,5,5,1,0,1,1,1,1,0,1,1,0
2025-04-21,S005,Roller,0,0,1.0,1.0,0.0,0.75,1.0,0.5,0.0,1,2025,4,2,17,4,4,1,1,1,1,0,0,0,0,0,1
2025-04-28,S005,Roller,0,0,0.0,1.0,1.0,0.5,1.0,0.5773502691896257,-1.0,2,2025,4,2,18,4,4,0,1,1,1,1,0,0,0,0,1
2025-05-05,S005,Roller,0,0,0.0,0.0,1.0,0.25,1.0,0.5,-1.0,3,2025,5,2,19,3,2,0,0,0,2,1,0,0,0,0,0
2025-05-12,S005,Roller,0,0,0.0,0.0,1.0,0.0,0.0,0.0,-1.0,4,2025,5,2,20,2,1,0,0,0,2,0,0,0,0,0,0
2025-05-19,S005,Roller,0,0,0.0,0.0,0.0,0.0,0.0,0.0,0.0,5,2025,5,2,21,2,2,0,1,0,1,0,0,0,0,0,0
2025-05-26,S005,Roller,0,1,0.0,0.0,0.0,0.0,0.0,0.0,0.0,6,2025,5,2,22,2,2,0,1,1,0,0,0,0,0,0,0
2025-06-02,S005,Roller,1,1,0.0,0.0,0.0,0.25,1.0,0.5,1.0,0,2025,6,2,23,4,4,0,0,1,1,1,1,1,0,0,0
2025-06-09,S005,Roller,1,0,1.0,0.0,0.0,0.5,1.0,0.5773502691896257,1.0,0,2025,6,2,24,4,4,0,0,1,1,1,1,0,1,1,0
2025-06-16,S005,Roller,0,1,1.0,1.0,0.0,0.5,1.0,0.5773502691896257,0.0,1,2025,6,2,25,1,1,0,0,1,0,0,0,0,0,1,1
2025-06-23,S005,Roller,1,1,0.0,1.0,0.0,0.75,1.0,0.5,1.0,0,2025,6,2,26,6,5,0,1,2,1,1,1,1,0,0,1
2025-06-30,S005,Roller,1,1,1.0,0.0,1.0,0.75,1.0,0.5,0.0,0,2025,6,2,27,6,5,0,1,2,1,1,1,0,0,1,0
2025-07-07,S005,Roller,1,0,1.0,1.0,1.0,0.75,1.0,0.5,0.0,0,2025,7,3,28,2,2,0,1,0,0,0,1,0,1,1,0
2025-07-14,S005,Roller,0,0,1.0,1.0,0.0,0.75,1.0,0.5,0.0,1,2025,7,3,29,1,1,0,1,0,0,0,0,0,0,0,1
2025-07-21,S005,Roller,0,0,0.0,1.0,1.0,0.5,1.0,0.5773502691896257,-1.0,2,2025,7,3,30,0,0,0,0,0,0,0,0,0,0,0,1
2025-07-28,S005,Roller,0,2,0.0,0.0,1.0,0.25,1.0,0.5,-1.0,3,2025,7,3,31,1,1,0,0,1,0,0,0,0,0,0,0
2025-08-04,S005,Roller,2,2,0.0,0.0,1.0,0.5,2.0,1.0,1.0,0,2025,8,3,32,4,3,0,1,1,0,0,2,2,0,0,0
2025-08-11,S005,Roller,2,1,2.0,0.0,0.0,1.0,2.0,1.1547005383792515,2.0,0,2025,8,3,33,4,3,0,1,0,0,1,2,0,1,2,0
2025-08-18,S005,Roller,1,0,2.0,2.0,0.0,1.25,2.0,0.9574271077563382,1.0,0,2025,8,3,34,2,2,0,0,0,0,1,1,0,1,2,1
2025-08-25,S005,Roller,0,0,1.0,2.0,0.0,1.25,2.0,0.9574271077563382,0.0,1,2025,8,3,35,1,1,0,0,0,1,0,0,0,0,0,2
2025-09-01,S005,Roller,0,0,0.0,1.0,2.0,0.75,2.0,0.9574271077563382,-2.0,2,2025,9,3,36,3,2,0,0,0,1,2,0,0,0,0,1
2025-09-08,S005,Roller,0,0,0.0,0.0,2.0,0.25,1.0,0.5000000000000001,-2.0,3,2025,9,3,37,2,1,0,0,0,0,2,0,0,0,0,0
2025-09-15,S005,Roller,0,0,0.0,0.0,1.0,0.0,0.0,0.0,-1.0,4,2025,9,3,38,1,1,0,0,0,1,0,0,0,0,0,0
2025-09-22,S005,Roller,0,0,0.0,0.0,0.0,0.0,0.0,0.0,0.0,5,2025,9,3,39,1,1,0,0,0,1,0,0,0,0,0,0
2025-09-29,S005,Roller,0,0,0.0,0.0,0.0,0.0,0.0,0.0,0.0,6,2025,9,3,40,2,2,0,1,0,1,0,0,0,0,0,0
2025-10-06,S005,Roller,0,1,0.0,0.0,0.0,0.0,0.0,0.0,0.0,7,2025,10,4,41,2,2,0,1,0,1,0,0,0,0,0,0
2025-10-13,S005,Roller,1,1,0.0,0.0,0.0,0.25,1.0,0.5,1.0,0,2025,10,4,42,3,3,1,0,0,0,1,1,1,0,0,0
2025-10-20,S005,Roller,1,0,1.0,0.0,0.0,0.5,1.0,0.5773502691896257,1.0,0,2025,10,4,43,4,4,1,1,0,0,1,1,0,1,1,0
2025-10-27,S005,Roller,0,0,1.0,1.0,0.0,0.5,1.0,0.5773502691896257,0.0,1,2025,10,4,44,2,2,1,1,0,0,0,0,0,0,1,1
2025-11-03,S005,Roller,0,0,0.0,1.0,0.0,0.5,1.0,0.5773502691896257,0.0,2,2025,11,4,45,1,1,0,1,0,0,0,0,0,0,0,1
2025-11-10,S005,Roller,0,0,0.0,0.0,1.0,0.25,1.0,0.5,-1.0,3,2025,11,4,46,0,0,0,0,0,0,0,0,0,0,0,0
2025-11-17,S005,Roller,0,0,0.0,0.0,1.0,0.0,0.0,0.0,-1.0,4,2025,11,4,47,0,0,0,0,0,0,0,0,0,0,0,0
2025-11-24,S005,Roller,0,0,0.0,0.0,0.0,0.0,0.0,0.0,0.0,5,2025,11,4,48,0,0,0,0,0,0,0,0,0,0,0,0
2025-12-01,S005,Roller,0,0,0.0,0.0,0.0,0.0,0.0,0.0,0.0,6,2025,12,4,49,1,1,0,1,0,0,0,0,0,0,0,0
2025-12-08,S005,Roller,0,0,0.0,0.0,0.0,0.0,0.0,0.0,0.0,7,2025,12,4,50,2,2,1,1,0,0,0,0,0,0,0,0
2025-12-15,S005,Roller,0,0,0.0,0.0,0.0,0.0,0.0,0.0,0.0,8,2025,12,4,51,3,3,1,1,1,0,0,0,0,0,0,0
2024-01-01,S006,Bulldozer,0,0,0.0,0.0,0.0,0.0,0.0,0.0,0.0,1,2024,1,1,1,1,1,0,0,0,0,0,1,0,0,0,0
2024-01-08,S006,Bulldozer,0,0,0.0,0.0,0.0,0.0,0.0,0.0,0.0,2,2024,1,1,2,2,2,0,0,0,0,1,1,0,0,0,0
2024-01-15,S006,Bulldozer,0,0,0.0,0.0,0.0,0.0,0.0,0.0,0.0,3,2024,1,1,3,2,2,0,0,0,0,1,1,0,0,0,0
2024-01-22,S006,Bulldozer,0,0,0.0,0.0,0.0,0.0,0.0,0.0,0.0,4,2024,1,1,4,2,2,0,0,0,0,1,1,0,0,0,0
2024-01-29,S006,Bulldozer,0,0,0.0,0.0,0.0,0.0,0.0,0.0,0.0,5,2024,1,1,5,1,1,0,0,0,0,1,0,0,0,0,0
2024-02-05,S006,Bulldozer,0,0,0.0,0.0,0.0,0.0,0.0,0.0,0.0,6,2024,2,1,6,1,1,0,0,0,0,1,0,0,0,0,0
2024-02-12,S006,Bulldozer,0,3,0.0,0.0,0.0,0.0,0.0,0.0,0.0,7,2024,2,1,7,1,1,1,0,0,0,0,0,0,0,0,0
2024-02-19,S006,Bulldozer,3,3,0.0,0.0,0.0,0.75,3.0,1.5,3.0,0,2024,2,1,8,5,2,2,3,0,0,0,0,3,0,0,0
2024-02-26,S006,Bulldozer,3,1,3.0,0.0,0.0,1.5,3.0,1.7320508075688772,3.0,0,2024,2,1,9,7,3,3,3,1,0,0,0,0,3,3,0
2024-03-04,S006,Bulldozer,1,1,3.0,3.0,0.0,1.75,3.0,1.5,1.0,0,2024,3,1,10,7,4,3,1,1,0,0,2,1,0,3,3
2024-03-11,S006,Bulldozer,1,0,1.0,3.0,0.0,2.0,3.0,1.1547005383792515,1.0,0,2024,3,1,11,6,3,3,1,0,0,0,2,0,1,1,3
2024-03-18,S006,Bulldozer,0,0,1.0,1.0,3.0,1.25,3.0,1.2583057392117916,-3.0,1,2024,3,1,12,3,2,2,0,1,0,0,0,0,0,1,1
2024-03-25,S006,Bulldozer,0,1,0.0,1.0,3.0,0.5,1.0,0.5773502691896255,-3.0,2,2024,3,1,13,4,3,2,0,1,0,1,0,0,0,0,1
2024-04-01,S006,Bulldozer,1,1,0.0,0.0,1.0,0.5,1.0,0.5773502691896255,0.0,0,2024,4,2,14,8,4,2,1,0,3,2,0,1,0,0,0
2024-04-08,S006,Bulldozer,1,0,1.0,0.0,1.0,0.5,1.0,0.5773502691896255,0.0,0,2024,4,2,15,9,5,2,1,0,3,2,1,0,1,1,0
2024-04-15,S006,Bulldozer,0,0,1.0,1.0,0.0,0.5,1.0,0.5773502691896255,0.0,1,2024,4,2,16,4,4,1,0,1,0,1,1,0,0,1,1
2024-04-22,S006,Bulldozer,0,0,0.0,1.0,0.0,0.5,1.0,0.5773502691896255,0.0,2,2024,4,2,17,4,3,2,0,1,0,1,0,0,0,0,1
2024-04-29,S006,Bulldozer,0,2,0.0,0.0,1.0,0.25,1.0,0.4999999999999998,-1.0,3,2024,4,2,18,4,3,2,0,1,0,1,0,0,0,0,0
2024-05-06,S006,Bulldozer,2,2,0.0,0.0,1.0,0.5,2.0,1.0,1.0,0,2024,5,2,19,4,3,1,2,1,0,0,0,2,0,0,0
2024-05-13,S006,Bulldozer,2,1,2.0,0.0,0.0,1.0,2.0,1.1547005383792515,2.0,0,2024,5,2,20,3,2,0,2,1,0,0,0,0,1,2,0
2024-05-20,S006,Bulldozer,1,1,2.0,2.0,0.0,1.25,2.0,0.9574271077563382,1.0,0,2024,5,2,21,1,1,0,1,0,0,0,0,0,0,2,1
2024-05-27,S006,Bulldozer,1,1,1.0,2.0,0.0,1.5,2.0,0.5773502691896258,1.0,0,2024,5,2,22,1,1,0,1,0,0,0,0,0,0,0,1
2024-06-03,S006,Bulldozer,1,1,1.0,1.0,2.0,1.25,2.0,0.5000000000000001,-1.0,0,2024,6,2,23,1,1,0,1,0,0,0,0,0,0,0,0
2024-06-10,S006,Bulldozer,1,0,1.0,1.0,2.0,1.0,1.0,0.0,-1.0,0,2024,6,2,24,2,2,0,1,0,0,1,0,0,1,0,0
2024-06-17,S006,Bulldozer,0,0,1.0,1.0,1.0,0.75,1.0,0.5,-1.0,1,2024,6,2,25,1,1,0,0,0,0,1,0,0,0,0,1
2024-06-24,S006,Bulldozer,0,0,0.0,1.0,1.0,0.5,1.0,0.5773502691896257,-1.0,2,2024,6,2,26,2,2,0,0,1,0,1,0,0,0,0,1
2024-07-01,S006,Bulldozer,0,0,0.0,0.0,1.0,0.25,1.0,0.5,-1.0,3,2024,7,3,27,1,1,0,0,1,0,0,0,0,0,0,0
2024-07-08,S006,Bulldozer,0,0,0.0,0.0,1.0,0.0,0.0,0.0,-1.0,4,2024,7,3,28,3,2,0,0,1,0,0,2,0,0,0,0
2024-07-15,S006,Bulldozer,0,0,0.0,0.0,0.0,0.0,0.0,0.0,0.0,5,2024,7,3,29,3,2,0,0,1,0,0,2,0,0,0,0
2024-07-22,S006,Bulldozer,0,0,0.0,0.0,0.0,0.0,0.0,0.0,0.0,6,2024,7,3,30,3,3,1,0,1,0,0,1,0,0,0,0
2024-07-29,S006,Bulldozer,0,1,0.0,0.0,0.0,0.0,0.0,0.0,0.0,7,2024,7,3,31,3,3,1,0,1,0,0,1,0,0,0,0
2024-08-05,S006,Bulldozer,1,1,0.0,0.0,0.0,0.25,1.0,0.5,1.0,0,2024,8,3,32,3,3,1,1,1,0,0,0,1,0,0,0
2024-08-12,S006,Bulldozer,1,0,1.0,0.0,0.0,0.5,1.0,0.5773502691896257,1.0,0,2024,8,3,33,1,1,0,1,0,0,0,0,0,1,1,0
2024-08-19,S006,Bulldozer,0,1,1.0,1.0,0.0,0.5,1.0,0.5773502691896257,0.0,1,2024,8,3,34,1,1,1,0,0,0,0,0,0,0,1,1
2024-08-26,S006,Bulldozer,1,1,0.0,1.0,0.0,0.75,1.0,0.5,1.0,0,2024,8,3,35,3,3,1,1,0,0,1,0,1,0,0,1
2024-09-02,S006,Bulldozer,1,0,1.0,0.0,1.0,0.75,1.0,0.5,0.0,0,2024,9,3,36,2,2,0,1,0,0,1,0,0,1,1,0
2024-09-09,S006,Bulldozer,0,0,1.0,1.0,1.0,0.5,1.0,0.5773502691896257,-1.0,1,2024,9,3,37,0,0,0,0,0,0,0,0,0,0,1,1
2024-09-16,S006,Bulldozer,0,0,0.0,1.0,0.0,0.5,1.0,0.5773502691896257,0.0,2,2024,9,3,38,0,0,0,0,0,0,0,0,0,0,0,1
2024-09-23,S006,Bulldozer,0,0,0.0,0.0,1.0,0.25,1.0,0.5,-1.0,3,2024,9,3,39,1,1,0,0,0,0,1,0,0,0,0,0
2024-09-30,S006,Bulldozer,0,0,0.0,0.0,1.0,0.0,0.0,0.0,-1.0,4,2024,9,3,40,3,3,0,0,1,0,1,1,0,0,0,0
2024-10-07,S006,Bulldozer,0,0,0.0,0.0,0.0,0.0,0.0,0.0,0.0,5,2024,10,4,41,3,3,0,0,1,1,0,1,0,0,0,0
2024-10-14,S006,Bulldozer,0,0,0.0,0.0,0.0,0.0,0.0,0.0,0.0,6,2024,10,4,42,3,3,1,0,1,1,0,0,0,0,0,0
2024-10-21,S006,Bulldozer,0,0,0.0,0.0,0.0,0.0,0.0,0.0,0.0,7,2024,10,4,43,4,3,1,0,2,0,1,0,0,0,0,0
2024-10-28,S006,Bulldozer,0,0,0.0,0.0,0.0,0.0,0.0,0.0,0.0,8,2024,10,4,44,3,2,0,0,2,0,1,0,0,0,0,0
2024-11-04,S006,Bulldozer,0,2,0.0,0.0,0.0,0.0,0.0,0.0,0.0,9,2024,11,4,45,5,3,2,0,2,0,0,1,0,0,0,0
2024-11-11,S006,Bulldozer,2,2,0.0,0.0,0.0,0.5,2.0,1.0,2.0,0,2024,11,4,46,6,4,2,2,0,1,0,1,2,0,0,0
2024-11-18,S006,Bulldozer,2,2,2.0,0.0,0.0,1.0,2.0,1.1547005383792515,2.0,0,2024,11,4,47,4,3,0,2,0,1,1,0,0,0,2,0
2024-11-25,S006,Bulldozer,2,1,2.0,2.0,0.0,1.5,2.0,1.0,2.0,0,2024,11,4,48,5,4,1,2,1,0,1,0,0,1,2,0
2024-12-02,S006,Bulldozer,1,0,2.0,2.0,0.0,1.75,2.0,0.5,1.0,0,2024,12,4,49,4,4,1,1,1,0,0,1,0,1,0,1
2024-12-09,S006,Bulldozer,0,0,1.0,2.0,2.0,1.25,2.0,0.9574271077563381,-2.0,1,2024,12,4,50,3,3,1,0,1,0,0,1,0,0,0,2
2024-12-16,S006,Bulldozer,0,0,0.0,1.0,2.0,0.75,2.0,0.9574271077563381,-2.0,2,2024,12,4,51,4,3,0,0,1,1,2,0,0,0,0,1
2024-12-23,S006,Bulldozer,0,0,0.0,0.0,2.0,0.25,1.0,0.49999999999999994,-2.0,3,2024,12,4,52,5,4,1,0,1,1,2,0,0,0,0,0
2024-12-30,S006,Bulldozer,0,0,0.0,0.0,1.0,0.0,0.0,0.0,-1.0,4,2024,12,4,1,3,3,1,0,1,0,1,0,0,0,0,0
2025-01-06,S006,Bulldozer,0,0,0.0,0.0,0.0,0.0,0.0,0.0,0.0,5,2025,1,1,2,3,3,0,0,1,0,1,1,0,0,0,0
2025-01-13,S006,Bulldozer,0,0,0.0,0.0,0.0,0.0,0.0,0.0,0.0,6,2025,1,1,3,2,2,0,0,0,0,1,1,0,0,0,0
2025-01-20,S006,Bulldozer,0,0,0.0,0.0,0.0,0.0,0.0,0.0,0.0,7,2025,1,1,4,1,1,0,0,0,0,1,0,0,0,0,0
2025-01-27,S006,Bulldozer,0,0,0.0,0.0,0.0,0.0,0.0,0.0,0.0,8,2025,1,1,5,4,3,2,0,1,0,1,0,0,0,0,0
2025-02-03,S006,Bulldozer,0,1,0.0,0.0,0.0,0.0,0.0,0.0,0.0,9,2025,2,1,6,3,2,2,0,1,0,0,0,0,0,0,0
2025-02-10,S006,Bulldozer,1,1,0.0,0.0,0.0,0.25,1.0,0.5,1.0,0,2025,2,1,7,2,2,1,1,0,0,0,0,1,0,0,0
2025-02-17,S006,Bulldozer,1,1,1.0,0.0,0.0,0.5,1.0,0.5773502691896257,1.0,0,2025,2,1,8,3,3,1,1,0,0,0,1,0,0,1,0
2025-02-24,S006,Bulldozer,1,1,1.0,1.0,0.0,0.75,1.0,0.5,1.0,0,2025,2,1,9,4,4,1,1,1,0,0,1,0,0,1,0
2025-03-03,S006,Bulldozer,1,0,1.0,1.0,0.0,1.0,1.0,0.0,1.0,0,2025,3,1,10,4,4,1,1,1,0,0,1,0,1,0,0
2025-03-10,S006,Bulldozer,0,0,1.0,1.0,1.0,0.75,1.0,0.5,-1.0,1,2025,3,1,11,2,2,0,0,1,0,0,1,0,0,0,1
2025-03-17,S006,Bulldozer,0,0,0.0,1.0,1.0,0.5,1.0,0.5773502691896257,-1.0,2,2025,3,1,12,2,2,0,0,1,1,0,0,0,0,0,1
2025-03-24,S006,Bulldozer,0,0,0.0,0.0,1.0,0.25,1.0,0.5,-1.0,3,2025,3,1,13,1,1,0,0,0,1,0,0,0,0,0,0
2025-03-31,S006,Bulldozer,0,0,0.0,0.0,1.0,0.0,0.0,0.0,-1.0,4,2025,3,1,14,1,1,0,0,0,1,0,0,0,0,0,0
2025-04-07,S006,Bulldozer,0,0,0.0,0.0,0.0,0.0,0.0,0.0,0.0,5,2025,4,2,15,5,3,0,0,0,1,1,3,0,0,0,0
2025-04-14,S006,Bulldozer,0,2,0.0,0.0,0.0,0.0,0.0,0.0,0.0,6,2025,4,2,16,5,3,1,0,0,0,1,3,0,0,0,0
2025-04-21,S006,Bulldozer,2,2,0.0,0.0,0.0,0.5,2.0,1.0,2.0,0,2025,4,2,17,6,3,1,2,0,0,0,3,2,0,0,0
2025-04-28,S006,Bulldozer,2,0,2.0,0.0,0.0,1.0,2.0,1.1547005383792515,2.0,0,2025,4,2,18,7,5,0,2,1,1,1,2,0,2,2,0
2025-05-05,S006,Bulldozer,0,0,2.0,2.0,0.0,1.0,2.0,1.1547005383792515,0.0,1,2025,5,2,19,4,4,0,0,1,1,1,1,0,0,2,2
2025-05-12,S006,Bulldozer,0,0,0.0,2.0,0.0,1.0,2.0,1.1547005383792515,0.0,2,2025,5,2,20,2,2,0,0,1,0,0,1,0,0,0,2
2025-05-19,S006,Bulldozer,0,0,0.0,0.0,2.0,0.5,2.0,1.0,-2.0,3,2025,5,2,21,2,2,0,0,1,0,0,1,0,0,0,0
2025-05-26,S006,Bulldozer,0,1,0.0,0.0,2.0,0.0,0.0,0.0,-2.0,4,2025,5,2,22,2,2,1,0,0,0,0,1,0,0,0,0
2025-06-02,S006,Bulldozer,1,1,0.0,0.0,0.0,0.25,1.0,0.5,1.0,0,2025,6,2,23,2,2,1,1,0,0,0,0,1,0,0,0
2025-06-09,S006,Bulldozer,1,0,1.0,0.0,0.0,0.5,1.0,0.5773502691896257,1.0,0,2025,6,2,24,1,1,0,1,0,0,0,0,0,1,1,0
2025-06-16,S006,Bulldozer,0,0,1.0,1.0,0.0,0.5,1.0,0.5773502691896257,0.0,1,2025,6,2,25,3,2,1,0,0,2,0,0,0,0,1,1
2025-06-23,S006,Bulldozer,0,0,0.0,1.0,0.0,0.5,1.0,0.5773502691896257,0.0,2,2025,6,2,26,4,3,1,0,1,2,0,0,0,0,0,1
2025-06-30,S006,Bulldozer,0,0,0.0,0.0,1.0,0.25,1.0,0.5,-1.0,3,2025,6,2,27,4,3,2,0,1,1,0,0,0,0,0,0
2025-07-07,S006,Bulldozer,0,0,0.0,0.0,1.0,0.0,0.0,0.0,-1.0,4,2025,7,3,28,4,3,2,0,1,0,0,1,0,0,0,0
2025-07-14,S006,Bulldozer,0,1,0.0,0.0,0.0,0.0,0.0,0.0,0.0,5,2025,7,3,29,4,3,2,0,1,0,0,1,0,0,0,0
2025-07-21,S006,Bulldozer,1,1,0.0,0.0,0.0,0.25,1.0,0.5,1.0,0,2025,7,3,30,4,3,2,1,1,0,0,0,1,0,0,0
2025-07-28,S006,Bulldozer,1,1,1.0,0.0,0.0,0.5,1.0,0.5773502691896257,1.0,0,2025,7,3,31,4,3,2,1,0,0,1,0,0,0,1,0
2025-08-04,S006,Bulldozer,1,1,1.0,1.0,0.0,0.75,1.0,0.5,1.0,0,2025,8,3,32,6,4,2,1,2,0,1,0,0,0,1,0
2025-08-11,S006,Bulldozer,1,0,1.0,1.0,0.0,1.0,1.0,0.0,1.0,0,2025,8,3,33,7,5,1,1,2,0,2,1,0,1,0,0
2025-08-18,S006,Bulldozer,0,1,1.0,1.0,1.0,0.75,1.0,0.5,-1.0,1,2025,8,3,34,5,4,1,0,1,0,2,1,0,0,0,1
2025-08-25,S006,Bulldozer,1,1,0.0,1.0,1.0,0.75,1.0,0.5,0.0,0,2025,8,3,35,4,4,1,1,1,0,1,0,1,0,0,1
2025-09-01,S006,Bulldozer,1,2,1.0,0.0,1.0,0.75,1.0,0.5,0.0,0,2025,9,3,36,6,5,1,1,1,1,2,0,0,0,1,0
2025-09-08,S006,Bulldozer,2,2,1.0,1.0,1.0,1.0,2.0,0.816496580927726,1.0,0,2025,9,3,37,5,3,0,2,0,1,2,0,1,0,1,0
2025-09-15,S006,Bulldozer,2,2,2.0,1.0,0.0,1.5,2.0,0.5773502691896257,2.0,0,2025,9,3,38,5,3,2,2,0,0,1,0,0,1,1,0
2025-09-22,S006,Bulldozer,2,2,2.0,2.0,1.0,1.75,2.0,0.5,1.0,0,2025,9,3,39,6,4,2,2,1,0,1,0,1,0,1,1
2025-09-29,S006,Bulldozer,2,1,2.0,2.0,1.0,2.0,2.0,0.0,1.0,0,2025,9,3,40,4,3,1,2,1,0,0,0,0,1,1,1
2025-10-06,S006,Bulldozer,1,0,2.0,2.0,2.0,1.75,2.0,0.5,-1.0,0,2025,10,4,41,5,5,1,1,1,1,0,1,0,1,1,1
2025-10-13,S006,Bulldozer,0,0,1.0,2.0,2.0,1.25,2.0,0.9574271077563381,-2.0,1,2025,10,4,42,5,5,1,0,1,1,1,1,0,0,0,2
2025-10-20,S006,Bulldozer,0,1,0.0,1.0,2.0,0.75,2.0,0.9574271077563381,-2.0,2,2025,10,4,43,2,2,1,0,0,0,1,0,0,0,0,1
2025-10-27,S006,Bulldozer,1,1,0.0,0.0,2.0,0.5,1.0,0.5773502691896257,-1.0,0,2025,10,4,44,2,2,1,1,0,0,0,0,1,0,0,0
2025-11-03,S006,Bulldozer,1,0,1.0,0.0,1.0,0.5,1.0,0.5773502691896257,0.0,0,2025,11,4,45,3,3,1,1,0,1,0,0,0,1,1,0
2025-11-10,S006,Bulldozer,0,0,1.0,1.0,0.0,0.5,1.0,0.5773502691896257,0.0,1,2025,11,4,46,4,4,1,0,1,1,1,0,0,0,1,1
2025-11-17,S006,Bulldozer,0,0,0.0,1.0,0.0,0.5,1.0,0.5773502691896257,0.0,2,2025,11,4,47,3,3,1,0,1,0,1,0,0,0,0,1
2025-11-24,S006,Bulldozer,0,0,0.0,0.0,1.0,0.25,1.0,0.49999999999999994,-1.0,3,2025,11,4,48,2,2,0,0,0,1,0,1,0,0,0,0
2025-12-01,S006,Bulldozer,0,1,0.0,0.0,1.0,0.0,0.0,0.0,-1.0,4,2025,12,4,49,2,2,0,0,0,1,0,1,0,0,0,0
2025-12-08,S006,Bulldozer,1,1,0.0,0.0,0.0,0.25,1.0,0.5,1.0,0,2025,12,4,50,2,2,0,1,0,1,0,0,1,0,0,0
2025-12-15,S006,Bulldozer,1,1,1.0,0.0,0.0,0.5,1.0,0.5773502691896257,1.0,0,2025,12,4,51,2,2,0,1,0,1,0,0,0,0,1,0
2024-01-01,S006,Crane,0,0,0.0,0.0,0.0,0.0,0.0,0.0,0.0,1,2024,1,1,1,1,1,0,0,0,0,0,1,0,0,0,0
2024-01-08,S006,Crane,0,0,0.0,0.0,0.0,0.0,0.0,0.0,0.0,2,2024,1,1,2,2,2,0,0,0,0,1,1,0,0,0,0
2024-01-15,S006,Crane,0,0,0.0,0.0,0.0,0.0,0.0,0.0,0.0,3,2024,1,1,3,2,2,0,0,0,0,1,1,0,0,0,0
2024-01-22,S006,Crane,0,0,0.0,0.0,0.0,0.0,0.0,0.0,0.0,4,2024,1,1,4,2,2,0,0,0,0,1,1,0,0,0,0
2024-01-29,S006,Crane,0,0,0.0,0.0,0.0,0.0,0.0,0.0,0.0,5,2024,1,1,5,1,1,0,0,0,0,1,0,0,0,0,0
2024-02-05,S006,Crane,0,0,0.0,0.0,0.0,0.0,0.0,0.0,0.0,6,2024,2,1,6,1,1,0,0,0,0,1,0,0,0,0,0
2024-02-12,S006,Crane,0,0,0.0,0.0,0.0,0.0,0.0,0.0,0.0,7,2024,2,1,7,1,1,1,0,0,0,0,0,0,0,0,0
2024-02-19,S006,Crane,0,0,0.0,0.0,0.0,0.0,0.0,0.0,0.0,8,2024,2,1,8,5,2,2,3,0,0,0,0,0,0,0,0
2024-02-26,S006,Crane,0,0,0.0,0.0,0.0,0.0,0.0,0.0,0.0,9,2024,2,1,9,7,3,3,3,1,0,0,0,0,0,0,0
2024-03-04,S006,Crane,0,0,0.0,0.0,0.0,0.0,0.0,0.0,0.0,10,2024,3,1,10,7,4,3,1,1,0,0,2,0,0,0,0
2024-03-11,S006,Crane,0,0,0.0,0.0,0.0,0.0,0.0,0.0,0.0,11,2024,3,1,11,6,3,3,1,0,0,0,2,0,0,0,0
2024-03-18,S006,Crane,0,0,0.0,0.0,0.0,0.0,0.0,0.0,0.0,12,2024,3,1,12,3,2,2,0,1,0,0,0,0,0,0,0
2024-03-25,S006,Crane,0,3,0.0,0.0,0.0,0.0,0.0,0.0,0.0,13,2024,3,1,13,4,3,2,0,1,0,1,0,0,0,0,0
2024-04-01,S006,Crane,3,3,0.0,0.0,0.0,0.75,3.0,1.5,3.0,0,2024,4,2,14,8,4,2,1,0,3,2,0,3,0,0,0
2024-04-08,S006,Crane,3,0,3.0,0.0,0.0,1.5,3.0,1.7320508075688772,3.0,0,2024,4,2,15,9,5,2,1,0,3,2,1,0,3,3,0
2024-04-15,S006,Crane,0,0,3.0,3.0,0.0,1.5,3.0,1.7320508075688772,0.0,1,2024,4,2,16,4,4,1,0,1,0,1,1,0,0,3,3
2024-04-22,S006,Crane,0,0,0.0,3.0,0.0,1.5,3.0,1.7320508075688772,0.0,2,2024,4,2,17,4,3,2,0,1,0,1,0,0,0,0,3
2024-04-29,S006,Crane,0,0,0.0,0.0,3.0,0.75,3.0,1.5,-3.0,3,2024,4,2,18,4,3,2,0,1,0,1,0,0,0,0,0
2024-05-06,S006,Crane,0,0,0.0,0.0,3.0,0.0,0.0,0.0,-3.0,4,2024,5,2,19,4,3,1,2,1,0,0,0,0,0,0,0
2024-05-13,S006,Crane,0,0,0.0,0.0,0.0,0.0,0.0,0.0,0.0,5,2024,5,2,20,3,2,0,2,1,0,0,0,0,0,0,0
2024-05-20,S006,Crane,0,0,0.0,0.0,0.0,0.0,0.0,0.0,0.0,6,2024,5,2,21,1,1,0,1,0,0,0,0,0,0,0,0
2024-05-27,S006,Crane,0,0,0.0,0.0,0.0,0.0,0.0,0.0,0.0,7,2024,5,2,22,1,1,0,1,0,0,0,0,0,0,0,0
2024-06-03,S006,Crane,0,0,0.0,0.0,0.0,0.0,0.0,0.0,0.0,8,2024,6,2,23,1,1,0,1,0,0,0,0,0,0,0,0
2024-06-10,S006,Crane,0,0,0.0,0.0,0.0,0.0,0.0,0.0,0.0,9,2024,6,2,24,2,2,0,1,0,0,1,0,0,0,0,0
2024-06-17,S006,Crane,0,0,0.0,0.0,0.0,0.0,0.0,0.0,0.0,10,2024,6,2,25,1,1,0,0,0,0,1,0,0,0,0,0
2024-06-24,S006,Crane,0,0,0.0,0.0,0.0,0.0,0.0,0.0,0.0,11,2024,6,2,26,2,2,0,0,1,0,1,0,0,0,0,0
2024-07-01,S006,Crane,0,0,0.0,0.0,0.0,0.0,0.0,0.0,0.0,12,2024,7,3,27,1,1,0,0,1,0,0,0,0,0,0,0
2024-07-08,S006,Crane,0,0,0.0,0.0,0.0,0.0,0.0,0.0,0.0,13,2024,7,3,28,3,2,0,0,1,0,0,2,0,0,0,0
2024-07-15,S006,Crane,0,0,0.0,0.0,0.0,0.0,0.0,0.0,0.0,14,2024,7,3,29,3,2,0,0,1,0,0,2,0,0,0,0
2024-07-22,S006,Crane,0,0,0.0,0.0,0.0,0.0,0.0,0.0,0.0,15,2024,7,3,30,3,3,1,0,1,0,0,1,0,0,0,0
2024-07-29,S006,Crane,0,0,0.0,0.0,0.0,0.0,0.0,0.0,0.0,16,2024,7,3,31,3,3,1,0,1,0,0,1,0,0,0,0
2024-08-05,S006,Crane,0,0,0.0,0.0,0.0,0.0,0.0,0.0,0.0,17,2024,8,3,32,3,3,1,1,1,0,0,0,0,0,0,0
2024-08-12,S006,Crane,0,0,0.0,0.0,0.0,0.0,0.0,0.0,0.0,18,2024,8,3,33,1,1,0,1,0,0,0,0,0,0,0,0
2024-08-19,S006,Crane,0,0,0.0,0.0,0.0,0.0,0.0,0.0,0.0,19,2024,8,3,34,1,1,1,0,0,0,0,0,0,0,0,0
2024-08-26,S006,Crane,0,0,0.0,0.0,0.0,0.0,0.0,0.0,0.0,20,2024,8,3,35,3,3,1,1,0,0,1,0,0,0,0,0
2024-09-02,S006,Crane,0,0,0.0,0.0,0.0,0.0,0.0,0.0,0.0,21,2024,9,3,36,2,2,0,1,0,0,1,0,0,0,0,0
2024-09-09,S006,Crane,0,0,0.0,0.0,0.0,0.0,0.0,0.0,0.0,22,2024,9,3,37,0,0,0,0,0,0,0,0,0,0,0,0
2024-09-16,S006,Crane,0,0,0.0,0.0,0.0,0.0,0.0,0.0,0.0,23,2024,9,3,38,0,0,0,0,0,0,0,0,0,0,0,0
2024-09-23,S006,Crane,0,0,0.0,0.0,0.0,0.0,0.0,0.0,0.0,24,2024,9,3,39,1,1,0,0,0,0,1,0,0,0,0,0
2024-09-30,S006,Crane,0,1,0.0,0.0,0.0,0.0,0.0,0.0,0.0,25,2024,9,3,40,3,3,0,0,1,0,1,1,0,0,0,0
2024-10-07,S006,Crane,1,1,0.0,0.0,0.0,0.25,1.0,0.5,1.0,0,2024,10,4,41,3,3,0,0,1,1,0,1,1,0,0,0
2024-10-14,S006,Crane,1,0,1.0,0.0,0.0,0.5,1.0,0.5773502691896257,1.0,0,2024,10,4,42,3,3,1,0,1,1,0,0,0,1,1,0
2024-10-21,S006,Crane,0,0,1.0,1.0,0.0,0.5,1.0,0.5773502691896257,0.0,1,2024,10,4,43,4,3,1,0,2,0,1,0,0,0,1,1
2024-10-28,S006,Crane,0,0,0.0,1.0,0.0,0.5,1.0,0.5773502691896257,0.0,2,2024,10,4,44,3,2,0,0,2,0,1,0,0,0,0,1
2024-11-04,S006,Crane,0,1,0.0,0.0,1.0,0.25,1.0,0.5,-1.0,3,2024,11,4,45,5,3,2,0,2,0,0,1,0,0,0,0
2024-11-11,S006,Crane,1,1,0.0,0.0,1.0,0.25,1.0,0.5,0.0,0,2024,11,4,46,6,4,2,2,0,1,0,1,1,0,0,0
2024-11-18,S006,Crane,1,0,1.0,0.0,0.0,0.5,1.0,0.5773502691896257,1.0,0,2024,11,4,47,4,3,0,2,0,1,1,0,0,1,1,0
2024-11-25,S006,Crane,0,0,1.0,1.0,0.0,0.5,1.0,0.5773502691896257,0.0,1,2024,11,4,48,5,4,1,2,1,0,1,0,0,0,1,1
2024-12-02,S006,Crane,0,0,0.0,1.0,0.0,0.5,1.0,0.5773502691896257,0.0,2,2024,12,4,49,4,4,1,1,1,0,0,1,0,0,0,1
2024-12-09,S006,Crane,0,1,0.0,0.0,1.0,0.25,1.0,0.5,-1.0,3,2024,12,4,50,3,3,1,0,1,0,0,1,0,0,0,0
2024-12-16,S006,Crane,1,1,0.0,0.0,1.0,0.25,1.0,0.5,0.0,0,2024,12,4,51,4,3,0,0,1,1,2,0,1,0,0,0
2024-12-23,S006,Crane,1,0,1.0,0.0,0.0,0.5,1.0,0.5773502691896257,1.0,0,2024,12,4,52,5,4,1,0,1,1,2,0,0,1,1,0
2024-12-30,S006,Crane,0,0,1.0,1.0,0.0,0.5,1.0,0.5773502691896257,0.0,1,2024,12,4,1,3,3,1,0,1,0,1,0,0,0,1,1
2025-01-06,S006,Crane,0,0,0.0,1.0,0.0,0.5,1.0,0.5773502691896257,0.0,2,2025,1,1,2,3,3,0,0,1,0,1,1,0,0,0,1
2025-01-13,S006,Crane,0,0,0.0,0.0,1.0,0.25,1.0,0.5,-1.0,3,2025,1,1,3,2,2,0,0,0,0,1,1,0,0,0,0
2025-01-20,S006,Crane,0,0,0.0,0.0,1.0,0.0,0.0,0.0,-1.0,4,2025,1,1,4,1,1,0,0,0,0,1,0,0,0,0,0
2025-01-27,S006,Crane,0,0,0.0,0.0,0.0,0.0,0.0,0.0,0.0,5,2025,1,1,5,4,3,2,0,1,0,1,0,0,0,0,0
2025-02-03,S006,Crane,0,0,0.0,0.0,0.0,0.0,0.0,0.0,0.0,6,2025,2,1,6,3,2,2,0,1,0,0,0,0,0,0,0
2025-02-10,S006,Crane,0,0,0.0,0.0,0.0,0.0,0.0,0.0,0.0,7,2025,2,1,7,2,2,1,1,0,0,0,0,0,0,0,0
2025-02-17,S006,Crane,0,0,0.0,0.0,0.0,0.0,0.0,0.0,0.0,8,2025,2,1,8,3,3,1,1,0,0,0,1,0,0,0,0
2025-02-24,S006,Crane,0,0,0.0,0.0,0.0,0.0,0.0,0.0,0.0,9,2025,2,1,9,4,4,1,1,1,0,0,1,0,0,0,0
2025-03-03,S006,Crane,0,0,0.0,0.0,0.0,0.0,0.0,0.0,0.0,10,2025,3,1,10,4,4,1,1,1,0,0,1,0,0,0,0
2025-03-10,S006,Crane,0,1,0.0,0.0,0.0,0.0,0.0,0.0,0.0,11,2025,3,1,11,2,2,0,0,1,0,0,1,0,0,0,0
2025-03-17,S006,Crane,1,1,0.0,0.0,0.0,0.25,1.0,0.5,1.0,0,2025,3,1,12,2,2,0,0,1,1,0,0,1,0,0,0
2025-03-24,S006,Crane,1,1,1.0,0.0,0.0,0.5,1.0,0.5773502691896257,1.0,0,2025,3,1,13,1,1,0,0,0,1,0,0,0,1,1,0
2025-03-31,S006,Crane,1,1,1.0,1.0,0.0,0.75,1.0,0.5,1.0,0,2025,3,1,14,1,1,0,0,0,1,0,0,1,0,1,1
2025-04-07,S006,Crane,1,0,1.0,1.0,0.0,1.0,1.0,0.0,1.0,0,2025,4,2,15,5,3,0,0,0,1,1,3,0,1,1,1
2025-04-14,S006,Crane,0,0,1.0,1.0,1.0,0.75,1.0,0.5,-1.0,1,2025,4,2,16,5,3,1,0,0,0,1,3,0,0,1,1
2025-04-21,S006,Crane,0,1,0.0,1.0,1.0,0.5,1.0,0.5773502691896257,-1.0,2,2025,4,2,17,6,3,1,2,0,0,0,3,0,0,0,1
2025-04-28,S006,Crane,1,1,0.0,0.0,1.0,0.5,1.0,0.5773502691896257,0.0,0,2025,4,2,18,7,5,0,2,1,1,1,2,1,0,0,0
2025-05-05,S006,Crane,1,0,1.0,0.0,1.0,0.5,1.0,0.5773502691896257,0.0,0,2025,5,2,19,4,4,0,0,1,1,1,1,0,1,1,0
2025-05-12,S006,Crane,0,0,1.0,1.0,0.0,0.5,1.0,0.5773502691896257,0.0,1,2025,5,2,20,2,2,0,0,1,0,0,1,0,0,1,1
2025-05-19,S006,Crane,0,0,0.0,1.0,0.0,0.5,1.0,0.5773502691896257,0.0,2,2025,5,2,21,2,2,0,0,1,0,0,1,0,0,0,1
2025-05-26,S006,Crane,0,0,0.0,0.0,1.0,0.25,1.0,0.5,-1.0,3,2025,5,2,22,2,2,1,0,0,0,0,1,0,0,0,0
2025-06-02,S006,Crane,0,0,0.0,0.0,1.0,0.0,0.0,0.0,-1.0,4,2025,6,2,23,2,2,1,1,0,0,0,0,0,0,0,0
2025-06-09,S006,Crane,0,2,0.0,0.0,0.0,0.0,0.0,0.0,0.0,5,2025,6,2,24,1,1,0,1,0,0,0,0,0,0,0,0
2025-06-16,S006,Crane,2,2,0.0,0.0,0.0,0.5,2.0,1.0,2.0,0,2025,6,2,25,3,2,1,0,0,2,0,0,2,0,0,0
2025-06-23,S006,Crane,2,1,2.0,0.0,0.0,1.0,2.0,1.1547005383792515,2.0,0,2025,6,2,26,4,3,1,0,1,2,0,0,0,1,2,0
2025-06-30,S006,Crane,1,0,2.0,2.0,0.0,1.25,2.0,0.9574271077563382,1.0,0,2025,6,2,27,4,3,2,0,1,1,0,0,0,1,2,1
2025-07-07,S006,Crane,0,0,1.0,2.0,0.0,1.25,2.0,0.9574271077563382,0.0,1,2025,7,3,28,4,3,2,0,1,0,0,1,0,0,0,2
2025-07-14,S006,Crane,0,0,0.0,1.0,2.0,0.75,2.0,0.9574271077563382,-2.0,2,2025,7,3,29,4,3,2,0,1,0,0,1,0,0,0,1
2025-07-21,S006,Crane,0,0,0.0,0.0,2.0,0.25,1.0,0.5000000000000001,-2.0,3,2025,7,3,30,4,3,2,1,1,0,0,0,0,0,0,0
2025-07-28,S006,Crane,0,0,0.0,0.0,1.0,0.0,0.0,0.0,-1.0,4,2025,7,3,31,4,3,2,1,0,0,1,0,0,0,0,0
2025-08-04,S006,Crane,0,0,0.0,0.0,0.0,0.0,0.0,0.0,0.0,5,2025,8,3,32,6,4,2,1,2,0,1,0,0,0,0,0
2025-08-11,S006,Crane,0,0,0.0,0.0,0.0,0.0,0.0,0.0,0.0,6,2025,8,3,33,7,5,1,1,2,0,2,1,0,0,0,0
2025-08-18,S006,Crane,0,0,0.0,0.0,0.0,0.0,0.0,0.0,0.0,7,2025,8,3,34,5,4,1,0,1,0,2,1,0,0,0,0
2025-08-25,S006,Crane,0,1,0.0,0.0,0.0,0.0,0.0,0.0,0.0,8,2025,8,3,35,4,4,1,1,1,0,1,0,0,0,0,0
2025-09-01,S006,Crane,1,1,0.0,0.0,0.0,0.25,1.0,0.5,1.0,0,2025,9,3,36,6,5,1,1,1,1,2,0,1,0,0,0
2025-09-08,S006,Crane,1,0,1.0,0.0,0.0,0.5,1.0,0.5773502691896257,1.0,0,2025,9,3,37,5,3,0,2,0,1,2,0,0,1,1,0
2025-09-15,S006,Crane,0,0,1.0,1.0,0.0,0.5,1.0,0.5773502691896257,0.0,1,2025,9,3,38,5,3,2,2,0,0,1,0,0,0,1,1
2025-09-22,S006,Crane,0,0,0.0,1.0,0.0,0.5,1.0,0.5773502691896257,0.0,2,2025,9,3,39,6,4,2,2,1,0,1,0,0,0,0,1
2025-09-29,S006,Crane,0,1,0.0,0.0,1.0,0.25,1.0,0.5,-1.0,3,2025,9,3,40,4,3,1,2,1,0,0,0,0,0,0,0
2025-10-06,S006,Crane,1,1,0.0,0.0,1.0,0.25,1.0,0.5,0.0,0,2025,10,4,41,5,5,1,1,1,1,0,1,1,0,0,0
2025-10-13,S006,Crane,1,0,1.0,0.0,0.0,0.5,1.0,0.5773502691896257,1.0,0,2025,10,4,42,5,5,1,0,1,1,1,1,0,1,1,0
2025-10-20,S006,Crane,0,0,1.0,1.0,0.0,0.5,1.0,0.5773502691896257,0.0,1,2025,10,4,43,2,2,1,0,0,0,1,0,0,0,1,1
2025-10-27,S006,Crane,0,1,0.0,1.0,0.0,0.5,1.0,0.5773502691896257,0.0,2,2025,10,4,44,2,2,1,1,0,0,0,0,0,0,0,1
2025-11-03,S006,Crane,1,1,0.0,0.0,1.0,0.5,1.0,0.5773502691896257,0.0,0,2025,11,4,45,3,3,1,1,0,1,0,0,1,0,0,0
2025-11-10,S006,Crane,1,0,1.0,0.0,1.0,0.5,1.0,0.5773502691896257,0.0,0,2025,11,4,46,4,4,1,0,1,1,1,0,0,1,1,0
2025-11-17,S006,Crane,0,1,1.0,1.0,0.0,0.5,1.0,0.5773502691896257,0.0,1,2025,11,4,47,3,3,1,0,1,0,1,0,0,0,1,1
2025-11-24,S006,Crane,1,1,0.0,1.0,0.0,0.75,1.0,0.5,1.0,0,2025,11,4,48,2,2,0,0,0,1,0,1,1,0,0,1
2025-12-01,S006,Crane,1,1,1.0,0.0,1.0,0.75,1.0,0.5,0.0,0,2025,12,4,49,2,2,0,0,0,1,0,1,0,0,1,0
2025-12-08,S006,Crane,1,1,1.0,1.0,1.0,0.75,1.0,0.5,0.0,0,2025,12,4,50,2,2,0,1,0,1,0,0,0,0,1,0
2025-12-15,S006,Crane,1,0,1.0,1.0,0.0,1.0,1.0,0.0,1.0,0,2025,12,4,51,2,2,0,1,0,1,0,0,0,1,0,0
2024-01-01,S006,Excavator,0,0,0.0,0.0,0.0,0.0,0.0,0.0,0.0,1,2024,1,1,1,1,1,0,0,0,0,0,1,0,0,0,0
2024-01-08,S006,Excavator,0,0,0.0,0.0,0.0,0.0,0.0,0.0,0.0,2,2024,1,1,2,2,2,0,0,0,0,1,1,0,0,0,0
2024-01-15,S006,Excavator,0,0,0.0,0.0,0.0,0.0,0.0,0.0,0.0,3,2024,1,1,3,2,2,0,0,0,0,1,1,0,0,0,0
2024-01-22,S006,Excavator,0,0,0.0,0.0,0.0,0.0,0.0,0.0,0.0,4,2024,1,1,4,2,2,0,0,0,0,1,1,0,0,0,0
2024-01-29,S006,Excavator,0,0,0.0,0.0,0.0,0.0,0.0,0.0,0.0,5,2024,1,1,5,1,1,0,0,0,0,1,0,0,0,0,0
2024-02-05,S006,Excavator,0,1,0.0,0.0,0.0,0.0,0.0,0.0,0.0,6,2024,2,1,6,1,1,0,0,0,0,1,0,0,0,0,0
2024-02-12,S006,Excavator,1,2,0.0,0.0,0.0,0.25,1.0,0.5,1.0,0,2024,2,1,7,1,1,1,0,0,0,0,0,1,0,0,0
2024-02-19,S006,Excavator,2,3,1.0,0.0,0.0,0.75,2.0,0.9574271077563381,2.0,0,2024,2,1,8,5,2,2,3,0,0,0,0,1,0,1,0
2024-02-26,S006,Excavator,3,3,2.0,1.0,0.0,1.5,3.0,1.2909944487358056,3.0,0,2024,2,1,9,7,3,3,3,1,0,0,0,1,0,2,0
2024-03-04,S006,Excavator,3,3,3.0,2.0,0.0,2.25,3.0,0.9574271077563381,3.0,0,2024,3,1,10,7,4,3,1,1,0,0,2,0,0,2,0
2024-03-11,S006,Excavator,3,2,3.0,3.0,1.0,2.75,3.0,0.5000000000000001,2.0,0,2024,3,1,11,6,3,3,1,0,0,0,2,0,1,1,0
2024-03-18,S006,Excavator,2,2,3.0,3.0,2.0,2.75,3.0,0.5,0.0,0,2024,3,1,12,3,2,2,0,1,0,0,0,0,1,0,1
2024-03-25,S006,Excavator,2,2,2.0,3.0,3.0,2.5,3.0,0.5773502691896257,-1.0,0,2024,3,1,13,4,3,2,0,1,0,1,0,1,0,0,2
2024-04-01,S006,Excavator,2,2,2.0,2.0,3.0,2.25,3.0,0.5,-1.0,0,2024,4,2,14,8,4,2,1,0,3,2,0,0,0,1,1
2024-04-08,S006,Excavator,2,1,2.0,2.0,3.0,2.0,2.0,0.0,-1.0,0,2024,4,2,15,9,5,2,1,0,3,2,1,0,1,1,0
2024-04-15,S006,Excavator,1,2,2.0,2.0,2.0,1.75,2.0,0.5,-1.0,0,2024,4,2,16,4,4,1,0,1,0,1,1,0,0,0,1
2024-04-22,S006,Excavator,2,2,1.0,2.0,2.0,1.75,2.0,0.5,0.0,0,2024,4,2,17,4,3,2,0,1,0,1,0,1,0,0,1
2024-04-29,S006,Excavator,2,1,2.0,1.0,2.0,1.75,2.0,0.5,0.0,0,2024,4,2,18,4,3,2,0,1,0,1,0,0,1,1,0
2024-05-06,S006,Excavator,1,0,2.0,2.0,2.0,1.5,2.0,0.5773502691896257,-1.0,0,2024,5,2,19,4,3,1,2,1,0,0,0,0,1,1,1
2024-05-13,S006,Excavator,0,0,1.0,2.0,1.0,1.25,2.0,0.9574271077563381,-1.0,1,2024,5,2,20,3,2,0,2,1,0,0,0,0,0,0,2
2024-05-20,S006,Excavator,0,0,0.0,1.0,2.0,0.75,2.0,0.9574271077563381,-2.0,2,2024,5,2,21,1,1,0,1,0,0,0,0,0,0,0,1
2024-05-27,S006,Excavator,0,0,0.0,0.0,2.0,0.25,1.0,0.49999999999999994,-2.0,3,2024,5,2,22,1,1,0,1,0,0,0,0,0,0,0,0
2024-06-03,S006,Excavator,0,0,0.0,0.0,1.0,0.0,0.0,0.0,-1.0,4,2024,6,2,23,1,1,0,1,0,0,0,0,0,0,0,0
2024-06-10,S006,Excavator,0,0,0.0,0.0,0.0,0.0,0.0,0.0,0.0,5,2024,6,2,24,2,2,0,1,0,0,1,0,0,0,0,0
2024-06-17,S006,Excavator,0,0,0.0,0.0,0.0,0.0,0.0,0.0,0.0,6,2024,6,2,25,1,1,0,0,0,0,1,0,0,0,0,0
2024-06-24,S006,Excavator,0,0,0.0,0.0,0.0,0.0,0.0,0.0,0.0,7,2024,6,2,26,2,2,0,0,1,0,1,0,0,0,0,0
2024-07-01,S006,Excavator,0,0,0.0,0.0,0.0,0.0,0.0,0.0,0.0,8,2024,7,3,27,1,1,0,0,1,0,0,0,0,0,0,0
2024-07-08,S006,Excavator,0,0,0.0,0.0,0.0,0.0,0.0,0.0,0.0,9,2024,7,3,28,3,2,0,0,1,0,0,2,0,0,0,0
2024-07-15,S006,Excavator,0,1,0.0,0.0,0.0,0.0,0.0,0.0,0.0,10,2024,7,3,29,3,2,0,0,1,0,0,2,0,0,0,0
2024-07-22,S006,Excavator,1,1,0.0,0.0,0.0,0.25,1.0,0.5,1.0,0,2024,7,3,30,3,3,1,0,1,0,0,1,1,0,0,0
2024-07-29,S006,Excavator,1,1,1.0,0.0,0.0,0.5,1.0,0.5773502691896257,1.0,0,2024,7,3,31,3,3,1,0,1,0,0,1,0,0,1,0
2024-08-05,S006,Excavator,1,0,1.0,1.0,0.0,0.75,1.0,0.5,1.0,0,2024,8,3,32,3,3,1,1,1,0,0,0,0,1,1,0
2024-08-12,S006,Excavator,0,1,1.0,1.0,0.0,0.75,1.0,0.5,0.0,1,2024,8,3,33,1,1,0,1,0,0,0,0,0,0,0,1
2024-08-19,S006,Excavator,1,1,0.0,1.0,1.0,0.75,1.0,0.5,0.0,0,2024,8,3,34,1,1,1,0,0,0,0,0,1,0,0,1
2024-08-26,S006,Excavator,1,0,1.0,0.0,1.0,0.75,1.0,0.5,0.0,0,2024,8,3,35,3,3,1,1,0,0,1,0,0,1,1,0
2024-09-02,S006,Excavator,0,0,1.0,1.0,1.0,0.5,1.0,0.5773502691896257,-1.0,1,2024,9,3,36,2,2,0,1,0,0,1,0,0,0,1,1
2024-09-09,S006,Excavator,0,0,0.0,1.0,0.0,0.5,1.0,0.5773502691896257,0.0,2,2024,9,3,37,0,0,0,0,0,0,0,0,0,0,0,1
2024-09-16,S006,Excavator,0,0,0.0,0.0,1.0,0.25,1.0,0.5,-1.0,3,2024,9,3,38,0,0,0,0,0,0,0,0,0,0,0,0
2024-09-23,S006,Excavator,0,0,0.0,0.0,1.0,0.0,0.0,0.0,-1.0,4,2024,9,3,39,1,1,0,0,0,0,1,0,0,0,0,0
2024-09-30,S006,Excavator,0,0,0.0,0.0,0.0,0.0,0.0,0.0,0.0,5,2024,9,3,40,3,3,0,0,1,0,1,1,0,0,0,0
2024-10-07,S006,Excavator,0,1,0.0,0.0,0.0,0.0,0.0,0.0,0.0,6,2024,10,4,41,3,3,0,0,1,1,0,1,0,0,0,0
2024-10-14,S006,Excavator,1,1,0.0,0.0,0.0,0.25,1.0,0.5,1.0,0,2024,10,4,42,3,3,1,0,1,1,0,0,1,0,0,0
2024-10-21,S006,Excavator,1,0,1.0,0.0,0.0,0.5,1.0,0.5773502691896257,1.0,0,2024,10,4,43,4,3,1,0,2,0,1,0,0,1,1,0
2024-10-28,S006,Excavator,0,2,1.0,1.0,0.0,0.5,1.0,0.5773502691896257,0.0,1,2024,10,4,44,3,2,0,0,2,0,1,0,0,0,1,1
2024-11-04,S006,Excavator,2,2,0.0,1.0,0.0,1.0,2.0,0.816496580927726,2.0,0,2024,11,4,45,5,3,2,0,2,0,0,1,2,0,0,1
2024-11-11,S006,Excavator,2,0,2.0,0.0,1.0,1.25,2.0,0.9574271077563381,1.0,0,2024,11,4,46,6,4,2,2,0,1,0,1,0,2,2,0
2024-11-18,S006,Excavator,0,1,2.0,2.0,1.0,1.0,2.0,1.1547005383792515,-1.0,1,2024,11,4,47,4,3,0,2,0,1,1,0,0,0,2,2
2024-11-25,S006,Excavator,1,1,0.0,2.0,0.0,1.25,2.0,0.9574271077563382,1.0,0,2024,11,4,48,5,4,1,2,1,0,1,0,1,0,0,2
2024-12-02,S006,Excavator,1,1,1.0,0.0,2.0,1.0,2.0,0.8164965809277261,-1.0,0,2024,12,4,49,4,4,1,1,1,0,0,1,0,0,1,0
2024-12-09,S006,Excavator,1,0,1.0,1.0,2.0,0.75,1.0,0.5000000000000001,-1.0,0,2024,12,4,50,3,3,1,0,1,0,0,1,0,1,1,0
2024-12-16,S006,Excavator,0,1,1.0,1.0,0.0,0.75,1.0,0.5,0.0,1,2024,12,4,51,4,3,0,0,1,1,2,0,0,0,0,1
2024-12-23,S006,Excavator,1,1,0.0,1.0,1.0,0.75,1.0,0.5,0.0,0,2024,12,4,52,5,4,1,0,1,1,2,0,1,0,0,1
2024-12-30,S006,Excavator,1,0,1.0,0.0,1.0,0.75,1.0,0.5,0.0,0,2024,12,4,1,3,3,1,0,1,0,1,0,0,1,1,0
2025-01-06,S006,Excavator,0,0,1.0,1.0,1.0,0.5,1.0,0.5773502691896257,-1.0,1,2025,1,1,2,3,3,0,0,1,0,1,1,0,0,1,1
2025-01-13,S006,Excavator,0,0,0.0,1.0,0.0,0.5,1.0,0.5773502691896257,0.0,2,2025,1,1,3,2,2,0,0,0,0,1,1,0,0,0,1
2025-01-20,S006,Excavator,0,2,0.0,0.0,1.0,0.25,1.0,0.5,-1.0,3,2025,1,1,4,1,1,0,0,0,0,1,0,0,0,0,0
2025-01-27,S006,Excavator,2,2,0.0,0.0,1.0,0.5,2.0,1.0,1.0,0,2025,1,1,5,4,3,2,0,1,0,1,0,2,0,0,0
2025-02-03,S006,Excavator,2,1,2.0,0.0,0.0,1.0,2.0,1.1547005383792515,2.0,0,2025,2,1,6,3,2,2,0,1,0,0,0,0,1,2,0
2025-02-10,S006,Excavator,1,1,2.0,2.0,0.0,1.25,2.0,0.9574271077563382,1.0,0,2025,2,1,7,2,2,1,1,0,0,0,0,0,1,2,1
2025-02-17,S006,Excavator,1,1,1.0,2.0,0.0,1.5,2.0,0.5773502691896258,1.0,0,2025,2,1,8,3,3,1,1,0,0,0,1,1,0,0,2
2025-02-24,S006,Excavator,1,1,1.0,1.0,2.0,1.25,2.0,0.5000000000000001,-1.0,0,2025,2,1,9,4,4,1,1,1,0,0,1,0,0,1,1
2025-03-03,S006,Excavator,1,0,1.0,1.0,2.0,1.0,1.0,0.0,-1.0,0,2025,3,1,10,4,4,1,1,1,0,0,1,0,1,1,0
2025-03-10,S006,Excavator,0,0,1.0,1.0,1.0,0.75,1.0,0.5,-1.0,1,2025,3,1,11,2,2,0,0,1,0,0,1,0,0,0,1
2025-03-17,S006,Excavator,0,0,0.0,1.0,1.0,0.5,1.0,0.5773502691896257,-1.0,2,2025,3,1,12,2,2,0,0,1,1,0,0,0,0,0,1
2025-03-24,S006,Excavator,0,0,0.0,0.0,1.0,0.25,1.0,0.5,-1.0,3,2025,3,1,13,1,1,0,0,0,1,0,0,0,0,0,0
2025-03-31,S006,Excavator,0,0,0.0,0.0,1.0,0.0,0.0,0.0,-1.0,4,2025,3,1,14,1,1,0,0,0,1,0,0,0,0,0,0
2025-04-07,S006,Excavator,0,1,0.0,0.0,0.0,0.0,0.0,0.0,0.0,5,2025,4,2,15,5,3,0,0,0,1,1,3,0,0,0,0
2025-04-14,S006,Excavator,1,1,0.0,0.0,0.0,0.25,1.0,0.5,1.0,0,2025,4,2,16,5,3,1,0,0,0,1,3,1,0,0,0
2025-04-21,S006,Excavator,1,0,1.0,0.0,0.0,0.5,1.0,0.5773502691896257,1.0,0,2025,4,2,17,6,3,1,2,0,0,0,3,0,1,1,0
2025-04-28,S006,Excavator,0,0,1.0,1.0,0.0,0.5,1.0,0.5773502691896257,0.0,1,2025,4,2,18,7,5,0,2,1,1,1,2,0,0,1,1
2025-05-05,S006,Excavator,0,0,0.0,1.0,0.0,0.5,1.0,0.5773502691896257,0.0,2,2025,5,2,19,4,4,0,0,1,1,1,1,0,0,0,1
2025-05-12,S006,Excavator,0,0,0.0,0.0,1.0,0.25,1.0,0.5,-1.0,3,2025,5,2,20,2,2,0,0,1,0,0,1,0,0,0,0
2025-05-19,S006,Excavator,0,1,0.0,0.0,1.0,0.0,0.0,0.0,-1.0,4,2025,5,2,21,2,2,0,0,1,0,0,1,0,0,0,0
2025-05-26,S006,Excavator,1,1,0.0,0.0,0.0,0.25,1.0,0.5,1.0,0,2025,5,2,22,2,2,1,0,0,0,0,1,1,0,0,0
2025-06-02,S006,Excavator,1,0,1.0,0.0,0.0,0.5,1.0,0.5773502691896257,1.0,0,2025,6,2,23,2,2,1,1,0,0,0,0,0,1,1,0
2025-06-09,S006,Excavator,0,1,1.0,1.0,0.0,0.5,1.0,0.5773502691896257,0.0,1,2025,6,2,24,1,1,0,1,0,0,0,0,0,0,1,1
2025-06-16,S006,Excavator,1,1,0.0,1.0,0.0,0.75,1.0,0.5,1.0,0,2025,6,2,25,3,2,1,0,0,2,0,0,1,0,0,1
2025-06-23,S006,Excavator,1,2,1.0,0.0,1.0,0.75,1.0,0.5,0.0,0,2025,6,2,26,4,3,1,0,1,2,0,0,0,0,1,0
2025-06-30,S006,Excavator,2,2,1.0,1.0,1.0,1.0,2.0,0.816496580927726,1.0,0,2025,6,2,27,4,3,2,0,1,1,0,0,1,0,1,0
2025-07-07,S006,Excavator,2,2,2.0,1.0,0.0,1.5,2.0,0.5773502691896257,2.0,0,2025,7,3,28,4,3,2,0,1,0,0,1,0,1,1,0
2025-07-14,S006,Excavator,2,2,2.0,2.0,1.0,1.75,2.0,0.5,1.0,0,2025,7,3,29,4,3,2,0,1,0,0,1,1,0,1,1
2025-07-21,S006,Excavator,2,2,2.0,2.0,1.0,2.0,2.0,0.0,1.0,0,2025,7,3,30,4,3,2,1,1,0,0,0,0,1,1,1
2025-07-28,S006,Excavator,2,2,2.0,2.0,2.0,2.0,2.0,0.0,0.0,0,2025,7,3,31,4,3,2,1,0,0,1,0,1,0,1,1
2025-08-04,S006,Excavator,2,1,2.0,2.0,2.0,2.0,2.0,0.0,0.0,0,2025,8,3,32,6,4,2,1,2,0,1,0,0,1,1,1
2025-08-11,S006,Excavator,1,1,2.0,2.0,2.0,1.75,2.0,0.5,-1.0,0,2025,8,3,33,7,5,1,1,2,0,2,1,0,0,1,1
2025-08-18,S006,Excavator,1,1,1.0,2.0,2.0,1.5,2.0,0.5773502691896257,-1.0,0,2025,8,3,34,5,4,1,0,1,0,2,1,0,0,0,1
2025-08-25,S006,Excavator,1,1,1.0,1.0,2.0,1.25,2.0,0.5,-1.0,0,2025,8,3,35,4,4,1,1,1,0,1,0,0,0,0,0
2025-09-01,S006,Excavator,1,0,1.0,1.0,2.0,1.0,1.0,0.0,-1.0,0,2025,9,3,36,6,5,1,1,1,1,2,0,0,1,0,0
2025-09-08,S006,Excavator,0,2,1.0,1.0,1.0,0.75,1.0,0.5,-1.0,1,2025,9,3,37,5,3,0,2,0,1,2,0,0,0,0,1
2025-09-15,S006,Excavator,2,2,0.0,1.0,1.0,1.0,2.0,0.816496580927726,1.0,0,2025,9,3,38,5,3,2,2,0,0,1,0,2,0,0,1
2025-09-22,S006,Excavator,2,1,2.0,0.0,1.0,1.25,2.0,0.9574271077563381,1.0,0,2025,9,3,39,6,4,2,2,1,0,1,0,0,1,2,0
2025-09-29,S006,Excavator,1,1,2.0,2.0,1.0,1.25,2.0,0.9574271077563381,0.0,0,2025,9,3,40,4,3,1,2,1,0,0,0,0,1,2,1
2025-10-06,S006,Excavator,1,1,1.0,2.0,0.0,1.5,2.0,0.5773502691896257,1.0,0,2025,10,4,41,5,5,1,1,1,1,0,1,1,0,0,2
2025-10-13,S006,Excavator,1,1,1.0,1.0,2.0,1.25,2.0,0.4999999999999999,-1.0,0,2025,10,4,42,5,5,1,0,1,1,1,1,0,1,1,1
2025-10-20,S006,Excavator,1,1,1.0,1.0,2.0,1.0,1.0,0.0,-1.0,0,2025,10,4,43,2,2,1,0,0,0,1,0,1,0,1,1
2025-10-27,S006,Excavator,1,1,1.0,1.0,1.0,1.0,1.0,0.0,0.0,0,2025,10,4,44,2,2,1,1,0,0,0,0,0,0,1,1
2025-11-03,S006,Excavator,1,1,1.0,1.0,1.0,1.0,1.0,0.0,0.0,0,2025,11,4,45,3,3,1,1,0,1,0,0,0,0,1,0
2025-11-10,S006,Excavator,1,1,1.0,1.0,1.0,1.0,1.0,0.0,0.0,0,2025,11,4,46,4,4,1,0,1,1,1,0,0,0,0,0
2025-11-17,S006,Excavator,1,0,1.0,1.0,1.0,1.0,1.0,0.0,0.0,0,2025,11,4,47,3,3,1,0,1,0,1,0,0,1,0,0
2025-11-24,S006,Excavator,0,0,1.0,1.0,1.0,0.75,1.0,0.5,-1.0,1,2025,11,4,48,2,2,0,0,0,1,0,1,0,0,0,1
2025-12-01,S006,Excavator,0,0,0.0,1.0,1.0,0.5,1.0,0.5773502691896257,-1.0,2,2025,12,4,49,2,2,0,0,0,1,0,1,0,0,0,1
2025-12-08,S006,Excavator,0,0,0.0,0.0,1.0,0.25,1.0,0.5,-1.0,3,2025,12,4,50,2,2,0,1,0,1,0,0,0,0,0,0
2025-12-15,S006,Excavator,0,0,0.0,0.0,1.0,0.0,0.0,0.0,-1.0,4,2025,12,4,51,2,2,0,1,0,1,0,0,0,0,0,0
2024-01-01,S006,Grader,0,0,0.0,0.0,0.0,0.0,0.0,0.0,0.0,1,2024,1,1,1,1,1,0,0,0,0,0,1,0,0,0,0
2024-01-08,S006,Grader,0,0,0.0,0.0,0.0,0.0,0.0,0.0,0.0,2,2024,1,1,2,2,2,0,0,0,0,1,1,0,0,0,0
2024-01-15,S006,Grader,0,0,0.0,0.0,0.0,0.0,0.0,0.0,0.0,3,2024,1,1,3,2,2,0,0,0,0,1,1,0,0,0,0
2024-01-22,S006,Grader,0,0,0.0,0.0,0.0,0.0,0.0,0.0,0.0,4,2024,1,1,4,2,2,0,0,0,0,1,1,0,0,0,0
2024-01-29,S006,Grader,0,0,0.0,0.0,0.0,0.0,0.0,0.0,0.0,5,2024,1,1,5,1,1,0,0,0,0,1,0,0,0,0,0
2024-02-05,S006,Grader,0,0,0.0,0.0,0.0,0.0,0.0,0.0,0.0,6,2024,2,1,6,1,1,0,0,0,0,1,0,0,0,0,0
2024-02-12,S006,Grader,0,0,0.0,0.0,0.0,0.0,0.0,0.0,0.0,7,2024,2,1,7,1,1,1,0,0,0,0,0,0,0,0,0
2024-02-19,S006,Grader,0,1,0.0,0.0,0.0,0.0,0.0,0.0,0.0,8,2024,2,1,8,5,2,2,3,0,0,0,0,0,0,0,0
2024-02-26,S006,Grader,1,1,0.0,0.0,0.0,0.25,1.0,0.5,1.0,0,2024,2,1,9,7,3,3,3,1,0,0,0,1,0,0,0
2024-03-04,S006,Grader,1,0,1.0,0.0,0.0,0.5,1.0,0.5773502691896257,1.0,0,2024,3,1,10,7,4,3,1,1,0,0,2,0,1,1,0
2024-03-11,S006,Grader,0,1,1.0,1.0,0.0,0.5,1.0,0.5773502691896257,0.0,1,2024,3,1,11,6,3,3,1,0,0,0,2,0,0,1,1
2024-03-18,S006,Grader,1,1,0.0,1.0,0.0,0.75,1.0,0.5,1.0,0,2024,3,1,12,3,2,2,0,1,0,0,0,1,0,0,1
2024-03-25,S006,Grader,1,0,1.0,0.0,1.0,0.75,1.0,0.5,0.0,0,2024,3,1,13,4,3,2,0,1,0,1,0,0,1,1,0
2024-04-01,S006,Grader,0,0,1.0,1.0,1.0,0.5,1.0,0.5773502691896257,-1.0,1,2024,4,2,14,8,4,2,1,0,3,2,0,0,0,1,1
2024-04-08,S006,Grader,0,1,0.0,1.0,0.0,0.5,1.0,0.5773502691896257,0.0,2,2024,4,2,15,9,5,2,1,0,3,2,1,0,0,0,1
2024-04-15,S006,Grader,1,1,0.0,0.0,1.0,0.5,1.0,0.5773502691896257,0.0,0,2024,4,2,16,4,4,1,0,1,0,1,1,1,0,0,0
2024-04-22,S006,Grader,1,1,1.0,0.0,1.0,0.5,1.0,0.5773502691896257,0.0,0,2024,4,2,17,4,3,2,0,1,0,1,0,0,0,1,0
2024-04-29,S006,Grader,1,1,1.0,1.0,0.0,0.75,1.0,0.5,1.0,0,2024,4,2,18,4,3,2,0,1,0,1,0,0,0,1,0
2024-05-06,S006,Grader,1,1,1.0,1.0,0.0,1.0,1.0,0.0,1.0,0,2024,5,2,19,4,3,1,2,1,0,0,0,0,0,0,0
2024-05-13,S006,Grader,1,0,1.0,1.0,1.0,1.0,1.0,0.0,0.0,0,2024,5,2,20,3,2,0,2,1,0,0,0,0,1,0,0
2024-05-20,S006,Grader,0,0,1.0,1.0,1.0,0.75,1.0,0.5,-1.0,1,2024,5,2,21,1,1,0,1,0,0,0,0,0,0,0,1
2024-05-27,S006,Grader,0,0,0.0,1.0,1.0,0.5,1.0,0.5773502691896257,-1.0,2,2024,5,2,22,1,1,0,1,0,0,0,0,0,0,0,1
2024-06-03,S006,Grader,0,0,0.0,0.0,1.0,0.25,1.0,0.5,-1.0,3,2024,6,2,23,1,1,0,1,0,0,0,0,0,0,0,0
2024-06-10,S006,Grader,0,0,0.0,0.0,1.0,0.0,0.0,0.0,-1.0,4,2024,6,2,24,2,2,0,1,0,0,1,0,0,0,0,0
2024-06-17,S006,Grader,0,1,0.0,0.0,0.0,0.0,0.0,0.0,0.0,5,2024,6,2,25,1,1,0,0,0,0,1,0,0,0,0,0
2024-06-24,S006,Grader,1,1,0.0,0.0,0.0,0.25,1.0,0.5,1.0,0,2024,6,2,26,2,2,0,0,1,0,1,0,1,0,0,0
2024-07-01,S006,Grader,1,1,1.0,0.0,0.0,0.5,1.0,0.5773502691896257,1.0,0,2024,7,3,27,1,1,0,0,1,0,0,0,0,1,1,0
2024-07-08,S006,Grader,1,1,1.0,1.0,0.0,0.75,1.0,0.5,1.0,0,2024,7,3,28,3,2,0,0,1,0,0,2,1,0,1,1
2024-07-15,S006,Grader,1,1,1.0,1.0,0.0,1.0,1.0,0.0,1.0,0,2024,7,3,29,3,2,0,0,1,0,0,2,0,0,1,1
2024-07-22,S006,Grader,1,1,1.0,1.0,1.0,1.0,1.0,0.0,0.0,0,2024,7,3,30,3,3,1,0,1,0,0,1,0,0,1,0
2024-07-29,S006,Grader,1,1,1.0,1.0,1.0,1.0,1.0,0.0,0.0,0,2024,7,3,31,3,3,1,0,1,0,0,1,0,0,0,0
2024-08-05,S006,Grader,1,0,1.0,1.0,1.0,1.0,1.0,0.0,0.0,0,2024,8,3,32,3,3,1,1,1,0,0,0,0,1,0,0
2024-08-12,S006,Grader,0,0,1.0,1.0,1.0,0.75,1.0,0.5,-1.0,1,2024,8,3,33,1,1,0,1,0,0,0,0,0,0,0,1
2024-08-19,S006,Grader,0,0,0.0,1.0,1.0,0.5,1.0,0.5773502691896257,-1.0,2,2024,8,3,34,1,1,1,0,0,0,0,0,0,0,0,1
2024-08-26,S006,Grader,0,0,0.0,0.0,1.0,0.25,1.0,0.5,-1.0,3,2024,8,3,35,3,3,1,1,0,0,1,0,0,0,0,0
2024-09-02,S006,Grader,0,0,0.0,0.0,1.0,0.0,0.0,0.0,-1.0,4,2024,9,3,36,2,2,0,1,0,0,1,0,0,0,0,0
2024-09-09,S006,Grader,0,0,0.0,0.0,0.0,0.0,0.0,0.0,0.0,5,2024,9,3,37,0,0,0,0,0,0,0,0,0,0,0,0
2024-09-16,S006,Grader,0,0,0.0,0.0,0.0,0.0,0.0,0.0,0.0,6,2024,9,3,38,0,0,0,0,0,0,0,0,0,0,0,0
2024-09-23,S006,Grader,0,1,0.0,0.0,0.0,0.0,0.0,0.0,0.0,7,2024,9,3,39,1,1,0,0,0,0,1,0,0,0,0,0
2024-09-30,S006,Grader,1,1,0.0,0.0,0.0,0.25,1.0,0.5,1.0,0,2024,9,3,40,3,3,0,0,1,0,1,1,1,0,0,0
2024-10-07,S006,Grader,1,1,1.0,0.0,0.0,0.5,1.0,0.5773502691896257,1.0,0,2024,10,4,41,3,3,0,0,1,1,0,1,0,0,1,0
2024-10-14,S006,Grader,1,2,1.0,1.0,0.0,0.75,1.0,0.5,1.0,0,2024,10,4,42,3,3,1,0,1,1,0,0,0,0,1,0
2024-10-21,S006,Grader,2,2,1.0,1.0,0.0,1.25,2.0,0.5,2.0,0,2024,10,4,43,4,3,1,0,2,0,1,0,1,0,0,0
2024-10-28,S006,Grader,2,2,2.0,1.0,1.0,1.5,2.0,0.5773502691896257,1.0,0,2024,10,4,44,3,2,0,0,2,0,1,0,0,0,1,0
2024-11-04,S006,Grader,2,0,2.0,2.0,1.0,1.75,2.0,0.5,1.0,0,2024,11,4,45,5,3,2,0,2,0,0,1,0,2,1,0
2024-11-11,S006,Grader,0,0,2.0,2.0,1.0,1.5,2.0,1.0,-1.0,1,2024,11,4,46,6,4,2,2,0,1,0,1,0,0,0,2
2024-11-18,S006,Grader,0,1,0.0,2.0,2.0,1.0,2.0,1.1547005383792515,-2.0,2,2024,11,4,47,4,3,0,2,0,1,1,0,0,0,0,2
2024-11-25,S006,Grader,1,1,0.0,0.0,2.0,0.75,2.0,0.9574271077563382,-1.0,0,2024,11,4,48,5,4,1,2,1,0,1,0,1,0,0,0
2024-12-02,S006,Grader,1,1,1.0,0.0,2.0,0.5,1.0,0.5773502691896258,-1.0,0,2024,12,4,49,4,4,1,1,1,0,0,1,0,0,1,0
2024-12-09,S006,Grader,1,1,1.0,1.0,0.0,0.75,1.0,0.5000000000000001,1.0,0,2024,12,4,50,3,3,1,0,1,0,0,1,0,0,1,0
2024-12-16,S006,Grader,1,1,1.0,1.0,0.0,1.0,1.0,0.0,1.0,0,2024,12,4,51,4,3,0,0,1,1,2,0,0,0,0,0
2024-12-23,S006,Grader,1,1,1.0,1.0,1.0,1.0,1.0,0.0,0.0,0,2024,12,4,52,5,4,1,0,1,1,2,0,0,0,0,0
2024-12-30,S006,Grader,1,1,1.0,1.0,1.0,1.0,1.0,0.0,0.0,0,2024,12,4,1,3,3,1,0,1,0,1,0,0,0,0,0
2025-01-06,S006,Grader,1,0,1.0,1.0,1.0,1.0,1.0,0.0,0.0,0,2025,1,1,2,3,3,0,0,1,0,1,1,0,1,0,0
2025-01-13,S006,Grader,0,0,1.0,1.0,1.0,0.75,1.0,0.5,-1.0,1,2025,1,1,3,2,2,0,0,0,0,1,1,0,0,0,1
2025-01-20,S006,Grader,0,1,0.0,1.0,1.0,0.5,1.0,0.5773502691896257,-1.0,2,2025,1,1,4,1,1,0,0,0,0,1,0,0,0,0,1
2025-01-27,S006,Grader,1,1,0.0,0.0,1.0,0.5,1.0,0.5773502691896257,0.0,0,2025,1,1,5,4,3,2,0,1,0,1,0,1,0,0,0
2025-02-03,S006,Grader,1,0,1.0,0.0,1.0,0.5,1.0,0.5773502691896257,0.0,0,2025,2,1,6,3,2,2,0,1,0,0,0,0,1,1,0
2025-02-10,S006,Grader,0,0,1.0,1.0,0.0,0.5,1.0,0.5773502691896257,0.0,1,2025,2,1,7,2,2,1,1,0,0,0,0,0,0,1,1
2025-02-17,S006,Grader,0,1,0.0,1.0,0.0,0.5,1.0,0.5773502691896257,0.0,2,2025,2,1,8,3,3,1,1,0,0,0,1,0,0,0,1
2025-02-24,S006,Grader,1,1,0.0,0.0,1.0,0.5,1.0,0.5773502691896257,0.0,0,2025,2,1,9,4,4,1,1,1,0,0,1,1,0,0,0
2025-03-03,S006,Grader,1,1,1.0,0.0,1.0,0.5,1.0,0.5773502691896257,0.0,0,2025,3,1,10,4,4,1,1,1,0,0,1,0,0,1,0
2025-03-10,S006,Grader,1,1,1.0,1.0,0.0,0.75,1.0,0.5,1.0,0,2025,3,1,11,2,2,0,0,1,0,0,1,0,0,1,0
2025-03-17,S006,Grader,1,0,1.0,1.0,0.0,1.0,1.0,0.0,1.0,0,2025,3,1,12,2,2,0,0,1,1,0,0,0,1,0,0
2025-03-24,S006,Grader,0,0,1.0,1.0,1.0,0.75,1.0,0.5,-1.0,1,2025,3,1,13,1,1,0,0,0,1,0,0,0,0,0,1
2025-03-31,S006,Grader,0,0,0.0,1.0,1.0,0.5,1.0,0.5773502691896257,-1.0,2,2025,3,1,14,1,1,0,0,0,1,0,0,0,0,0,1
2025-04-07,S006,Grader,0,0,0.0,0.0,1.0,0.25,1.0,0.5,-1.0,3,2025,4,2,15,5,3,0,0,0,1,1,3,0,0,0,0
2025-04-14,S006,Grader,0,0,0.0,0.0,1.0,0.0,0.0,0.0,-1.0,4,2025,4,2,16,5,3,1,0,0,0,1,3,0,0,0,0
2025-04-21,S006,Grader,0,1,0.0,0.0,0.0,0.0,0.0,0.0,0.0,5,2025,4,2,17,6,3,1,2,0,0,0,3,0,0,0,0
2025-04-28,S006,Grader,1,1,0.0,0.0,0.0,0.25,1.0,0.5,1.0,0,2025,4,2,18,7,5,0,2,1,1,1,2,1,0,0,0
2025-05-05,S006,Grader,1,1,1.0,0.0,0.0,0.5,1.0,0.5773502691896257,1.0,0,2025,5,2,19,4,4,0,0,1,1,1,1,0,1,1,0
2025-05-12,S006,Grader,1,1,1.0,1.0,0.0,0.75,1.0,0.5,1.0,0,2025,5,2,20,2,2,0,0,1,0,0,1,1,0,1,1
2025-05-19,S006,Grader,1,0,1.0,1.0,0.0,1.0,1.0,0.0,1.0,0,2025,5,2,21,2,2,0,0,1,0,0,1,0,1,1,1
2025-05-26,S006,Grader,0,0,1.0,1.0,1.0,0.75,1.0,0.5,-1.0,1,2025,5,2,22,2,2,1,0,0,0,0,1,0,0,1,1
2025-06-02,S006,Grader,0,0,0.0,1.0,1.0,0.5,1.0,0.5773502691896257,-1.0,2,2025,6,2,23,2,2,1,1,0,0,0,0,0,0,0,1
2025-06-09,S006,Grader,0,0,0.0,0.0,1.0,0.25,1.0,0.5,-1.0,3,2025,6,2,24,1,1,0,1,0,0,0,0,0,0,0,0
2025-06-16,S006,Grader,0,1,0.0,0.0,1.0,0.0,0.0,0.0,-1.0,4,2025,6,2,25,3,2,1,0,0,2,0,0,0,0,0,0
2025-06-23,S006,Grader,1,1,0.0,0.0,0.0,0.25,1.0,0.5,1.0,0,2025,6,2,26,4,3,1,0,1,2,0,0,1,0,0,0
2025-06-30,S006,Grader,1,1,1.0,0.0,0.0,0.5,1.0,0.5773502691896257,1.0,0,2025,6,2,27,4,3,2,0,1,1,0,0,0,0,1,0
2025-07-07,S006,Grader,1,1,1.0,1.0,0.0,0.75,1.0,0.5,1.0,0,2025,7,3,28,4,3,2,0,1,0,0,1,0,1,1,0
2025-07-14,S006,Grader,1,1,1.0,1.0,0.0,1.0,1.0,0.0,1.0,0,2025,7,3,29,4,3,2,0,1,0,0,1,1,0,0,1
2025-07-21,S006,Grader,1,0,1.0,1.0,1.0,1.0,1.0,0.0,0.0,0,2025,7,3,30,4,3,2,1,1,0,0,0,0,1,1,1
2025-07-28,S006,Grader,0,2,1.0,1.0,1.0,0.75,1.0,0.5,-1.0,1,2025,7,3,31,4,3,2,1,0,0,1,0,0,0,1,1
2025-08-04,S006,Grader,2,2,0.0,1.0,1.0,1.0,2.0,0.816496580927726,1.0,0,2025,8,3,32,6,4,2,1,2,0,1,0,2,0,0,1
2025-08-11,S006,Grader,2,1,2.0,0.0,1.0,1.25,2.0,0.9574271077563381,1.0,0,2025,8,3,33,7,5,1,1,2,0,2,1,0,2,2,0
2025-08-18,S006,Grader,1,1,2.0,2.0,1.0,1.25,2.0,0.9574271077563381,0.0,0,2025,8,3,34,5,4,1,0,1,0,2,1,1,0,2,2
2025-08-25,S006,Grader,1,1,1.0,2.0,0.0,1.5,2.0,0.5773502691896257,1.0,0,2025,8,3,35,4,4,1,1,1,0,1,0,0,0,1,2
2025-09-01,S006,Grader,1,0,1.0,1.0,2.0,1.25,2.0,0.4999999999999999,-1.0,0,2025,9,3,36,6,5,1,1,1,1,2,0,0,1,1,0
2025-09-08,S006,Grader,0,0,1.0,1.0,2.0,0.75,1.0,0.5,-2.0,1,2025,9,3,37,5,3,0,2,0,1,2,0,0,0,0,1
2025-09-15,S006,Grader,0,1,0.0,1.0,1.0,0.5,1.0,0.5773502691896257,-1.0,2,2025,9,3,38,5,3,2,2,0,0,1,0,0,0,0,1
2025-09-22,S006,Grader,1,1,0.0,0.0,1.0,0.5,1.0,0.5773502691896257,0.0,0,2025,9,3,39,6,4,2,2,1,0,1,0,1,0,0,0
2025-09-29,S006,Grader,1,1,1.0,0.0,1.0,0.5,1.0,0.5773502691896257,0.0,0,2025,9,3,40,4,3,1,2,1,0,0,0,0,0,1,0
2025-10-06,S006,Grader,1,1,1.0,1.0,0.0,0.75,1.0,0.5,1.0,0,2025,10,4,41,5,5,1,1,1,1,0,1,0,0,1,0
2025-10-13,S006,Grader,1,0,1.0,1.0,0.0,1.0,1.0,0.0,1.0,0,2025,10,4,42,5,5,1,0,1,1,1,1,0,1,0,0
2025-10-20,S006,Grader,0,0,1.0,1.0,1.0,0.75,1.0,0.5,-1.0,1,2025,10,4,43,2,2,1,0,0,0,1,0,0,0,0,1
2025-10-27,S006,Grader,0,0,0.0,1.0,1.0,0.5,1.0,0.5773502691896257,-1.0,2,2025,10,4,44,2,2,1,1,0,0,0,0,0,0,0,1
2025-11-03,S006,Grader,0,1,0.0,0.0,1.0,0.25,1.0,0.5,-1.0,3,2025,11,4,45,3,3,1,1,0,1,0,0,0,0,0,0
2025-11-10,S006,Grader,1,1,0.0,0.0,1.0,0.25,1.0,0.5,0.0,0,2025,11,4,46,4,4,1,0,1,1,1,0,1,0,0,0
2025-11-17,S006,Grader,1,0,1.0,0.0,0.0,0.5,1.0,0.5773502691896257,1.0,0,2025,11,4,47,3,3,1,0,1,0,1,0,0,1,1,0
2025-11-24,S006,Grader,0,0,1.0,1.0,0.0,0.5,1.0,0.5773502691896257,0.0,1,2025,11,4,48,2,2,0,0,0,1,0,1,0,0,1,1
2025-12-01,S006,Grader,0,0,0.0,1.0,0.0,0.5,1.0,0.5773502691896257,0.0,2,2025,12,4,49,2,2,0,0,0,1,0,1,0,0,0,1
2025-12-08,S006,Grader,0,0,0.0,0.0,1.0,0.25,1.0,0.5,-1.0,3,2025,12,4,50,2,2,0,1,0,1,0,0,0,0,0,0
2025-12-15,S006,Grader,0,0,0.0,0.0,1.0,0.0,0.0,0.0,-1.0,4,2025,12,4,51,2,2,0,1,0,1,0,0,0,0,0,0
2024-01-01,S006,Loader,0,1,0.0,0.0,0.0,0.0,0.0,0.0,0.0,1,2024,1,1,1,1,1,0,0,0,0,0,1,0,0,0,0
2024-01-08,S006,Loader,1,1,0.0,0.0,0.0,0.0,0.0,0.0,0.0,0,2024,1,1,2,2,2,0,0,0,0,1,1,1,0,0,0
2024-01-15,S006,Loader,1,1,1.0,0.0,0.0,0.0,0.0,0.0,0.0,0,2024,1,1,3,2,2,0,0,0,0,1,1,0,0,1,0
2024-01-22,S006,Loader,1,1,1.0,1.0,0.0,0.75,1.0,0.5,0.0,0,2024,1,1,4,2,2,0,0,0,0,1,1,0,0,1,0
2024-01-29,S006,Loader,1,1,1.0,1.0,0.0,1.0,1.0,0.0,1.0,0,2024,1,1,5,1,1,0,0,0,0,1,0,0,0,0,0
2024-02-05,S006,Loader,1,0,1.0,1.0,1.0,1.0,1.0,0.0,0.0,0,2024,2,1,6,1,1,0,0,0,0,1,0,0,1,0,0
2024-02-12,S006,Loader,0,0,1.0,1.0,1.0,0.75,1.0,0.5,-1.0,1,2024,2,1,7,1,1,1,0,0,0,0,0,0,0,0,1
2024-02-19,S006,Loader,0,0,0.0,1.0,1.0,0.5,1.0,0.5773502691896257,-1.0,2,2024,2,1,8,5,2,2,3,0,0,0,0,0,0,0,1
2024-02-26,S006,Loader,0,0,0.0,0.0,1.0,0.25,1.0,0.5,-1.0,3,2024,2,1,9,7,3,3,3,1,0,0,0,0,0,0,0
2024-03-04,S006,Loader,0,0,0.0,0.0,1.0,0.0,0.0,0.0,-1.0,4,2024,3,1,10,7,4,3,1,1,0,0,2,0,0,0,0
2024-03-11,S006,Loader,0,0,0.0,0.0,0.0,0.0,0.0,0.0,0.0,5,2024,3,1,11,6,3,3,1,0,0,0,2,0,0,0,0
2024-03-18,S006,Loader,0,1,0.0,0.0,0.0,0.0,0.0,0.0,0.0,6,2024,3,1,12,3,2,2,0,1,0,0,0,0,0,0,0
2024-03-25,S006,Loader,1,2,0.0,0.0,0.0,0.25,1.0,0.5,1.0,0,2024,3,1,13,4,3,2,0,1,0,1,0,1,0,0,0
2024-04-01,S006,Loader,2,2,1.0,0.0,0.0,0.75,2.0,0.9574271077563381,2.0,0,2024,4,2,14,8,4,2,1,0,3,2,0,1,0,1,0
2024-04-08,S006,Loader,2,1,2.0,1.0,0.0,1.25,2.0,0.9574271077563381,2.0,0,2024,4,2,15,9,5,2,1,0,3,2,1,0,1,2,0
2024-04-15,S006,Loader,1,1,2.0,2.0,0.0,1.5,2.0,0.5773502691896257,1.0,0,2024,4,2,16,4,4,1,0,1,0,1,1,0,1,1,1
2024-04-22,S006,Loader,1,1,1.0,2.0,1.0,1.5,2.0,0.5773502691896257,0.0,0,2024,4,2,17,4,3,2,0,1,0,1,0,1,0,0,2
2024-04-29,S006,Loader,1,0,1.0,1.0,2.0,1.25,2.0,0.4999999999999999,-1.0,0,2024,4,2,18,4,3,2,0,1,0,1,0,0,1,1,1
2024-05-06,S006,Loader,0,0,1.0,1.0,2.0,0.75,1.0,0.5,-2.0,1,2024,5,2,19,4,3,1,2,1,0,0,0,0,0,1,1
2024-05-13,S006,Loader,0,0,0.0,1.0,1.0,0.5,1.0,0.5773502691896257,-1.0,2,2024,5,2,20,3,2,0,2,1,0,0,0,0,0,0,1
2024-05-20,S006,Loader,0,0,0.0,0.0,1.0,0.25,1.0,0.5,-1.0,3,2024,5,2,21,1,1,0,1,0,0,0,0,0,0,0,0
2024-05-27,S006,Loader,0,0,0.0,0.0,1.0,0.0,0.0,0.0,-1.0,4,2024,5,2,22,1,1,0,1,0,0,0,0,0,0,0,0
2024-06-03,S006,Loader,0,1,0.0,0.0,0.0,0.0,0.0,0.0,0.0,5,2024,6,2,23,1,1,0,1,0,0,0,0,0,0,0,0
2024-06-10,S006,Loader,1,1,0.0,0.0,0.0,0.25,1.0,0.5,1.0,0,2024,6,2,24,2,2,0,1,0,0,1,0,1,0,0,0
2024-06-17,S006,Loader,1,1,1.0,0.0,0.0,0.5,1.0,0.5773502691896257,1.0,0,2024,6,2,25,1,1,0,0,0,0,1,0,0,0,1,0
2024-06-24,S006,Loader,1,0,1.0,1.0,0.0,0.75,1.0,0.5,1.0,0,2024,6,2,26,2,2,0,0,1,0,1,0,0,1,1,0
2024-07-01,S006,Loader,0,0,1.0,1.0,0.0,0.75,1.0,0.5,0.0,1,2024,7,3,27,1,1,0,0,1,0,0,0,0,0,0,1
2024-07-08,S006,Loader,0,0,0.0,1.0,1.0,0.5,1.0,0.5773502691896257,-1.0,2,2024,7,3,28,3,2,0,0,1,0,0,2,0,0,0,1
2024-07-15,S006,Loader,0,0,0.0,0.0,1.0,0.25,1.0,0.5,-1.0,3,2024,7,3,29,3,2,0,0,1,0,0,2,0,0,0,0
2024-07-22,S006,Loader,0,0,0.0,0.0,1.0,0.0,0.0,0.0,-1.0,4,2024,7,3,30,3,3,1,0,1,0,0,1,0,0,0,0
2024-07-29,S006,Loader,0,0,0.0,0.0,0.0,0.0,0.0,0.0,0.0,5,2024,7,3,31,3,3,1,0,1,0,0,1,0,0,0,0
2024-08-05,S006,Loader,0,0,0.0,0.0,0.0,0.0,0.0,0.0,0.0,6,2024,8,3,32,3,3,1,1,1,0,0,0,0,0,0,0
2024-08-12,S006,Loader,0,0,0.0,0.0,0.0,0.0,0.0,0.0,0.0,7,2024,8,3,33,1,1,0,1,0,0,0,0,0,0,0,0
2024-08-19,S006,Loader,0,1,0.0,0.0,0.0,0.0,0.0,0.0,0.0,8,2024,8,3,34,1,1,1,0,0,0,0,0,0,0,0,0
2024-08-26,S006,Loader,1,1,0.0,0.0,0.0,0.25,1.0,0.5,1.0,0,2024,8,3,35,3,3,1,1,0,0,1,0,1,0,0,0
2024-09-02,S006,Loader,1,0,1.0,0.0,0.0,0.5,1.0,0.5773502691896257,1.0,0,2024,9,3,36,2,2,0,1,0,0,1,0,0,1,1,0
2024-09-09,S006,Loader,0,0,1.0,1.0,0.0,0.5,1.0,0.5773502691896257,0.0,1,2024,9,3,37,0,0,0,0,0,0,0,0,0,0,1,1
2024-09-16,S006,Loader,0,1,0.0,1.0,0.0,0.5,1.0,0.5773502691896257,0.0,2,2024,9,3,38,0,0,0,0,0,0,0,0,0,0,0,1
2024-09-23,S006,Loader,1,1,0.0,0.0,1.0,0.5,1.0,0.5773502691896257,0.0,0,2024,9,3,39,1,1,0,0,0,0,1,0,1,0,0,0
2024-09-30,S006,Loader,1,0,1.0,0.0,1.0,0.5,1.0,0.5773502691896257,0.0,0,2024,9,3,40,3,3,0,0,1,0,1,1,0,1,1,0
2024-10-07,S006,Loader,0,0,1.0,1.0,0.0,0.5,1.0,0.5773502691896257,0.0,1,2024,10,4,41,3,3,0,0,1,1,0,1,0,0,1,1
2024-10-14,S006,Loader,0,1,0.0,1.0,0.0,0.5,1.0,0.5773502691896257,0.0,2,2024,10,4,42,3,3,1,0,1,1,0,0,0,0,0,1
2024-10-21,S006,Loader,1,1,0.0,0.0,1.0,0.5,1.0,0.5773502691896257,0.0,0,2024,10,4,43,4,3,1,0,2,0,1,0,1,0,0,0
2024-10-28,S006,Loader,1,0,1.0,0.0,1.0,0.5,1.0,0.5773502691896257,0.0,0,2024,10,4,44,3,2,0,0,2,0,1,0,0,1,1,0
2024-11-04,S006,Loader,0,0,1.0,1.0,0.0,0.5,1.0,0.5773502691896257,0.0,1,2024,11,4,45,5,3,2,0,2,0,0,1,0,0,1,1
2024-11-11,S006,Loader,0,1,0.0,1.0,0.0,0.5,1.0,0.5773502691896257,0.0,2,2024,11,4,46,6,4,2,2,0,1,0,1,0,0,0,1
2024-11-18,S006,Loader,1,1,0.0,0.0,1.0,0.5,1.0,0.5773502691896257,0.0,0,2024,11,4,47,4,3,0,2,0,1,1,0,1,0,0,0
2024-11-25,S006,Loader,1,0,1.0,0.0,1.0,0.5,1.0,0.5773502691896257,0.0,0,2024,11,4,48,5,4,1,2,1,0,1,0,0,1,1,0
2024-12-02,S006,Loader,0,0,1.0,1.0,0.0,0.5,1.0,0.5773502691896257,0.0,1,2024,12,4,49,4,4,1,1,1,0,0,1,0,0,1,1
2024-12-09,S006,Loader,0,2,0.0,1.0,0.0,0.5,1.0,0.5773502691896257,0.0,2,2024,12,4,50,3,3,1,0,1,0,0,1,0,0,0,1
2024-12-16,S006,Loader,2,2,0.0,0.0,1.0,0.75,2.0,0.9574271077563381,1.0,0,2024,12,4,51,4,3,0,0,1,1,2,0,2,0,0,0
2024-12-23,S006,Loader,2,1,2.0,0.0,1.0,1.0,2.0,1.1547005383792515,1.0,0,2024,12,4,52,5,4,1,0,1,1,2,0,0,1,2,0
2024-12-30,S006,Loader,1,1,2.0,2.0,0.0,1.25,2.0,0.9574271077563382,1.0,0,2024,12,4,1,3,3,1,0,1,0,1,0,0,1,2,1
2025-01-06,S006,Loader,1,1,1.0,2.0,0.0,1.5,2.0,0.5773502691896258,1.0,0,2025,1,1,2,3,3,0,0,1,0,1,1,1,0,0,2
2025-01-13,S006,Loader,1,1,1.0,1.0,2.0,1.25,2.0,0.5000000000000001,-1.0,0,2025,1,1,3,2,2,0,0,0,0,1,1,0,1,1,1
2025-01-20,S006,Loader,1,1,1.0,1.0,2.0,1.0,1.0,0.0,-1.0,0,2025,1,1,4,1,1,0,0,0,0,1,0,1,0,1,1
2025-01-27,S006,Loader,1,0,1.0,1.0,1.0,1.0,1.0,0.0,0.0,0,2025,1,1,5,4,3,2,0,1,0,1,0,0,1,1,1
2025-02-03,S006,Loader,0,0,1.0,1.0,1.0,0.75,1.0,0.5,-1.0,1,2025,2,1,6,3,2,2,0,1,0,0,0,0,0,1,1
2025-02-10,S006,Loader,0,0,0.0,1.0,1.0,0.5,1.0,0.5773502691896257,-1.0,2,2025,2,1,7,2,2,1,1,0,0,0,0,0,0,0,1
2025-02-17,S006,Loader,0,0,0.0,0.0,1.0,0.25,1.0,0.5,-1.0,3,2025,2,1,8,3,3,1,1,0,0,0,1,0,0,0,0
2025-02-24,S006,Loader,0,0,0.0,0.0,1.0,0.0,0.0,0.0,-1.0,4,2025,2,1,9,4,4,1,1,1,0,0,1,0,0,0,0
2025-03-03,S006,Loader,0,0,0.0,0.0,0.0,0.0,0.0,0.0,0.0,5,2025,3,1,10,4,4,1,1,1,0,0,1,0,0,0,0
2025-03-10,S006,Loader,0,0,0.0,0.0,0.0,0.0,0.0,0.0,0.0,6,2025,3,1,11,2,2,0,0,1,0,0,1,0,0,0,0
2025-03-17,S006,Loader,0,0,0.0,0.0,0.0,0.0,0.0,0.0,0.0,7,2025,3,1,12,2,2,0,0,1,1,0,0,0,0,0,0
2025-03-24,S006,Loader,0,0,0.0,0.0,0.0,0.0,0.0,0.0,0.0,8,2025,3,1,13,1,1,0,0,0,1,0,0,0,0,0,0
2025-03-31,S006,Loader,0,1,0.0,0.0,0.0,0.0,0.0,0.0,0.0,9,2025,3,1,14,1,1,0,0,0,1,0,0,0,0,0,0
2025-04-07,S006,Loader,1,1,0.0,0.0,0.0,0.25,1.0,0.5,1.0,0,2025,4,2,15,5,3,0,0,0,1,1,3,1,0,0,0
2025-04-14,S006,Loader,1,0,1.0,0.0,0.0,0.5,1.0,0.5773502691896257,1.0,0,2025,4,2,16,5,3,1,0,0,0,1,3,0,1,1,0
2025-04-21,S006,Loader,0,1,1.0,1.0,0.0,0.5,1.0,0.5773502691896257,0.0,1,2025,4,2,17,6,3,1,2,0,0,0,3,0,0,1,1
2025-04-28,S006,Loader,1,1,0.0,1.0,0.0,0.75,1.0,0.5,1.0,0,2025,4,2,18,7,5,0,2,1,1,1,2,1,0,0,1
2025-05-05,S006,Loader,1,0,1.0,0.0,1.0,0.75,1.0,0.5,0.0,0,2025,5,2,19,4,4,0,0,1,1,1,1,0,1,1,0
2025-05-12,S006,Loader,0,0,1.0,1.0,1.0,0.5,1.0,0.5773502691896257,-1.0,1,2025,5,2,20,2,2,0,0,1,0,0,1,0,0,1,1
2025-05-19,S006,Loader,0,0,0.0,1.0,0.0,0.5,1.0,0.5773502691896257,0.0,2,2025,5,2,21,2,2,0,0,1,0,0,1,0,0,0,1
2025-05-26,S006,Loader,0,0,0.0,0.0,1.0,0.25,1.0,0.5,-1.0,3,2025,5,2,22,2,2,1,0,0,0,0,1,0,0,0,0
2025-06-02,S006,Loader,0,0,0.0,0.0,1.0,0.0,0.0,0.0,-1.0,4,2025,6,2,23,2,2,1,1,0,0,0,0,0,0,0,0
2025-06-09,S006,Loader,0,0,0.0,0.0,0.0,0.0,0.0,0.0,0.0,5,2025,6,2,24,1,1,0,1,0,0,0,0,0,0,0,0
2025-06-16,S006,Loader,0,0,0.0,0.0,0.0,0.0,0.0,0.0,0.0,6,2025,6,2,25,3,2,1,0,0,2,0,0,0,0,0,0
2025-06-23,S006,Loader,0,0,0.0,0.0,0.0,0.0,0.0,0.0,0.0,7,2025,6,2,26,4,3,1,0,1,2,0,0,0,0,0,0
2025-06-30,S006,Loader,0,0,0.0,0.0,0.0,0.0,0.0,0.0,0.0,8,2025,6,2,27,4,3,2,0,1,1,0,0,0,0,0,0
2025-07-07,S006,Loader,0,0,0.0,0.0,0.0,0.0,0.0,0.0,0.0,9,2025,7,3,28,4,3,2,0,1,0,0,1,0,0,0,0
2025-07-14,S006,Loader,0,0,0.0,0.0,0.0,0.0,0.0,0.0,0.0,10,2025,7,3,29,4,3,2,0,1,0,0,1,0,0,0,0
2025-07-21,S006,Loader,0,1,0.0,0.0,0.0,0.0,0.0,0.0,0.0,11,2025,7,3,30,4,3,2,1,1,0,0,0,0,0,0,0
2025-07-28,S006,Loader,1,1,0.0,0.0,0.0,0.25,1.0,0.5,1.0,0,2025,7,3,31,4,3,2,1,0,0,1,0,1,0,0,0
2025-08-04,S006,Loader,1,2,1.0,0.0,0.0,0.5,1.0,0.5773502691896257,1.0,0,2025,8,3,32,6,4,2,1,2,0,1,0,0,0,1,0
2025-08-11,S006,Loader,2,2,1.0,1.0,0.0,1.0,2.0,0.816496580927726,2.0,0,2025,8,3,33,7,5,1,1,2,0,2,1,1,0,1,0
2025-08-18,S006,Loader,2,1,2.0,1.0,0.0,1.5,2.0,0.5773502691896257,2.0,0,2025,8,3,34,5,4,1,0,1,0,2,1,0,1,1,0
2025-08-25,S006,Loader,1,2,2.0,2.0,1.0,1.5,2.0,0.5773502691896257,0.0,0,2025,8,3,35,4,4,1,1,1,0,1,0,0,1,1,1
2025-09-01,S006,Loader,2,2,1.0,2.0,1.0,1.75,2.0,0.5,1.0,0,2025,9,3,36,6,5,1,1,1,1,2,0,2,0,0,2
2025-09-08,S006,Loader,2,1,2.0,1.0,2.0,1.75,2.0,0.5,0.0,0,2025,9,3,37,5,3,0,2,0,1,2,0,0,1,2,1
2025-09-15,S006,Loader,1,1,2.0,2.0,2.0,1.5,2.0,0.5773502691896257,-1.0,0,2025,9,3,38,5,3,2,2,0,0,1,0,0,0,2,1
2025-09-22,S006,Loader,1,0,1.0,2.0,1.0,1.5,2.0,0.5773502691896257,0.0,0,2025,9,3,39,6,4,2,2,1,0,1,0,0,1,0,1
2025-09-29,S006,Loader,0,0,1.0,1.0,2.0,1.0,2.0,0.816496580927726,-2.0,1,2025,9,3,40,4,3,1,2,1,0,0,0,0,0,0,1
2025-10-06,S006,Loader,0,1,0.0,1.0,2.0,0.5,1.0,0.5773502691896257,-2.0,2,2025,10,4,41,5,5,1,1,1,1,0,1,0,0,0,1
2025-10-13,S006,Loader,1,1,0.0,0.0,1.0,0.5,1.0,0.5773502691896257,0.0,0,2025,10,4,42,5,5,1,0,1,1,1,1,1,0,0,0
2025-10-20,S006,Loader,1,0,1.0,0.0,1.0,0.5,1.0,0.5773502691896257,0.0,0,2025,10,4,43,2,2,1,0,0,0,1,0,0,1,1,0
2025-10-27,S006,Loader,0,0,1.0,1.0,0.0,0.5,1.0,0.5773502691896257,0.0,1,2025,10,4,44,2,2,1,1,0,0,0,0,0,0,1,1
2025-11-03,S006,Loader,0,1,0.0,1.0,0.0,0.5,1.0,0.5773502691896257,0.0,2,2025,11,4,45,3,3,1,1,0,1,0,0,0,0,0,1
2025-11-10,S006,Loader,1,1,0.0,0.0,1.0,0.5,1.0,0.5773502691896257,0.0,0,2025,11,4,46,4,4,1,0,1,1,1,0,1,0,0,0
2025-11-17,S006,Loader,1,0,1.0,0.0,1.0,0.5,1.0,0.5773502691896257,0.0,0,2025,11,4,47,3,3,1,0,1,0,1,0,0,1,1,0
2025-11-24,S006,Loader,0,0,1.0,1.0,0.0,0.5,1.0,0.5773502691896257,0.0,1,2025,11,4,48,2,2,0,0,0,1,0,1,0,0,1,1
2025-12-01,S006,Loader,0,0,0.0,1.0,0.0,0.5,1.0,0.5773502691896257,0.0,2,2025,12,4,49,2,2,0,0,0,1,0,1,0,0,0,1
2025-12-08,S006,Loader,0,0,0.0,0.0,1.0,0.25,1.0,0.5,-1.0,3,2025,12,4,50,2,2,0,1,0,1,0,0,0,0,0,0
2025-12-15,S006,Loader,0,0,0.0,0.0,1.0,0.0,0.0,0.0,-1.0,4,2025,12,4,51,2,2,0,1,0,1,0,0,0,0,0,0
2024-01-01,S006,Roller,1,1,0.0,0.0,0.0,0.0,0.0,0.0,0.0,0,2024,1,1,1,1,1,0,0,0,0,0,1,1,0,0,0
2024-01-08,S006,Roller,1,1,1.0,0.0,0.0,0.0,0.0,0.0,0.0,0,2024,1,1,2,2,2,0,0,0,0,1,1,0,0,1,0
2024-01-15,S006,Roller,1,1,1.0,1.0,0.0,0.0,0.0,0.0,0.0,0,2024,1,1,3,2,2,0,0,0,0,1,1,0,0,1,0
2024-01-22,S006,Roller,1,0,1.0,1.0,0.0,1.0,1.0,0.0,0.0,0,2024,1,1,4,2,2,0,0,0,0,1,1,0,1,0,0
2024-01-29,S006,Roller,0,0,1.0,1.0,1.0,0.75,1.0,0.5,-1.0,1,2024,1,1,5,1,1,0,0,0,0,1,0,0,0,0,1
2024-02-05,S006,Roller,0,0,0.0,1.0,1.0,0.5,1.0,0.5773502691896257,-1.0,2,2024,2,1,6,1,1,0,0,0,0,1,0,0,0,0,1
2024-02-12,S006,Roller,0,0,0.0,0.0,1.0,0.25,1.0,0.5,-1.0,3,2024,2,1,7,1,1,1,0,0,0,0,0,0,0,0,0
2024-02-19,S006,Roller,0,0,0.0,0.0,1.0,0.0,0.0,0.0,-1.0,4,2024,2,1,8,5,2,2,3,0,0,0,0,0,0,0,0
2024-02-26,S006,Roller,0,2,0.0,0.0,0.0,0.0,0.0,0.0,0.0,5,2024,2,1,9,7,3,3,3,1,0,0,0,0,0,0,0
2024-03-04,S006,Roller,2,2,0.0,0.0,0.0,0.5,2.0,1.0,2.0,0,2024,3,1,10,7,4,3,1,1,0,0,2,2,0,0,0
2024-03-11,S006,Roller,2,0,2.0,0.0,0.0,1.0,2.0,1.1547005383792515,2.0,0,2024,3,1,11,6,3,3,1,0,0,0,2,0,2,2,0
2024-03-18,S006,Roller,0,0,2.0,2.0,0.0,1.0,2.0,1.1547005383792515,0.0,1,2024,3,1,12,3,2,2,0,1,0,0,0,0,0,2,2
2024-03-25,S006,Roller,0,0,0.0,2.0,0.0,1.0,2.0,1.1547005383792515,0.0,2,2024,3,1,13,4,3,2,0,1,0,1,0,0,0,0,2
2024-04-01,S006,Roller,0,1,0.0,0.0,2.0,0.5,2.0,1.0,-2.0,3,2024,4,2,14,8,4,2,1,0,3,2,0,0,0,0,0
2024-04-08,S006,Roller,1,1,0.0,0.0,2.0,0.25,1.0,0.5,-1.0,0,2024,4,2,15,9,5,2,1,0,3,2,1,1,0,0,0
2024-04-15,S006,Roller,1,0,1.0,0.0,0.0,0.5,1.0,0.5773502691896257,1.0,0,2024,4,2,16,4,4,1,0,1,0,1,1,0,1,1,0
2024-04-22,S006,Roller,0,0,1.0,1.0,0.0,0.5,1.0,0.5773502691896257,0.0,1,2024,4,2,17,4,3,2,0,1,0,1,0,0,0,1,1
2024-04-29,S006,Roller,0,0,0.0,1.0,0.0,0.5,1.0,0.5773502691896257,0.0,2,2024,4,2,18,4,3,2,0,1,0,1,0,0,0,0,1
2024-05-06,S006,Roller,0,0,0.0,0.0,1.0,0.25,1.0,0.5,-1.0,3,2024,5,2,19,4,3,1,2,1,0,0,0,0,0,0,0
2024-05-13,S006,Roller,0,0,0.0,0.0,1.0,0.0,0.0,0.0,-1.0,4,2024,5,2,20,3,2,0,2,1,0,0,0,0,0,0,0
2024-05-20,S006,Roller,0,0,0.0,0.0,0.0,0.0,0.0,0.0,0.0,5,2024,5,2,21,1,1,0,1,0,0,0,0,0,0,0,0
2024-05-27,S006,Roller,0,0,0.0,0.0,0.0,0.0,0.0,0.0,0.0,6,2024,5,2,22,1,1,0,1,0,0,0,0,0,0,0,0
2024-06-03,S006,Roller,0,0,0.0,0.0,0.0,0.0,0.0,0.0,0.0,7,2024,6,2,23,1,1,0,1,0,0,0,0,0,0,0,0
2024-06-10,S006,Roller,0,0,0.0,0.0,0.0,0.0,0.0,0.0,0.0,8,2024,6,2,24,2,2,0,1,0,0,1,0,0,0,0,0
2024-06-17,S006,Roller,0,0,0.0,0.0,0.0,0.0,0.0,0.0,0.0,9,2024,6,2,25,1,1,0,0,0,0,1,0,0,0,0,0
2024-06-24,S006,Roller,0,0,0.0,0.0,0.0,0.0,0.0,0.0,0.0,10,2024,6,2,26,2,2,0,0,1,0,1,0,0,0,0,0
2024-07-01,S006,Roller,0,2,0.0,0.0,0.0,0.0,0.0,0.0,0.0,11,2024,7,3,27,1,1,0,0,1,0,0,0,0,0,0,0
2024-07-08,S006,Roller,2,2,0.0,0.0,0.0,0.5,2.0,1.0,2.0,0,2024,7,3,28,3,2,0,0,1,0,0,2,2,0,0,0
2024-07-15,S006,Roller,2,1,2.0,0.0,0.0,1.0,2.0,1.1547005383792515,2.0,0,2024,7,3,29,3,2,0,0,1,0,0,2,0,1,2,0
2024-07-22,S006,Roller,1,1,2.0,2.0,0.0,1.25,2.0,0.9574271077563382,1.0,0,2024,7,3,30,3,3,1,0,1,0,0,1,0,0,2,1
2024-07-29,S006,Roller,1,0,1.0,2.0,0.0,1.5,2.0,0.5773502691896258,1.0,0,2024,7,3,31,3,3,1,0,1,0,0,1,0,1,0,1
2024-08-05,S006,Roller,0,0,1.0,1.0,2.0,1.0,2.0,0.8164965809277261,-2.0,1,2024,8,3,32,3,3,1,1,1,0,0,0,0,0,0,1
2024-08-12,S006,Roller,0,0,0.0,1.0,2.0,0.5,1.0,0.5773502691896258,-2.0,2,2024,8,3,33,1,1,0,1,0,0,0,0,0,0,0,1
2024-08-19,S006,Roller,0,0,0.0,0.0,1.0,0.25,1.0,0.5000000000000001,-1.0,3,2024,8,3,34,1,1,1,0,0,0,0,0,0,0,0,0
2024-08-26,S006,Roller,0,0,0.0,0.0,1.0,0.0,0.0,0.0,-1.0,4,2024,8,3,35,3,3,1,1,0,0,1,0,0,0,0,0
2024-09-02,S006,Roller,0,0,0.0,0.0,0.0,0.0,0.0,0.0,0.0,5,2024,9,3,36,2,2,0,1,0,0,1,0,0,0,0,0
2024-09-09,S006,Roller,0,0,0.0,0.0,0.0,0.0,0.0,0.0,0.0,6,2024,9,3,37,0,0,0,0,0,0,0,0,0,0,0,0
2024-09-16,S006,Roller,0,0,0.0,0.0,0.0,0.0,0.0,0.0,0.0,7,2024,9,3,38,0,0,0,0,0,0,0,0,0,0,0,0
2024-09-23,S006,Roller,0,1,0.0,0.0,0.0,0.0,0.0,0.0,0.0,8,2024,9,3,39,1,1,0,0,0,0,1,0,0,0,0,0
2024-09-30,S006,Roller,1,1,0.0,0.0,0.0,0.25,1.0,0.5,1.0,0,2024,9,3,40,3,3,0,0,1,0,1,1,1,0,0,0
2024-10-07,S006,Roller,1,0,1.0,0.0,0.0,0.5,1.0,0.5773502691896257,1.0,0,2024,10,4,41,3,3,0,0,1,1,0,1,0,1,1,0
2024-10-14,S006,Roller,0,0,1.0,1.0,0.0,0.5,1.0,0.5773502691896257,0.0,1,2024,10,4,42,3,3,1,0,1,1,0,0,0,0,1,1
2024-10-21,S006,Roller,0,0,0.0,1.0,0.0,0.5,1.0,0.5773502691896257,0.0,2,2024,10,4,43,4,3,1,0,2,0,1,0,0,0,0,1
2024-10-28,S006,Roller,0,1,0.0,0.0,1.0,0.25,1.0,0.5,-1.0,3,2024,10,4,44,3,2,0,0,2,0,1,0,0,0,0,0
2024-11-04,S006,Roller,1,1,0.0,0.0,1.0,0.25,1.0,0.5,0.0,0,2024,11,4,45,5,3,2,0,2,0,0,1,1,0,0,0
2024-11-11,S006,Roller,1,0,1.0,0.0,0.0,0.5,1.0,0.5773502691896257,1.0,0,2024,11,4,46,6,4,2,2,0,1,0,1,0,1,1,0
2024-11-18,S006,Roller,0,0,1.0,1.0,0.0,0.5,1.0,0.5773502691896257,0.0,1,2024,11,4,47,4,3,0,2,0,1,1,0,0,0,1,1
2024-11-25,S006,Roller,0,1,0.0,1.0,0.0,0.5,1.0,0.5773502691896257,0.0,2,2024,11,4,48,5,4,1,2,1,0,1,0,0,0,0,1
2024-12-02,S006,Roller,1,1,0.0,0.0,1.0,0.5,1.0,0.5773502691896257,0.0,0,2024,12,4,49,4,4,1,1,1,0,0,1,1,0,0,0
2024-12-09,S006,Roller,1,0,1.0,0.0,1.0,0.5,1.0,0.5773502691896257,0.0,0,2024,12,4,50,3,3,1,0,1,0,0,1,0,1,1,0
2024-12-16,S006,Roller,0,0,1.0,1.0,0.0,0.5,1.0,0.5773502691896257,0.0,1,2024,12,4,51,4,3,0,0,1,1,2,0,0,0,1,1
2024-12-23,S006,Roller,0,0,0.0,1.0,0.0,0.5,1.0,0.5773502691896257,0.0,2,2024,12,4,52,5,4,1,0,1,1,2,0,0,0,0,1
2024-12-30,S006,Roller,0,1,0.0,0.0,1.0,0.25,1.0,0.5,-1.0,3,2024,12,4,1,3,3,1,0,1,0,1,0,0,0,0,0
2025-01-06,S006,Roller,1,1,0.0,0.0,1.0,0.25,1.0,0.5,0.0,0,2025,1,1,2,3,3,0,0,1,0,1,1,1,0,0,0
2025-01-13,S006,Roller,1,0,1.0,0.0,0.0,0.5,1.0,0.5773502691896257,1.0,0,2025,1,1,3,2,2,0,0,0,0,1,1,0,1,1,0
2025-01-20,S006,Roller,0,0,1.0,1.0,0.0,0.5,1.0,0.5773502691896257,0.0,1,2025,1,1,4,1,1,0,0,0,0,1,0,0,0,1,1
2025-01-27,S006,Roller,0,0,0.0,1.0,0.0,0.5,1.0,0.5773502691896257,0.0,2,2025,1,1,5,4,3,2,0,1,0,1,0,0,0,0,1
2025-02-03,S006,Roller,0,0,0.0,0.0,1.0,0.25,1.0,0.5,-1.0,3,2025,2,1,6,3,2,2,0,1,0,0,0,0,0,0,0
2025-02-10,S006,Roller,0,1,0.0,0.0,1.0,0.0,0.0,0.0,-1.0,4,2025,2,1,7,2,2,1,1,0,0,0,0,0,0,0,0
2025-02-17,S006,Roller,1,1,0.0,0.0,0.0,0.25,1.0,0.5,1.0,0,2025,2,1,8,3,3,1,1,0,0,0,1,1,0,0,0
2025-02-24,S006,Roller,1,1,1.0,0.0,0.0,0.5,1.0,0.5773502691896257,1.0,0,2025,2,1,9,4,4,1,1,1,0,0,1,0,1,1,0
2025-03-03,S006,Roller,1,1,1.0,1.0,0.0,0.75,1.0,0.5,1.0,0,2025,3,1,10,4,4,1,1,1,0,0,1,1,0,1,1
2025-03-10,S006,Roller,1,0,1.0,1.0,0.0,1.0,1.0,0.0,1.0,0,2025,3,1,11,2,2,0,0,1,0,0,1,0,1,1,1
2025-03-17,S006,Roller,0,0,1.0,1.0,1.0,0.75,1.0,0.5,-1.0,1,2025,3,1,12,2,2,0,0,1,1,0,0,0,0,1,1
2025-03-24,S006,Roller,0,0,0.0,1.0,1.0,0.5,1.0,0.5773502691896257,-1.0,2,2025,3,1,13,1,1,0,0,0,1,0,0,0,0,0,1
2025-03-31,S006,Roller,0,3,0.0,0.0,1.0,0.25,1.0,0.5,-1.0,3,2025,3,1,14,1,1,0,0,0,1,0,0,0,0,0,0
2025-04-07,S006,Roller,3,3,0.0,0.0,1.0,0.75,3.0,1.5,2.0,0,2025,4,2,15,5,3,0,0,0,1,1,3,3,0,0,0
2025-04-14,S006,Roller,3,3,3.0,0.0,0.0,1.5,3.0,1.7320508075688772,3.0,0,2025,4,2,16,5,3,1,0,0,0,1,3,0,0,3,0
2025-04-21,S006,Roller,3,2,3.0,3.0,0.0,2.25,3.0,1.5,3.0,0,2025,4,2,17,6,3,1,2,0,0,0,3,0,1,3,0
2025-04-28,S006,Roller,2,1,3.0,3.0,0.0,2.75,3.0,0.5,2.0,0,2025,4,2,18,7,5,0,2,1,1,1,2,0,2,0,1
2025-05-05,S006,Roller,1,1,2.0,3.0,3.0,2.25,3.0,0.957427107756338,-2.0,0,2025,5,2,19,4,4,0,0,1,1,1,1,1,0,0,3
2025-05-12,S006,Roller,1,1,1.0,2.0,3.0,1.75,3.0,0.957427107756338,-2.0,0,2025,5,2,20,2,2,0,0,1,0,0,1,0,1,1,2
2025-05-19,S006,Roller,1,1,1.0,1.0,3.0,1.25,2.0,0.4999999999999998,-2.0,0,2025,5,2,21,2,2,0,0,1,0,0,1,1,0,1,1
2025-05-26,S006,Roller,1,0,1.0,1.0,2.0,1.0,1.0,0.0,-1.0,0,2025,5,2,22,2,2,1,0,0,0,0,1,0,1,1,1
2025-06-02,S006,Roller,0,0,1.0,1.0,1.0,0.75,1.0,0.5,-1.0,1,2025,6,2,23,2,2,1,1,0,0,0,0,0,0,1,1
2025-06-09,S006,Roller,0,0,0.0,1.0,1.0,0.5,1.0,0.5773502691896257,-1.0,2,2025,6,2,24,1,1,0,1,0,0,0,0,0,0,0,1
2025-06-16,S006,Roller,0,0,0.0,0.0,1.0,0.25,1.0,0.5,-1.0,3,2025,6,2,25,3,2,1,0,0,2,0,0,0,0,0,0
2025-06-23,S006,Roller,0,0,0.0,0.0,1.0,0.0,0.0,0.0,-1.0,4,2025,6,2,26,4,3,1,0,1,2,0,0,0,0,0,0
2025-06-30,S006,Roller,0,1,0.0,0.0,0.0,0.0,0.0,0.0,0.0,5,2025,6,2,27,4,3,2,0,1,1,0,0,0,0,0,0
2025-07-07,S006,Roller,1,1,0.0,0.0,0.0,0.25,1.0,0.5,1.0,0,2025,7,3,28,4,3,2,0,1,0,0,1,1,0,0,0
2025-07-14,S006,Roller,1,0,1.0,0.0,0.0,0.5,1.0,0.5773502691896257,1.0,0,2025,7,3,29,4,3,2,0,1,0,0,1,0,1,1,0
2025-07-21,S006,Roller,0,0,1.0,1.0,0.0,0.5,1.0,0.5773502691896257,0.0,1,2025,7,3,30,4,3,2,1,1,0,0,0,0,0,1,1
2025-07-28,S006,Roller,0,0,0.0,1.0,0.0,0.5,1.0,0.5773502691896257,0.0,2,2025,7,3,31,4,3,2,1,0,0,1,0,0,0,0,1
2025-08-04,S006,Roller,0,1,0.0,0.0,1.0,0.25,1.0,0.5,-1.0,3,2025,8,3,32,6,4,2,1,2,0,1,0,0,0,0,0
2025-08-11,S006,Roller,1,1,0.0,0.0,1.0,0.25,1.0,0.5,0.0,0,2025,8,3,33,7,5,1,1,2,0,2,1,1,0,0,0
2025-08-18,S006,Roller,1,0,1.0,0.0,0.0,0.5,1.0,0.5773502691896257,1.0,0,2025,8,3,34,5,4,1,0,1,0,2,1,0,1,1,0
2025-08-25,S006,Roller,0,0,1.0,1.0,0.0,0.5,1.0,0.5773502691896257,0.0,1,2025,8,3,35,4,4,1,1,1,0,1,0,0,0,1,1
2025-09-01,S006,Roller,0,0,0.0,1.0,0.0,0.5,1.0,0.5773502691896257,0.0,2,2025,9,3,36,6,5,1,1,1,1,2,0,0,0,0,1
2025-09-08,S006,Roller,0,0,0.0,0.0,1.0,0.25,1.0,0.5,-1.0,3,2025,9,3,37,5,3,0,2,0,1,2,0,0,0,0,0
2025-09-15,S006,Roller,0,0,0.0,0.0,1.0,0.0,0.0,0.0,-1.0,4,2025,9,3,38,5,3,2,2,0,0,1,0,0,0,0,0
2025-09-22,S006,Roller,0,0,0.0,0.0,0.0,0.0,0.0,0.0,0.0,5,2025,9,3,39,6,4,2,2,1,0,1,0,0,0,0,0
2025-09-29,S006,Roller,0,1,0.0,0.0,0.0,0.0,0.0,0.0,0.0,6,2025,9,3,40,4,3,1,2,1,0,0,0,0,0,0,0
2025-10-06,S006,Roller,1,1,0.0,0.0,0.0,0.25,1.0,0.5,1.0,0,2025,10,4,41,5,5,1,1,1,1,0,1,1,0,0,0
2025-10-13,S006,Roller,1,0,1.0,0.0,0.0,0.5,1.0,0.5773502691896257,1.0,0,2025,10,4,42,5,5,1,0,1,1,1,1,0,1,1,0
2025-10-20,S006,Roller,0,0,1.0,1.0,0.0,0.5,1.0,0.5773502691896257,0.0,1,2025,10,4,43,2,2,1,0,0,0,1,0,0,0,1,1
2025-10-27,S006,Roller,0,0,0.0,1.0,0.0,0.5,1.0,0.5773502691896257,0.0,2,2025,10,4,44,2,2,1,1,0,0,0,0,0,0,0,1
2025-11-03,S006,Roller,0,0,0.0,0.0,1.0,0.25,1.0,0.5,-1.0,3,2025,11,4,45,3,3,1,1,0,1,0,0,0,0,0,0
2025-11-10,S006,Roller,0,0,0.0,0.0,1.0,0.0,0.0,0.0,-1.0,4,2025,11,4,46,4,4,1,0,1,1,1,0,0,0,0,0
2025-11-17,S006,Roller,0,1,0.0,0.0,0.0,0.0,0.0,0.0,0.0,5,2025,11,4,47,3,3,1,0,1,0,1,0,0,0,0,0
2025-11-24,S006,Roller,1,1,0.0,0.0,0.0,0.25,1.0,0.5,1.0,0,2025,11,4,48,2,2,0,0,0,1,0,1,1,0,0,0
2025-12-01,S006,Roller,1,0,1.0,0.0,0.0,0.5,1.0,0.5773502691896257,1.0,0,2025,12,4,49,2,2,0,0,0,1,0,1,0,1,1,0
2025-12-08,S006,Roller,0,0,1.0,1.0,0.0,0.5,1.0,0.5773502691896257,0.0,1,2025,12,4,50,2,2,0,1,0,1,0,0,0,0,1,1
2025-12-15,S006,Roller,0,0,0.0,1.0,0.0,0.5,1.0,0.5773502691896257,0.0,2,2025,12,4,51,2,2,0,1,0,1,0,0,0,0,0,1
2024-01-01,S007,Bulldozer,0,0,0.0,0.0,0.0,0.0,0.0,0.0,0.0,1,2024,1,1,1,0,0,0,0,0,0,0,0,0,0,0,0
2024-01-08,S007,Bulldozer,0,0,0.0,0.0,0.0,0.0,0.0,0.0,0.0,2,2024,1,1,2,0,0,0,0,0,0,0,0,0,0,0,0
2024-01-15,S007,Bulldozer,0,1,0.0,0.0,0.0,0.0,0.0,0.0,0.0,3,2024,1,1,3,1,1,1,0,0,0,0,0,0,0,0,0
2024-01-22,S007,Bulldozer,1,1,0.0,0.0,0.0,0.25,1.0,0.5,0.0,0,2024,1,1,4,5,4,1,1,0,0,2,1,1,0,0,0
2024-01-29,S007,Bulldozer,1,1,1.0,0.0,0.0,0.5,1.0,0.5773502691896257,1.0,0,2024,1,1,5,4,3,0,1,0,0,2,1,0,0,1,0
2024-02-05,S007,Bulldozer,1,1,1.0,1.0,0.0,0.75,1.0,0.5,1.0,0,2024,2,1,6,3,3,0,1,0,0,1,1,0,0,1,0
2024-02-12,S007,Bulldozer,1,0,1.0,1.0,0.0,1.0,1.0,0.0,1.0,0,2024,2,1,7,3,3,0,1,0,0,1,1,0,1,0,0
2024-02-19,S007,Bulldozer,0,0,1.0,1.0,1.0,0.75,1.0,0.5,-1.0,1,2024,2,1,8,1,1,0,0,0,0,1,0,0,0,0,1
2024-02-26,S007,Bulldozer,0,0,0.0,1.0,1.0,0.5,1.0,0.5773502691896257,-1.0,2,2024,2,1,9,2,2,0,0,0,0,1,1,0,0,0,1
2024-03-04,S007,Bulldozer,0,0,0.0,0.0,1.0,0.25,1.0,0.5,-1.0,3,2024,3,1,10,2,2,0,0,0,0,1,1,0,0,0,0
2024-03-11,S007,Bulldozer,0,0,0.0,0.0,1.0,0.0,0.0,0.0,-1.0,4,2024,3,1,11,1,1,0,0,0,0,1,0,0,0,0,0
2024-03-18,S007,Bulldozer,0,1,0.0,0.0,0.0,0.0,0.0,0.0,0.0,5,2024,3,1,12,3,3,1,0,0,1,1,0,0,0,0,0
2024-03-25,S007,Bulldozer,1,1,0.0,0.0,0.0,0.25,1.0,0.5,1.0,0,2024,3,1,13,7,4,2,1,0,1,3,0,1,0,0,0
2024-04-01,S007,Bulldozer,1,0,1.0,0.0,0.0,0.5,1.0,0.5773502691896257,1.0,0,2024,4,2,14,6,3,2,1,0,0,3,0,0,1,1,0
2024-04-08,S007,Bulldozer,0,0,1.0,1.0,0.0,0.5,1.0,0.5773502691896257,0.0,1,2024,4,2,15,3,3,1,0,1,0,1,0,0,0,1,1
2024-04-15,S007,Bulldozer,0,0,0.0,1.0,0.0,0.5,1.0,0.5773502691896257,0.0,2,2024,4,2,16,3,3,1,0,1,0,1,0,0,0,0,1
2024-04-22,S007,Bulldozer,0,0,0.0,0.0,1.0,0.25,1.0,0.5,-1.0,3,2024,4,2,17,2,2,1,0,0,0,1,0,0,0,0,0
2024-04-29,S007,Bulldozer,0,1,0.0,0.0,1.0,0.0,0.0,0.0,-1.0,4,2024,4,2,18,2,2,1,0,0,1,0,0,0,0,0,0
2024-05-06,S007,Bulldozer,1,1,0.0,0.0,0.0,0.25,1.0,0.5,1.0,0,2024,5,2,19,3,3,0,1,0,1,1,0,1,0,0,0
2024-05-13,S007,Bulldozer,1,0,1.0,0.0,0.0,0.5,1.0,0.5773502691896257,1.0,0,2024,5,2,20,5,4,0,1,0,2,1,1,0,1,1,0
2024-05-20,S007,Bulldozer,0,0,1.0,1.0,0.0,0.5,1.0,0.5773502691896257,0.0,1,2024,5,2,21,6,4,1,0,0,2,2,1,0,0,1,1
2024-05-27,S007,Bulldozer,0,0,0.0,1.0,0.0,0.5,1.0,0.5773502691896257,0.0,2,2024,5,2,22,5,4,1,0,0,1,2,1,0,0,0,1
2024-06-03,S007,Bulldozer,0,0,0.0,0.0,1.0,0.25,1.0,0.5,-1.0,3,2024,6,2,23,5,3,0,0,0,3,1,1,0,0,0,0
2024-06-10,S007,Bulldozer,0,0,0.0,0.0,1.0,0.0,0.0,0.0,-1.0,4,2024,6,2,24,6,4,1,0,0,3,1,1,0,0,0,0
2024-06-17,S007,Bulldozer,0,0,0.0,0.0,0.0,0.0,0.0,0.0,0.0,5,2024,6,2,25,2,2,1,0,0,0,0,1,0,0,0,0
2024-06-24,S007,Bulldozer,0,0,0.0,0.0,0.0,0.0,0.0,0.0,0.0,6,2024,6,2,26,1,1,0,0,0,0,0,1,0,0,0,0
2024-07-01,S007,Bulldozer,0,0,0.0,0.0,0.0,0.0,0.0,0.0,0.0,7,2024,7,3,27,2,1,0,0,0,0,0,2,0,0,0,0
2024-07-08,S007,Bulldozer,0,0,0.0,0.0,0.0,0.0,0.0,0.0,0.0,8,2024,7,3,28,3,2,0,0,0,0,1,2,0,0,0,0
2024-07-15,S007,Bulldozer,0,0,0.0,0.0,0.0,0.0,0.0,0.0,0.0,9,2024,7,3,29,2,2,0,0,0,0,1,1,0,0,0,0
2024-07-22,S007,Bulldozer,0,0,0.0,0.0,0.0,0.0,0.0,0.0,0.0,10,2024,7,3,30,0,0,0,0,0,0,0,0,0,0,0,0
2024-07-29,S007,Bulldozer,0,0,0.0,0.0,0.0,0.0,0.0,0.0,0.0,11,2024,7,3,31,0,0,0,0,0,0,0,0,0,0,0,0
2024-08-05,S007,Bulldozer,0,0,0.0,0.0,0.0,0.0,0.0,0.0,0.0,12,2024,8,3,32,1,1,0,0,0,0,1,0,0,0,0,0
2024-08-12,S007,Bulldozer,0,0,0.0,0.0,0.0,0.0,0.0,0.0,0.0,13,2024,8,3,33,2,2,0,0,0,1,1,0,0,0,0,0
2024-08-19,S007,Bulldozer,0,0,0.0,0.0,0.0,0.0,0.0,0.0,0.0,14,2024,8,3,34,3,3,0,0,0,1,1,1,0,0,0,0
2024-08-26,S007,Bulldozer,0,2,0.0,0.0,0.0,0.0,0.0,0.0,0.0,15,2024,8,3,35,4,4,1,0,0,1,1,1,0,0,0,0
2024-09-02,S007,Bulldozer,2,2,0.0,0.0,0.0,0.5,2.0,1.0,2.0,0,2024,9,3,36,7,5,2,2,1,1,1,0,2,0,0,0
2024-09-09,S007,Bulldozer,2,3,2.0,0.0,0.0,1.0,2.0,1.1547005383792515,2.0,0,2024,9,3,37,7,4,2,2,1,0,2,0,0,0,2,0
2024-09-16,S007,Bulldozer,3,3,2.0,2.0,0.0,1.75,3.0,1.2583057392117916,3.0,0,2024,9,3,38,6,3,1,3,0,0,2,0,1,0,2,0
2024-09-23,S007,Bulldozer,3,1,3.0,2.0,0.0,2.5,3.0,0.5773502691896255,3.0,0,2024,9,3,39,5,3,0,3,1,0,1,0,0,2,1,0
2024-09-30,S007,Bulldozer,1,0,3.0,3.0,2.0,2.25,3.0,0.957427107756338,-1.0,0,2024,9,3,40,3,3,0,1,1,0,1,0,0,1,1,2
2024-10-07,S007,Bulldozer,0,0,1.0,3.0,2.0,1.75,3.0,1.5,-2.0,1,2024,10,4,41,3,2,0,0,0,0,1,2,0,0,0,3
2024-10-14,S007,Bulldozer,0,0,0.0,1.0,3.0,1.0,3.0,1.414213562373095,-3.0,2,2024,10,4,42,6,3,0,0,0,1,2,3,0,0,0,1
2024-10-21,S007,Bulldozer,0,0,0.0,0.0,3.0,0.25,1.0,0.4999999999999998,-3.0,3,2024,10,4,43,7,4,1,0,0,1,2,3,0,0,0,0
2024-10-28,S007,Bulldozer,0,0,0.0,0.0,1.0,0.0,0.0,0.0,-1.0,4,2024,10,4,44,4,3,1,0,0,1,0,2,0,0,0,0
2024-11-04,S007,Bulldozer,0,0,0.0,0.0,0.0,0.0,0.0,0.0,0.0,5,2024,11,4,45,3,2,0,0,0,1,2,0,0,0,0,0
2024-11-11,S007,Bulldozer,0,0,0.0,0.0,0.0,0.0,0.0,0.0,0.0,6,2024,11,4,46,8,3,3,0,0,3,2,0,0,0,0,0
2024-11-18,S007,Bulldozer,0,1,0.0,0.0,0.0,0.0,0.0,0.0,0.0,7,2024,11,4,47,8,3,3,0,0,3,2,0,0,0,0,0
2024-11-25,S007,Bulldozer,1,1,0.0,0.0,0.0,0.25,1.0,0.5,1.0,0,2024,11,4,48,5,4,1,1,0,2,1,0,1,0,0,0
2024-12-02,S007,Bulldozer,1,1,1.0,0.0,0.0,0.5,1.0,0.5773502691896257,1.0,0,2024,12,4,49,3,3,0,1,0,1,1,0,0,1,1,0
2024-12-09,S007,Bulldozer,1,1,1.0,1.0,0.0,0.75,1.0,0.5,1.0,0,2024,12,4,50,2,2,0,1,0,0,1,0,1,0,1,1
2024-12-16,S007,Bulldozer,1,1,1.0,1.0,0.0,1.0,1.0,0.0,1.0,0,2024,12,4,51,3,3,0,1,0,0,1,1,0,1,1,1
2024-12-23,S007,Bulldozer,1,1,1.0,1.0,1.0,1.0,1.0,0.0,0.0,0,2024,12,4,52,4,3,0,1,0,0,2,1,1,0,1,1
2024-12-30,S007,Bulldozer,1,2,1.0,1.0,1.0,1.0,1.0,0.0,0.0,0,2024,12,4,1,5,3,0,1,0,0,3,1,0,1,1,1
2025-01-06,S007,Bulldozer,2,2,1.0,1.0,1.0,1.25,2.0,0.5,1.0,0,2025,1,1,2,5,2,0,2,0,0,3,0,2,0,1,1
2025-01-13,S007,Bulldozer,2,1,2.0,1.0,1.0,1.5,2.0,0.5773502691896257,1.0,0,2025,1,1,3,4,2,0,2,0,0,2,0,0,1,2,1
2025-01-20,S007,Bulldozer,1,0,2.0,2.0,1.0,1.5,2.0,0.5773502691896257,0.0,0,2025,1,1,4,4,4,1,1,0,0,1,1,0,1,2,1
2025-01-27,S007,Bulldozer,0,0,1.0,2.0,1.0,1.25,2.0,0.9574271077563381,-1.0,1,2025,1,1,5,3,3,1,0,0,0,1,1,0,0,0,2
2025-02-03,S007,Bulldozer,0,0,0.0,1.0,2.0,0.75,2.0,0.9574271077563381,-2.0,2,2025,2,1,6,2,2,0,0,1,0,1,0,0,0,0,1
2025-02-10,S007,Bulldozer,0,0,0.0,0.0,2.0,0.25,1.0,0.49999999999999994,-2.0,3,2025,2,1,7,3,3,1,0,1,0,1,0,0,0,0,0
2025-02-17,S007,Bulldozer,0,1,0.0,0.0,1.0,0.0,0.0,0.0,-1.0,4,2025,2,1,8,3,3,1,0,0,0,1,1,0,0,0,0
2025-02-24,S007,Bulldozer,1,1,0.0,0.0,0.0,0.25,1.0,0.5,1.0,0,2025,2,1,9,3,3,0,1,0,0,1,1,1,0,0,0
2025-03-03,S007,Bulldozer,1,0,1.0,0.0,0.0,0.5,1.0,0.5773502691896257,1.0,0,2025,3,1,10,1,1,0,1,0,0,0,0,0,1,1,0
2025-03-10,S007,Bulldozer,0,0,1.0,1.0,0.0,0.5,1.0,0.5773502691896257,0.0,1,2025,3,1,11,1,1,0,0,1,0,0,0,0,0,1,1
2025-03-17,S007,Bulldozer,0,0,0.0,1.0,0.0,0.5,1.0,0.5773502691896257,0.0,2,2025,3,1,12,2,2,1,0,1,0,0,0,0,0,0,1
2025-03-24,S007,Bulldozer,0,1,0.0,0.0,1.0,0.25,1.0,0.5,-1.0,3,2025,3,1,13,3,3,1,0,1,1,0,0,0,0,0,0
2025-03-31,S007,Bulldozer,1,1,0.0,0.0,1.0,0.25,1.0,0.5,0.0,0,2025,3,1,14,6,4,1,1,3,1,0,0,1,0,0,0
2025-04-07,S007,Bulldozer,1,0,1.0,0.0,0.0,0.5,1.0,0.5773502691896257,1.0,0,2025,4,2,15,9,4,0,1,3,1,0,4,0,1,1,0
2025-04-14,S007,Bulldozer,0,0,1.0,1.0,0.0,0.5,1.0,0.5773502691896257,0.0,1,2025,4,2,16,6,3,0,0,1,1,0,4,0,0,1,1
2025-04-21,S007,Bulldozer,0,0,0.0,1.0,0.0,0.5,1.0,0.5773502691896257,0.0,2,2025,4,2,17,5,2,0,0,0,2,0,3,0,0,0,1
2025-04-28,S007,Bulldozer,0,0,0.0,0.0,1.0,0.25,1.0,0.5,-1.0,3,2025,4,2,18,3,2,0,0,0,2,0,1,0,0,0,0
2025-05-05,S007,Bulldozer,0,0,0.0,0.0,1.0,0.0,0.0,0.0,-1.0,4,2025,5,2,19,1,1,0,0,0,1,0,0,0,0,0,0
2025-05-12,S007,Bulldozer,0,0,0.0,0.0,0.0,0.0,0.0,0.0,0.0,5,2025,5,2,20,1,1,0,0,0,1,0,0,0,0,0,0
2025-05-19,S007,Bulldozer,0,0,0.0,0.0,0.0,0.0,0.0,0.0,0.0,6,2025,5,2,21,0,0,0,0,0,0,0,0,0,0,0,0
2025-05-26,S007,Bulldozer,0,0,0.0,0.0,0.0,0.0,0.0,0.0,0.0,7,2025,5,2,22,0,0,0,0,0,0,0,0,0,0,0,0
2025-06-02,S007,Bulldozer,0,0,0.0,0.0,0.0,0.0,0.0,0.0,0.0,8,2025,6,2,23,0,0,0,0,0,0,0,0,0,0,0,0
2025-06-09,S007,Bulldozer,0,1,0.0,0.0,0.0,0.0,0.0,0.0,0.0,9,2025,6,2,24,0,0,0,0,0,0,0,0,0,0,0,0
2025-06-16,S007,Bulldozer,1,1,0.0,0.0,0.0,0.25,1.0,0.5,1.0,0,2025,6,2,25,2,2,1,1,0,0,0,0,1,0,0,0
2025-06-23,S007,Bulldozer,1,1,1.0,0.0,0.0,0.5,1.0,0.5773502691896257,1.0,0,2025,6,2,26,3,3,1,1,1,0,0,0,0,0,1,0
2025-06-30,S007,Bulldozer,1,1,1.0,1.0,0.0,0.75,1.0,0.5,1.0,0,2025,6,2,27,3,3,1,1,1,0,0,0,0,0,1,0
2025-07-07,S007,Bulldozer,1,1,1.0,1.0,0.0,1.0,1.0,0.0,1.0,0,2025,7,3,28,3,3,0,1,0,1,1,0,0,1,0,0
2025-07-14,S007,Bulldozer,1,1,1.0,1.0,1.0,1.0,1.0,0.0,0.0,0,2025,7,3,29,3,3,0,1,0,1,1,0,1,0,0,1
2025-07-21,S007,Bulldozer,1,0,1.0,1.0,1.0,1.0,1.0,0.0,0.0,0,2025,7,3,30,3,3,0,1,0,1,1,0,0,1,1,1
2025-07-28,S007,Bulldozer,0,0,1.0,1.0,1.0,0.75,1.0,0.5,-1.0,1,2025,7,3,31,1,1,0,0,0,1,0,0,0,0,1,1
2025-08-04,S007,Bulldozer,0,1,0.0,1.0,1.0,0.5,1.0,0.5773502691896257,-1.0,2,2025,8,3,32,2,2,1,0,0,0,0,1,0,0,0,1
2025-08-11,S007,Bulldozer,1,1,0.0,0.0,1.0,0.5,1.0,0.5773502691896257,0.0,0,2025,8,3,33,4,4,1,1,0,0,1,1,1,0,0,0
2025-08-18,S007,Bulldozer,1,0,1.0,0.0,1.0,0.5,1.0,0.5773502691896257,0.0,0,2025,8,3,34,4,4,1,1,0,0,1,1,0,1,1,0
2025-08-25,S007,Bulldozer,0,0,1.0,1.0,0.0,0.5,1.0,0.5773502691896257,0.0,1,2025,8,3,35,1,1,1,0,0,0,0,0,0,0,1,1
2025-09-01,S007,Bulldozer,0,0,0.0,1.0,0.0,0.5,1.0,0.5773502691896257,0.0,2,2025,9,3,36,1,1,1,0,0,0,0,0,0,0,0,1
2025-09-08,S007,Bulldozer,0,0,0.0,0.0,1.0,0.25,1.0,0.5,-1.0,3,2025,9,3,37,2,1,0,0,0,0,2,0,0,0,0,0
2025-09-15,S007,Bulldozer,0,0,0.0,0.0,1.0,0.0,0.0,0.0,-1.0,4,2025,9,3,38,3,2,1,0,0,0,2,0,0,0,0,0
2025-09-22,S007,Bulldozer,0,1,0.0,0.0,0.0,0.0,0.0,0.0,0.0,5,2025,9,3,39,2,2,1,0,0,0,1,0,0,0,0,0
2025-09-29,S007,Bulldozer,1,1,0.0,0.0,0.0,0.25,1.0,0.5,1.0,0,2025,9,3,40,4,4,1,1,0,0,1,1,1,0,0,0
2025-10-06,S007,Bulldozer,1,0,1.0,0.0,0.0,0.5,1.0,0.5773502691896257,1.0,0,2025,10,4,41,4,4,1,1,0,0,1,1,0,1,1,0
2025-10-13,S007,Bulldozer,0,0,1.0,1.0,0.0,0.5,1.0,0.5773502691896257,0.0,1,2025,10,4,42,5,3,1,0,1,0,3,0,0,0,1,1
2025-10-20,S007,Bulldozer,0,0,0.0,1.0,0.0,0.5,1.0,0.5773502691896257,0.0,2,2025,10,4,43,6,4,1,0,1,1,3,0,0,0,0,1
2025-10-27,S007,Bulldozer,0,0,0.0,0.0,1.0,0.25,1.0,0.5,-1.0,3,2025,10,4,44,5,3,1,0,0,1,3,0,0,0,0,0
2025-11-03,S007,Bulldozer,0,0,0.0,0.0,1.0,0.0,0.0,0.0,-1.0,4,2025,11,4,45,3,3,1,0,0,1,1,0,0,0,0,0
2025-11-10,S007,Bulldozer,0,1,0.0,0.0,0.0,0.0,0.0,0.0,0.0,5,2025,11,4,46,3,2,0,0,0,1,2,0,0,0,0,0
2025-11-17,S007,Bulldozer,1,2,0.0,0.0,0.0,0.25,1.0,0.5,1.0,0,2025,11,4,47,4,3,0,1,0,1,2,0,1,0,0,0
2025-11-24,S007,Bulldozer,2,2,1.0,0.0,0.0,0.75,2.0,0.9574271077563381,2.0,0,2025,11,4,48,3,2,0,2,0,0,1,0,1,0,1,0
2025-12-01,S007,Bulldozer,2,1,2.0,1.0,0.0,1.25,2.0,0.9574271077563381,2.0,0,2025,12,4,49,3,2,0,2,0,0,0,1,0,1,2,0
2025-12-08,S007,Bulldozer,1,1,2.0,2.0,0.0,1.5,2.0,0.5773502691896257,1.0,0,2025,12,4,50,2,2,0,1,0,0,0,1,0,1,1,1
2025-12-15,S007,Bulldozer,1,1,1.0,2.0,1.0,1.5,2.0,0.5773502691896257,0.0,0,2025,12,4,51,2,2,0,1,0,1,0,0,1,0,0,2
2024-01-01,S007,Crane,0,0,0.0,0.0,0.0,0.0,0.0,0.0,0.0,1,2024,1,1,1,0,0,0,0,0,0,0,0,0,0,0,0
2024-01-08,S007,Crane,0,0,0.0,0.0,0.0,0.0,0.0,0.0,0.0,2,2024,1,1,2,0,0,0,0,0,0,0,0,0,0,0,0
2024-01-15,S007,Crane,0,0,0.0,0.0,0.0,0.0,0.0,0.0,0.0,3,2024,1,1,3,1,1,1,0,0,0,0,0,0,0,0,0
2024-01-22,S007,Crane,0,0,0.0,0.0,0.0,0.0,0.0,0.0,0.0,4,2024,1,1,4,5,4,1,1,0,0,2,1,0,0,0,0
2024-01-29,S007,Crane,0,0,0.0,0.0,0.0,0.0,0.0,0.0,0.0,5,2024,1,1,5,4,3,0,1,0,0,2,1,0,0,0,0
2024-02-05,S007,Crane,0,0,0.0,0.0,0.0,0.0,0.0,0.0,0.0,6,2024,2,1,6,3,3,0,1,0,0,1,1,0,0,0,0
2024-02-12,S007,Crane,0,0,0.0,0.0,0.0,0.0,0.0,0.0,0.0,7,2024,2,1,7,3,3,0,1,0,0,1,1,0,0,0,0
2024-02-19,S007,Crane,0,0,0.0,0.0,0.0,0.0,0.0,0.0,0.0,8,2024,2,1,8,1,1,0,0,0,0,1,0,0,0,0,0
2024-02-26,S007,Crane,0,0,0.0,0.0,0.0,0.0,0.0,0.0,0.0,9,2024,2,1,9,2,2,0,0,0,0,1,1,0,0,0,0
2024-03-04,S007,Crane,0,0,0.0,0.0,0.0,0.0,0.0,0.0,0.0,10,2024,3,1,10,2,2,0,0,0,0,1,1,0,0,0,0
2024-03-11,S007,Crane,0,1,0.0,0.0,0.0,0.0,0.0,0.0,0.0,11,2024,3,1,11,1,1,0,0,0,0,1,0,0,0,0,0
2024-03-18,S007,Crane,1,1,0.0,0.0,0.0,0.25,1.0,0.5,1.0,0,2024,3,1,12,3,3,1,0,0,1,1,0,1,0,0,0
2024-03-25,S007,Crane,1,0,1.0,0.0,0.0,0.5,1.0,0.5773502691896257,1.0,0,2024,3,1,13,7,4,2,1,0,1,3,0,0,1,1,0
2024-04-01,S007,Crane,0,0,1.0,1.0,0.0,0.5,1.0,0.5773502691896257,0.0,1,2024,4,2,14,6,3,2,1,0,0,3,0,0,0,1,1
2024-04-08,S007,Crane,0,0,0.0,1.0,0.0,0.5,1.0,0.5773502691896257,0.0,2,2024,4,2,15,3,3,1,0,1,0,1,0,0,0,0,1
2024-04-15,S007,Crane,0,0,0.0,0.0,1.0,0.25,1.0,0.5,-1.0,3,2024,4,2,16,3,3,1,0,1,0,1,0,0,0,0,0
2024-04-22,S007,Crane,0,1,0.0,0.0,1.0,0.0,0.0,0.0,-1.0,4,2024,4,2,17,2,2,1,0,0,0,1,0,0,0,0,0
2024-04-29,S007,Crane,1,1,0.0,0.0,0.0,0.25,1.0,0.5,1.0,0,2024,4,2,18,2,2,1,0,0,1,0,0,1,0,0,0
2024-05-06,S007,Crane,1,2,1.0,0.0,0.0,0.5,1.0,0.5773502691896257,1.0,0,2024,5,2,19,3,3,0,1,0,1,1,0,0,0,1,0
2024-05-13,S007,Crane,2,2,1.0,1.0,0.0,1.0,2.0,0.816496580927726,2.0,0,2024,5,2,20,5,4,0,1,0,2,1,1,1,0,1,0
2024-05-20,S007,Crane,2,1,2.0,1.0,0.0,1.5,2.0,0.5773502691896257,2.0,0,2024,5,2,21,6,4,1,0,0,2,2,1,0,1,1,0
2024-05-27,S007,Crane,1,3,2.0,2.0,1.0,1.5,2.0,0.5773502691896257,0.0,0,2024,5,2,22,5,4,1,0,0,1,2,1,0,0,1,1
2024-06-03,S007,Crane,3,3,1.0,2.0,1.0,2.0,3.0,0.816496580927726,2.0,0,2024,6,2,23,5,3,0,0,0,3,1,1,2,0,0,1
2024-06-10,S007,Crane,3,0,3.0,1.0,2.0,2.25,3.0,0.9574271077563381,1.0,0,2024,6,2,24,6,4,1,0,0,3,1,1,0,3,2,0
2024-06-17,S007,Crane,0,0,3.0,3.0,2.0,1.75,3.0,1.5,-2.0,1,2024,6,2,25,2,2,1,0,0,0,0,1,0,0,2,3
2024-06-24,S007,Crane,0,0,0.0,3.0,1.0,1.5,3.0,1.7320508075688772,-1.0,2,2024,6,2,26,1,1,0,0,0,0,0,1,0,0,0,3
2024-07-01,S007,Crane,0,0,0.0,0.0,3.0,0.75,3.0,1.5,-3.0,3,2024,7,3,27,2,1,0,0,0,0,0,2,0,0,0,0
2024-07-08,S007,Crane,0,0,0.0,0.0,3.0,0.0,0.0,0.0,-3.0,4,2024,7,3,28,3,2,0,0,0,0,1,2,0,0,0,0
2024-07-15,S007,Crane,0,0,0.0,0.0,0.0,0.0,0.0,0.0,0.0,5,2024,7,3,29,2,2,0,0,0,0,1,1,0,0,0,0
2024-07-22,S007,Crane,0,0,0.0,0.0,0.0,0.0,0.0,0.0,0.0,6,2024,7,3,30,0,0,0,0,0,0,0,0,0,0,0,0
2024-07-29,S007,Crane,0,0,0.0,0.0,0.0,0.0,0.0,0.0,0.0,7,2024,7,3,31,0,0,0,0,0,0,0,0,0,0,0,0
2024-08-05,S007,Crane,0,1,0.0,0.0,0.0,0.0,0.0,0.0,0.0,8,2024,8,3,32,1,1,0,0,0,0,1,0,0,0,0,0
2024-08-12,S007,Crane,1,1,0.0,0.0,0.0,0.25,1.0,0.5,1.0,0,2024,8,3,33,2,2,0,0,0,1,1,0,1,0,0,0
2024-08-19,S007,Crane,1,1,1.0,0.0,0.0,0.5,1.0,0.5773502691896257,1.0,0,2024,8,3,34,3,3,0,0,0,1,1,1,0,0,1,0
2024-08-26,S007,Crane,1,1,1.0,1.0,0.0,0.75,1.0,0.5,1.0,0,2024,8,3,35,4,4,1,0,0,1,1,1,0,0,1,0
2024-09-02,S007,Crane,1,0,1.0,1.0,0.0,1.0,1.0,0.0,1.0,0,2024,9,3,36,7,5,2,2,1,1,1,0,0,1,0,0
2024-09-09,S007,Crane,0,0,1.0,1.0,1.0,0.75,1.0,0.5,-1.0,1,2024,9,3,37,7,4,2,2,1,0,2,0,0,0,0,1
2024-09-16,S007,Crane,0,0,0.0,1.0,1.0,0.5,1.0,0.5773502691896257,-1.0,2,2024,9,3,38,6,3,1,3,0,0,2,0,0,0,0,1
2024-09-23,S007,Crane,0,0,0.0,0.0,1.0,0.25,1.0,0.5,-1.0,3,2024,9,3,39,5,3,0,3,1,0,1,0,0,0,0,0
2024-09-30,S007,Crane,0,0,0.0,0.0,1.0,0.0,0.0,0.0,-1.0,4,2024,9,3,40,3,3,0,1,1,0,1,0,0,0,0,0
2024-10-07,S007,Crane,0,1,0.0,0.0,0.0,0.0,0.0,0.0,0.0,5,2024,10,4,41,3,2,0,0,0,0,1,2,0,0,0,0
2024-10-14,S007,Crane,1,1,0.0,0.0,0.0,0.25,1.0,0.5,1.0,0,2024,10,4,42,6,3,0,0,0,1,2,3,1,0,0,0
2024-10-21,S007,Crane,1,1,1.0,0.0,0.0,0.5,1.0,0.5773502691896257,1.0,0,2024,10,4,43,7,4,1,0,0,1,2,3,0,0,1,0
2024-10-28,S007,Crane,1,1,1.0,1.0,0.0,0.75,1.0,0.5,1.0,0,2024,10,4,44,4,3,1,0,0,1,0,2,0,1,1,0
2024-11-04,S007,Crane,1,3,1.0,1.0,0.0,1.0,1.0,0.0,1.0,0,2024,11,4,45,3,2,0,0,0,1,2,0,1,0,0,1
2024-11-11,S007,Crane,3,3,1.0,1.0,1.0,1.5,3.0,1.0,2.0,0,2024,11,4,46,8,3,3,0,0,3,2,0,2,0,1,1
2024-11-18,S007,Crane,3,2,3.0,1.0,1.0,2.0,3.0,1.1547005383792515,2.0,0,2024,11,4,47,8,3,3,0,0,3,2,0,0,1,3,0
2024-11-25,S007,Crane,2,1,3.0,3.0,1.0,2.25,3.0,0.9574271077563381,1.0,0,2024,11,4,48,5,4,1,1,0,2,1,0,0,1,2,1
2024-12-02,S007,Crane,1,0,2.0,3.0,1.0,2.25,3.0,0.9574271077563381,0.0,0,2024,12,4,49,3,3,0,1,0,1,1,0,0,1,0,2
2024-12-09,S007,Crane,0,0,1.0,2.0,3.0,1.5,3.0,1.2909944487358056,-3.0,1,2024,12,4,50,2,2,0,1,0,0,1,0,0,0,0,2
2024-12-16,S007,Crane,0,0,0.0,1.0,3.0,0.75,2.0,0.9574271077563381,-3.0,2,2024,12,4,51,3,3,0,1,0,0,1,1,0,0,0,1
2024-12-23,S007,Crane,0,0,0.0,0.0,2.0,0.25,1.0,0.49999999999999994,-2.0,3,2024,12,4,52,4,3,0,1,0,0,2,1,0,0,0,0
2024-12-30,S007,Crane,0,0,0.0,0.0,1.0,0.0,0.0,0.0,-1.0,4,2024,12,4,1,5,3,0,1,0,0,3,1,0,0,0,0
2025-01-06,S007,Crane,0,0,0.0,0.0,0.0,0.0,0.0,0.0,0.0,5,2025,1,1,2,5,2,0,2,0,0,3,0,0,0,0,0
2025-01-13,S007,Crane,0,0,0.0,0.0,0.0,0.0,0.0,0.0,0.0,6,2025,1,1,3,4,2,0,2,0,0,2,0,0,0,0,0
2025-01-20,S007,Crane,0,0,0.0,0.0,0.0,0.0,0.0,0.0,0.0,7,2025,1,1,4,4,4,1,1,0,0,1,1,0,0,0,0
2025-01-27,S007,Crane,0,0,0.0,0.0,0.0,0.0,0.0,0.0,0.0,8,2025,1,1,5,3,3,1,0,0,0,1,1,0,0,0,0
2025-02-03,S007,Crane,0,0,0.0,0.0,0.0,0.0,0.0,0.0,0.0,9,2025,2,1,6,2,2,0,0,1,0,1,0,0,0,0,0
2025-02-10,S007,Crane,0,0,0.0,0.0,0.0,0.0,0.0,0.0,0.0,10,2025,2,1,7,3,3,1,0,1,0,1,0,0,0,0,0
2025-02-17,S007,Crane,0,0,0.0,0.0,0.0,0.0,0.0,0.0,0.0,11,2025,2,1,8,3,3,1,0,0,0,1,1,0,0,0,0
2025-02-24,S007,Crane,0,0,0.0,0.0,0.0,0.0,0.0,0.0,0.0,12,2025,2,1,9,3,3,0,1,0,0,1,1,0,0,0,0
2025-03-03,S007,Crane,0,0,0.0,0.0,0.0,0.0,0.0,0.0,0.0,13,2025,3,1,10,1,1,0,1,0,0,0,0,0,0,0,0
2025-03-10,S007,Crane,0,0,0.0,0.0,0.0,0.0,0.0,0.0,0.0,14,2025,3,1,11,1,1,0,0,1,0,0,0,0,0,0,0
2025-03-17,S007,Crane,0,1,0.0,0.0,0.0,0.0,0.0,0.0,0.0,15,2025,3,1,12,2,2,1,0,1,0,0,0,0,0,0,0
2025-03-24,S007,Crane,1,1,0.0,0.0,0.0,0.25,1.0,0.5,1.0,0,2025,3,1,13,3,3,1,0,1,1,0,0,1,0,0,0
2025-03-31,S007,Crane,1,1,1.0,0.0,0.0,0.5,1.0,0.5773502691896257,1.0,0,2025,3,1,14,6,4,1,1,3,1,0,0,0,1,1,0
2025-04-07,S007,Crane,1,1,1.0,1.0,0.0,0.75,1.0,0.5,1.0,0,2025,4,2,15,9,4,0,1,3,1,0,4,1,0,1,1
2025-04-14,S007,Crane,1,2,1.0,1.0,0.0,1.0,1.0,0.0,1.0,0,2025,4,2,16,6,3,0,0,1,1,0,4,0,0,1,1
2025-04-21,S007,Crane,2,2,1.0,1.0,1.0,1.25,2.0,0.5,1.0,0,2025,4,2,17,5,2,0,0,0,2,0,3,1,0,1,0
2025-04-28,S007,Crane,2,1,2.0,1.0,1.0,1.5,2.0,0.5773502691896257,1.0,0,2025,4,2,18,3,2,0,0,0,2,0,1,0,2,1,0
2025-05-05,S007,Crane,1,1,2.0,2.0,1.0,1.5,2.0,0.5773502691896257,0.0,0,2025,5,2,19,1,1,0,0,0,1,0,0,1,0,1,2
2025-05-12,S007,Crane,1,0,1.0,2.0,1.0,1.5,2.0,0.5773502691896257,0.0,0,2025,5,2,20,1,1,0,0,0,1,0,0,0,1,1,2
2025-05-19,S007,Crane,0,0,1.0,1.0,2.0,1.0,2.0,0.816496580927726,-2.0,1,2025,5,2,21,0,0,0,0,0,0,0,0,0,0,1,1
2025-05-26,S007,Crane,0,0,0.0,1.0,2.0,0.5,1.0,0.5773502691896257,-2.0,2,2025,5,2,22,0,0,0,0,0,0,0,0,0,0,0,1
2025-06-02,S007,Crane,0,0,0.0,0.0,1.0,0.25,1.0,0.5,-1.0,3,2025,6,2,23,0,0,0,0,0,0,0,0,0,0,0,0
2025-06-09,S007,Crane,0,0,0.0,0.0,1.0,0.0,0.0,0.0,-1.0,4,2025,6,2,24,0,0,0,0,0,0,0,0,0,0,0,0
2025-06-16,S007,Crane,0,0,0.0,0.0,0.0,0.0,0.0,0.0,0.0,5,2025,6,2,25,2,2,1,1,0,0,0,0,0,0,0,0
2025-06-23,S007,Crane,0,0,0.0,0.0,0.0,0.0,0.0,0.0,0.0,6,2025,6,2,26,3,3,1,1,1,0,0,0,0,0,0,0
2025-06-30,S007,Crane,0,1,0.0,0.0,0.0,0.0,0.0,0.0,0.0,7,2025,6,2,27,3,3,1,1,1,0,0,0,0,0,0,0
2025-07-07,S007,Crane,1,1,0.0,0.0,0.0,0.25,1.0,0.5,1.0,0,2025,7,3,28,3,3,0,1,0,1,1,0,1,0,0,0
2025-07-14,S007,Crane,1,1,1.0,0.0,0.0,0.5,1.0,0.5773502691896257,1.0,0,2025,7,3,29,3,3,0,1,0,1,1,0,0,1,1,0
2025-07-21,S007,Crane,1,1,1.0,1.0,0.0,0.75,1.0,0.5,1.0,0,2025,7,3,30,3,3,0,1,0,1,1,0,1,0,1,1
2025-07-28,S007,Crane,1,0,1.0,1.0,0.0,1.0,1.0,0.0,1.0,0,2025,7,3,31,1,1,0,0,0,1,0,0,0,1,1,1
2025-08-04,S007,Crane,0,0,1.0,1.0,1.0,0.75,1.0,0.5,-1.0,1,2025,8,3,32,2,2,1,0,0,0,0,1,0,0,1,1
2025-08-11,S007,Crane,0,0,0.0,1.0,1.0,0.5,1.0,0.5773502691896257,-1.0,2,2025,8,3,33,4,4,1,1,0,0,1,1,0,0,0,1
2025-08-18,S007,Crane,0,0,0.0,0.0,1.0,0.25,1.0,0.5,-1.0,3,2025,8,3,34,4,4,1,1,0,0,1,1,0,0,0,0
2025-08-25,S007,Crane,0,0,0.0,0.0,1.0,0.0,0.0,0.0,-1.0,4,2025,8,3,35,1,1,1,0,0,0,0,0,0,0,0,0
2025-09-01,S007,Crane,0,0,0.0,0.0,0.0,0.0,0.0,0.0,0.0,5,2025,9,3,36,1,1,1,0,0,0,0,0,0,0,0,0
2025-09-08,S007,Crane,0,0,0.0,0.0,0.0,0.0,0.0,0.0,0.0,6,2025,9,3,37,2,1,0,0,0,0,2,0,0,0,0,0
2025-09-15,S007,Crane,0,0,0.0,0.0,0.0,0.0,0.0,0.0,0.0,7,2025,9,3,38,3,2,1,0,0,0,2,0,0,0,0,0
2025-09-22,S007,Crane,0,0,0.0,0.0,0.0,0.0,0.0,0.0,0.0,8,2025,9,3,39,2,2,1,0,0,0,1,0,0,0,0,0
2025-09-29,S007,Crane,0,0,0.0,0.0,0.0,0.0,0.0,0.0,0.0,9,2025,9,3,40,4,4,1,1,0,0,1,1,0,0,0,0
2025-10-06,S007,Crane,0,0,0.0,0.0,0.0,0.0,0.0,0.0,0.0,10,2025,10,4,41,4,4,1,1,0,0,1,1,0,0,0,0
2025-10-13,S007,Crane,0,1,0.0,0.0,0.0,0.0,0.0,0.0,0.0,11,2025,10,4,42,5,3,1,0,1,0,3,0,0,0,0,0
2025-10-20,S007,Crane,1,1,0.0,0.0,0.0,0.25,1.0,0.5,1.0,0,2025,10,4,43,6,4,1,0,1,1,3,0,1,0,0,0
2025-10-27,S007,Crane,1,1,1.0,0.0,0.0,0.5,1.0,0.5773502691896257,1.0,0,2025,10,4,44,5,3,1,0,0,1,3,0,0,0,1,0
2025-11-03,S007,Crane,1,1,1.0,1.0,0.0,0.75,1.0,0.5,1.0,0,2025,11,4,45,3,3,1,0,0,1,1,0,0,0,1,0
2025-11-10,S007,Crane,1,1,1.0,1.0,0.0,1.0,1.0,0.0,1.0,0,2025,11,4,46,3,2,0,0,0,1,2,0,0,0,0,0
2025-11-17,S007,Crane,1,0,1.0,1.0,1.0,1.0,1.0,0.0,0.0,0,2025,11,4,47,4,3,0,1,0,1,2,0,0,1,0,0
2025-11-24,S007,Crane,0,0,1.0,1.0,1.0,0.75,1.0,0.5,-1.0,1,2025,11,4,48,3,2,0,2,0,0,1,0,0,0,0,1
2025-12-01,S007,Crane,0,0,0.0,1.0,1.0,0.5,1.0,0.5773502691896257,-1.0,2,2025,12,4,49,3,2,0,2,0,0,0,1,0,0,0,1
2025-12-08,S007,Crane,0,1,0.0,0.0,1.0,0.25,1.0,0.5,-1.0,3,2025,12,4,50,2,2,0,1,0,0,0,1,0,0,0,0
2025-12-15,S007,Crane,1,1,0.0,0.0,1.0,0.25,1.0,0.5,0.0,0,2025,12,4,51,2,2,0,1,0,1,0,0,1,0,0,0
2024-01-01,S007,Excavator,0,0,0.0,0.0,0.0,0.0,0.0,0.0,0.0,1,2024,1,1,1,0,0,0,0,0,0,0,0,0,0,0,0
2024-01-08,S007,Excavator,0,1,0.0,0.0,0.0,0.0,0.0,0.0,0.0,2,2024,1,1,2,0,0,0,0,0,0,0,0,0,0,0,0
2024-01-15,S007,Excavator,1,1,0.0,0.0,0.0,0.0,0.0,0.0,0.0,0,2024,1,1,3,1,1,1,0,0,0,0,0,1,0,0,0
2024-01-22,S007,Excavator,1,0,1.0,0.0,0.0,0.5,1.0,0.5773502691896257,0.0,0,2024,1,1,4,5,4,1,1,0,0,2,1,0,1,1,0
2024-01-29,S007,Excavator,0,0,1.0,1.0,0.0,0.5,1.0,0.5773502691896257,0.0,1,2024,1,1,5,4,3,0,1,0,0,2,1,0,0,1,1
2024-02-05,S007,Excavator,0,0,0.0,1.0,0.0,0.5,1.0,0.5773502691896257,0.0,2,2024,2,1,6,3,3,0,1,0,0,1,1,0,0,0,1
2024-02-12,S007,Excavator,0,0,0.0,0.0,1.0,0.25,1.0,0.5,-1.0,3,2024,2,1,7,3,3,0,1,0,0,1,1,0,0,0,0
2024-02-19,S007,Excavator,0,0,0.0,0.0,1.0,0.0,0.0,0.0,-1.0,4,2024,2,1,8,1,1,0,0,0,0,1,0,0,0,0,0
2024-02-26,S007,Excavator,0,0,0.0,0.0,0.0,0.0,0.0,0.0,0.0,5,2024,2,1,9,2,2,0,0,0,0,1,1,0,0,0,0
2024-03-04,S007,Excavator,0,0,0.0,0.0,0.0,0.0,0.0,0.0,0.0,6,2024,3,1,10,2,2,0,0,0,0,1,1,0,0,0,0
2024-03-11,S007,Excavator,0,1,0.0,0.0,0.0,0.0,0.0,0.0,0.0,7,2024,3,1,11,1,1,0,0,0,0,1,0,0,0,0,0
2024-03-18,S007,Excavator,1,2,0.0,0.0,0.0,0.25,1.0,0.5,1.0,0,2024,3,1,12,3,3,1,0,0,1,1,0,1,0,0,0
2024-03-25,S007,Excavator,2,2,1.0,0.0,0.0,0.75,2.0,0.9574271077563381,2.0,0,2024,3,1,13,7,4,2,1,0,1,3,0,1,0,1,0
2024-04-01,S007,Excavator,2,1,2.0,1.0,0.0,1.25,2.0,0.9574271077563381,2.0,0,2024,4,2,14,6,3,2,1,0,0,3,0,0,1,2,0
2024-04-08,S007,Excavator,1,1,2.0,2.0,0.0,1.5,2.0,0.5773502691896257,1.0,0,2024,4,2,15,3,3,1,0,1,0,1,0,0,0,1,1
2024-04-15,S007,Excavator,1,1,1.0,2.0,1.0,1.5,2.0,0.5773502691896257,0.0,0,2024,4,2,16,3,3,1,0,1,0,1,0,0,0,0,1
2024-04-22,S007,Excavator,1,1,1.0,1.0,2.0,1.25,2.0,0.4999999999999999,-1.0,0,2024,4,2,17,2,2,1,0,0,0,1,0,0,0,0,0
2024-04-29,S007,Excavator,1,0,1.0,1.0,2.0,1.0,1.0,0.0,-1.0,0,2024,4,2,18,2,2,1,0,0,1,0,0,0,1,0,0
2024-05-06,S007,Excavator,0,0,1.0,1.0,1.0,0.75,1.0,0.5,-1.0,1,2024,5,2,19,3,3,0,1,0,1,1,0,0,0,0,1
2024-05-13,S007,Excavator,0,1,0.0,1.0,1.0,0.5,1.0,0.5773502691896257,-1.0,2,2024,5,2,20,5,4,0,1,0,2,1,1,0,0,0,1
2024-05-20,S007,Excavator,1,1,0.0,0.0,1.0,0.5,1.0,0.5773502691896257,0.0,0,2024,5,2,21,6,4,1,0,0,2,2,1,1,0,0,0
2024-05-27,S007,Excavator,1,0,1.0,0.0,1.0,0.5,1.0,0.5773502691896257,0.0,0,2024,5,2,22,5,4,1,0,0,1,2,1,0,1,1,0
2024-06-03,S007,Excavator,0,1,1.0,1.0,0.0,0.5,1.0,0.5773502691896257,0.0,1,2024,6,2,23,5,3,0,0,0,3,1,1,0,0,1,1
2024-06-10,S007,Excavator,1,1,0.0,1.0,0.0,0.75,1.0,0.5,1.0,0,2024,6,2,24,6,4,1,0,0,3,1,1,1,0,0,1
2024-06-17,S007,Excavator,1,0,1.0,0.0,1.0,0.75,1.0,0.5,0.0,0,2024,6,2,25,2,2,1,0,0,0,0,1,0,1,1,0
2024-06-24,S007,Excavator,0,0,1.0,1.0,1.0,0.5,1.0,0.5773502691896257,-1.0,1,2024,6,2,26,1,1,0,0,0,0,0,1,0,0,1,1
2024-07-01,S007,Excavator,0,0,0.0,1.0,0.0,0.5,1.0,0.5773502691896257,0.0,2,2024,7,3,27,2,1,0,0,0,0,0,2,0,0,0,1
2024-07-08,S007,Excavator,0,0,0.0,0.0,1.0,0.25,1.0,0.5,-1.0,3,2024,7,3,28,3,2,0,0,0,0,1,2,0,0,0,0
2024-07-15,S007,Excavator,0,0,0.0,0.0,1.0,0.0,0.0,0.0,-1.0,4,2024,7,3,29,2,2,0,0,0,0,1,1,0,0,0,0
2024-07-22,S007,Excavator,0,0,0.0,0.0,0.0,0.0,0.0,0.0,0.0,5,2024,7,3,30,0,0,0,0,0,0,0,0,0,0,0,0
2024-07-29,S007,Excavator,0,0,0.0,0.0,0.0,0.0,0.0,0.0,0.0,6,2024,7,3,31,0,0,0,0,0,0,0,0,0,0,0,0
2024-08-05,S007,Excavator,0,0,0.0,0.0,0.0,0.0,0.0,0.0,0.0,7,2024,8,3,32,1,1,0,0,0,0,1,0,0,0,0,0
2024-08-12,S007,Excavator,0,0,0.0,0.0,0.0,0.0,0.0,0.0,0.0,8,2024,8,3,33,2,2,0,0,0,1,1,0,0,0,0,0
2024-08-19,S007,Excavator,0,1,0.0,0.0,0.0,0.0,0.0,0.0,0.0,9,2024,8,3,34,3,3,0,0,0,1,1,1,0,0,0,0
2024-08-26,S007,Excavator,1,2,0.0,0.0,0.0,0.25,1.0,0.5,1.0,0,2024,8,3,35,4,4,1,0,0,1,1,1,1,0,0,0
2024-09-02,S007,Excavator,2,2,1.0,0.0,0.0,0.75,2.0,0.9574271077563381,2.0,0,2024,9,3,36,7,5,2,2,1,1,1,0,1,0,1,0
2024-09-09,S007,Excavator,2,1,2.0,1.0,0.0,1.25,2.0,0.9574271077563381,2.0,0,2024,9,3,37,7,4,2,2,1,0,2,0,0,1,2,0
2024-09-16,S007,Excavator,1,0,2.0,2.0,0.0,1.5,2.0,0.5773502691896257,1.0,0,2024,9,3,38,6,3,1,3,0,0,2,0,0,1,1,1
2024-09-23,S007,Excavator,0,0,1.0,2.0,1.0,1.25,2.0,0.9574271077563381,-1.0,1,2024,9,3,39,5,3,0,3,1,0,1,0,0,0,0,2
2024-09-30,S007,Excavator,0,0,0.0,1.0,2.0,0.75,2.0,0.9574271077563381,-2.0,2,2024,9,3,40,3,3,0,1,1,0,1,0,0,0,0,1
2024-10-07,S007,Excavator,0,0,0.0,0.0,2.0,0.25,1.0,0.49999999999999994,-2.0,3,2024,10,4,41,3,2,0,0,0,0,1,2,0,0,0,0
2024-10-14,S007,Excavator,0,1,0.0,0.0,1.0,0.0,0.0,0.0,-1.0,4,2024,10,4,42,6,3,0,0,0,1,2,3,0,0,0,0
2024-10-21,S007,Excavator,1,1,0.0,0.0,0.0,0.25,1.0,0.5,1.0,0,2024,10,4,43,7,4,1,0,0,1,2,3,1,0,0,0
2024-10-28,S007,Excavator,1,0,1.0,0.0,0.0,0.5,1.0,0.5773502691896257,1.0,0,2024,10,4,44,4,3,1,0,0,1,0,2,0,1,1,0
2024-11-04,S007,Excavator,0,3,1.0,1.0,0.0,0.5,1.0,0.5773502691896257,0.0,1,2024,11,4,45,3,2,0,0,0,1,2,0,0,0,1,1
2024-11-11,S007,Excavator,3,3,0.0,1.0,0.0,1.25,3.0,1.2583057392117918,3.0,0,2024,11,4,46,8,3,3,0,0,3,2,0,3,0,0,1
2024-11-18,S007,Excavator,3,1,3.0,0.0,1.0,1.75,3.0,1.5000000000000002,2.0,0,2024,11,4,47,8,3,3,0,0,3,2,0,0,2,3,0
2024-11-25,S007,Excavator,1,0,3.0,3.0,1.0,1.75,3.0,1.5000000000000002,0.0,0,2024,11,4,48,5,4,1,1,0,2,1,0,0,1,3,2
2024-12-02,S007,Excavator,0,0,1.0,3.0,0.0,1.75,3.0,1.5000000000000002,0.0,1,2024,12,4,49,3,3,0,1,0,1,1,0,0,0,0,3
2024-12-09,S007,Excavator,0,0,0.0,1.0,3.0,1.0,3.0,1.4142135623730951,-3.0,2,2024,12,4,50,2,2,0,1,0,0,1,0,0,0,0,1
2024-12-16,S007,Excavator,0,0,0.0,0.0,3.0,0.25,1.0,0.5000000000000003,-3.0,3,2024,12,4,51,3,3,0,1,0,0,1,1,0,0,0,0
2024-12-23,S007,Excavator,0,0,0.0,0.0,1.0,0.0,0.0,0.0,-1.0,4,2024,12,4,52,4,3,0,1,0,0,2,1,0,0,0,0
2024-12-30,S007,Excavator,0,0,0.0,0.0,0.0,0.0,0.0,0.0,0.0,5,2024,12,4,1,5,3,0,1,0,0,3,1,0,0,0,0
2025-01-06,S007,Excavator,0,0,0.0,0.0,0.0,0.0,0.0,0.0,0.0,6,2025,1,1,2,5,2,0,2,0,0,3,0,0,0,0,0
2025-01-13,S007,Excavator,0,1,0.0,0.0,0.0,0.0,0.0,0.0,0.0,7,2025,1,1,3,4,2,0,2,0,0,2,0,0,0,0,0
2025-01-20,S007,Excavator,1,1,0.0,0.0,0.0,0.25,1.0,0.5,1.0,0,2025,1,1,4,4,4,1,1,0,0,1,1,1,0,0,0
2025-01-27,S007,Excavator,1,0,1.0,0.0,0.0,0.5,1.0,0.5773502691896257,1.0,0,2025,1,1,5,3,3,1,0,0,0,1,1,0,1,1,0
2025-02-03,S007,Excavator,0,1,1.0,1.0,0.0,0.5,1.0,0.5773502691896257,0.0,1,2025,2,1,6,2,2,0,0,1,0,1,0,0,0,1,1
2025-02-10,S007,Excavator,1,1,0.0,1.0,0.0,0.75,1.0,0.5,1.0,0,2025,2,1,7,3,3,1,0,1,0,1,0,1,0,0,1
2025-02-17,S007,Excavator,1,0,1.0,0.0,1.0,0.75,1.0,0.5,0.0,0,2025,2,1,8,3,3,1,0,0,0,1,1,0,1,1,0
2025-02-24,S007,Excavator,0,0,1.0,1.0,1.0,0.5,1.0,0.5773502691896257,-1.0,1,2025,2,1,9,3,3,0,1,0,0,1,1,0,0,1,1
2025-03-03,S007,Excavator,0,0,0.0,1.0,0.0,0.5,1.0,0.5773502691896257,0.0,2,2025,3,1,10,1,1,0,1,0,0,0,0,0,0,0,1
2025-03-10,S007,Excavator,0,1,0.0,0.0,1.0,0.25,1.0,0.5,-1.0,3,2025,3,1,11,1,1,0,0,1,0,0,0,0,0,0,0
2025-03-17,S007,Excavator,1,1,0.0,0.0,1.0,0.25,1.0,0.5,0.0,0,2025,3,1,12,2,2,1,0,1,0,0,0,1,0,0,0
2025-03-24,S007,Excavator,1,1,1.0,0.0,0.0,0.5,1.0,0.5773502691896257,1.0,0,2025,3,1,13,3,3,1,0,1,1,0,0,0,0,1,0
2025-03-31,S007,Excavator,1,0,1.0,1.0,0.0,0.75,1.0,0.5,1.0,0,2025,3,1,14,6,4,1,1,3,1,0,0,0,1,1,0
2025-04-07,S007,Excavator,0,0,1.0,1.0,0.0,0.75,1.0,0.5,0.0,1,2025,4,2,15,9,4,0,1,3,1,0,4,0,0,0,1
2025-04-14,S007,Excavator,0,0,0.0,1.0,1.0,0.5,1.0,0.5773502691896257,-1.0,2,2025,4,2,16,6,3,0,0,1,1,0,4,0,0,0,1
2025-04-21,S007,Excavator,0,0,0.0,0.0,1.0,0.25,1.0,0.5,-1.0,3,2025,4,2,17,5,2,0,0,0,2,0,3,0,0,0,0
2025-04-28,S007,Excavator,0,0,0.0,0.0,1.0,0.0,0.0,0.0,-1.0,4,2025,4,2,18,3,2,0,0,0,2,0,1,0,0,0,0
2025-05-05,S007,Excavator,0,0,0.0,0.0,0.0,0.0,0.0,0.0,0.0,5,2025,5,2,19,1,1,0,0,0,1,0,0,0,0,0,0
2025-05-12,S007,Excavator,0,0,0.0,0.0,0.0,0.0,0.0,0.0,0.0,6,2025,5,2,20,1,1,0,0,0,1,0,0,0,0,0,0
2025-05-19,S007,Excavator,0,0,0.0,0.0,0.0,0.0,0.0,0.0,0.0,7,2025,5,2,21,0,0,0,0,0,0,0,0,0,0,0,0
2025-05-26,S007,Excavator,0,0,0.0,0.0,0.0,0.0,0.0,0.0,0.0,8,2025,5,2,22,0,0,0,0,0,0,0,0,0,0,0,0
2025-06-02,S007,Excavator,0,0,0.0,0.0,0.0,0.0,0.0,0.0,0.0,9,2025,6,2,23,0,0,0,0,0,0,0,0,0,0,0,0
2025-06-09,S007,Excavator,0,1,0.0,0.0,0.0,0.0,0.0,0.0,0.0,10,2025,6,2,24,0,0,0,0,0,0,0,0,0,0,0,0
2025-06-16,S007,Excavator,1,1,0.0,0.0,0.0,0.25,1.0,0.5,1.0,0,2025,6,2,25,2,2,1,1,0,0,0,0,1,0,0,0
2025-06-23,S007,Excavator,1,1,1.0,0.0,0.0,0.5,1.0,0.5773502691896257,1.0,0,2025,6,2,26,3,3,1,1,1,0,0,0,0,0,1,0
2025-06-30,S007,Excavator,1,0,1.0,1.0,0.0,0.75,1.0,0.5,1.0,0,2025,6,2,27,3,3,1,1,1,0,0,0,0,1,1,0
2025-07-07,S007,Excavator,0,0,1.0,1.0,0.0,0.75,1.0,0.5,0.0,1,2025,7,3,28,3,3,0,1,0,1,1,0,0,0,0,1
2025-07-14,S007,Excavator,0,0,0.0,1.0,1.0,0.5,1.0,0.5773502691896257,-1.0,2,2025,7,3,29,3,3,0,1,0,1,1,0,0,0,0,1
2025-07-21,S007,Excavator,0,0,0.0,0.0,1.0,0.25,1.0,0.5,-1.0,3,2025,7,3,30,3,3,0,1,0,1,1,0,0,0,0,0
2025-07-28,S007,Excavator,0,1,0.0,0.0,1.0,0.0,0.0,0.0,-1.0,4,2025,7,3,31,1,1,0,0,0,1,0,0,0,0,0,0
2025-08-04,S007,Excavator,1,1,0.0,0.0,0.0,0.25,1.0,0.5,1.0,0,2025,8,3,32,2,2,1,0,0,0,0,1,1,0,0,0
2025-08-11,S007,Excavator,1,1,1.0,0.0,0.0,0.5,1.0,0.5773502691896257,1.0,0,2025,8,3,33,4,4,1,1,0,0,1,1,0,0,1,0
2025-08-18,S007,Excavator,1,1,1.0,1.0,0.0,0.75,1.0,0.5,1.0,0,2025,8,3,34,4,4,1,1,0,0,1,1,0,0,1,0
2025-08-25,S007,Excavator,1,1,1.0,1.0,0.0,1.0,1.0,0.0,1.0,0,2025,8,3,35,1,1,1,0,0,0,0,0,0,0,0,0
2025-09-01,S007,Excavator,1,0,1.0,1.0,1.0,1.0,1.0,0.0,0.0,0,2025,9,3,36,1,1,1,0,0,0,0,0,0,1,0,0
2025-09-08,S007,Excavator,0,1,1.0,1.0,1.0,0.75,1.0,0.5,-1.0,1,2025,9,3,37,2,1,0,0,0,0,2,0,0,0,0,1
2025-09-15,S007,Excavator,1,1,0.0,1.0,1.0,0.75,1.0,0.5,0.0,0,2025,9,3,38,3,2,1,0,0,0,2,0,1,0,0,1
2025-09-22,S007,Excavator,1,1,1.0,0.0,1.0,0.75,1.0,0.5,0.0,0,2025,9,3,39,2,2,1,0,0,0,1,0,0,0,1,0
2025-09-29,S007,Excavator,1,1,1.0,1.0,1.0,0.75,1.0,0.5,0.0,0,2025,9,3,40,4,4,1,1,0,0,1,1,0,0,1,0
2025-10-06,S007,Excavator,1,1,1.0,1.0,0.0,1.0,1.0,0.0,1.0,0,2025,10,4,41,4,4,1,1,0,0,1,1,0,1,0,0
2025-10-13,S007,Excavator,1,1,1.0,1.0,1.0,1.0,1.0,0.0,0.0,0,2025,10,4,42,5,3,1,0,1,0,3,0,1,0,0,1
2025-10-20,S007,Excavator,1,1,1.0,1.0,1.0,1.0,1.0,0.0,0.0,0,2025,10,4,43,6,4,1,0,1,1,3,0,0,0,1,1
2025-10-27,S007,Excavator,1,1,1.0,1.0,1.0,1.0,1.0,0.0,0.0,0,2025,10,4,44,5,3,1,0,0,1,3,0,0,0,1,0
2025-11-03,S007,Excavator,1,0,1.0,1.0,1.0,1.0,1.0,0.0,0.0,0,2025,11,4,45,3,3,1,0,0,1,1,0,0,1,0,0
2025-11-10,S007,Excavator,0,0,1.0,1.0,1.0,0.75,1.0,0.5,-1.0,1,2025,11,4,46,3,2,0,0,0,1,2,0,0,0,0,1
2025-11-17,S007,Excavator,0,0,0.0,1.0,1.0,0.5,1.0,0.5773502691896257,-1.0,2,2025,11,4,47,4,3,0,1,0,1,2,0,0,0,0,1
2025-11-24,S007,Excavator,0,0,0.0,0.0,1.0,0.25,1.0,0.5,-1.0,3,2025,11,4,48,3,2,0,2,0,0,1,0,0,0,0,0
2025-12-01,S007,Excavator,0,0,0.0,0.0,1.0,0.0,0.0,0.0,-1.0,4,2025,12,4,49,3,2,0,2,0,0,0,1,0,0,0,0
2025-12-08,S007,Excavator,0,0,0.0,0.0,0.0,0.0,0.0,0.0,0.0,5,2025,12,4,50,2,2,0,1,0,0,0,1,0,0,0,0
2025-12-15,S007,Excavator,0,0,0.0,0.0,0.0,0.0,0.0,0.0,0.0,6,2025,12,4,51,2,2,0,1,0,1,0,0,0,0,0,0
2024-01-01,S007,Grader,0,0,0.0,0.0,0.0,0.0,0.0,0.0,0.0,1,2024,1,1,1,0,0,0,0,0,0,0,0,0,0,0,0
2024-01-08,S007,Grader,0,0,0.0,0.0,0.0,0.0,0.0,0.0,0.0,2,2024,1,1,2,0,0,0,0,0,0,0,0,0,0,0,0
2024-01-15,S007,Grader,0,0,0.0,0.0,0.0,0.0,0.0,0.0,0.0,3,2024,1,1,3,1,1,1,0,0,0,0,0,0,0,0,0
2024-01-22,S007,Grader,0,0,0.0,0.0,0.0,0.0,0.0,0.0,0.0,4,2024,1,1,4,5,4,1,1,0,0,2,1,0,0,0,0
2024-01-29,S007,Grader,0,0,0.0,0.0,0.0,0.0,0.0,0.0,0.0,5,2024,1,1,5,4,3,0,1,0,0,2,1,0,0,0,0
2024-02-05,S007,Grader,0,0,0.0,0.0,0.0,0.0,0.0,0.0,0.0,6,2024,2,1,6,3,3,0,1,0,0,1,1,0,0,0,0
2024-02-12,S007,Grader,0,0,0.0,0.0,0.0,0.0,0.0,0.0,0.0,7,2024,2,1,7,3,3,0,1,0,0,1,1,0,0,0,0
2024-02-19,S007,Grader,0,0,0.0,0.0,0.0,0.0,0.0,0.0,0.0,8,2024,2,1,8,1,1,0,0,0,0,1,0,0,0,0,0
2024-02-26,S007,Grader,0,0,0.0,0.0,0.0,0.0,0.0,0.0,0.0,9,2024,2,1,9,2,2,0,0,0,0,1,1,0,0,0,0
2024-03-04,S007,Grader,0,0,0.0,0.0,0.0,0.0,0.0,0.0,0.0,10,2024,3,1,10,2,2,0,0,0,0,1,1,0,0,0,0
2024-03-11,S007,Grader,0,0,0.0,0.0,0.0,0.0,0.0,0.0,0.0,11,2024,3,1,11,1,1,0,0,0,0,1,0,0,0,0,0
2024-03-18,S007,Grader,0,0,0.0,0.0,0.0,0.0,0.0,0.0,0.0,12,2024,3,1,12,3,3,1,0,0,1,1,0,0,0,0,0
2024-03-25,S007,Grader,0,0,0.0,0.0,0.0,0.0,0.0,0.0,0.0,13,2024,3,1,13,7,4,2,1,0,1,3,0,0,0,0,0
2024-04-01,S007,Grader,0,1,0.0,0.0,0.0,0.0,0.0,0.0,0.0,14,2024,4,2,14,6,3,2,1,0,0,3,0,0,0,0,0
2024-04-08,S007,Grader,1,1,0.0,0.0,0.0,0.25,1.0,0.5,1.0,0,2024,4,2,15,3,3,1,0,1,0,1,0,1,0,0,0
2024-04-15,S007,Grader,1,0,1.0,0.0,0.0,0.5,1.0,0.5773502691896257,1.0,0,2024,4,2,16,3,3,1,0,1,0,1,0,0,1,1,0
2024-04-22,S007,Grader,0,0,1.0,1.0,0.0,0.5,1.0,0.5773502691896257,0.0,1,2024,4,2,17,2,2,1,0,0,0,1,0,0,0,1,1
2024-04-29,S007,Grader,0,0,0.0,1.0,0.0,0.5,1.0,0.5773502691896257,0.0,2,2024,4,2,18,2,2,1,0,0,1,0,0,0,0,0,1
2024-05-06,S007,Grader,0,0,0.0,0.0,1.0,0.25,1.0,0.5,-1.0,3,2024,5,2,19,3,3,0,1,0,1,1,0,0,0,0,0
2024-05-13,S007,Grader,0,0,0.0,0.0,1.0,0.0,0.0,0.0,-1.0,4,2024,5,2,20,5,4,0,1,0,2,1,1,0,0,0,0
2024-05-20,S007,Grader,0,0,0.0,0.0,0.0,0.0,0.0,0.0,0.0,5,2024,5,2,21,6,4,1,0,0,2,2,1,0,0,0,0
2024-05-27,S007,Grader,0,0,0.0,0.0,0.0,0.0,0.0,0.0,0.0,6,2024,5,2,22,5,4,1,0,0,1,2,1,0,0,0,0
2024-06-03,S007,Grader,0,0,0.0,0.0,0.0,0.0,0.0,0.0,0.0,7,2024,6,2,23,5,3,0,0,0,3,1,1,0,0,0,0
2024-06-10,S007,Grader,0,0,0.0,0.0,0.0,0.0,0.0,0.0,0.0,8,2024,6,2,24,6,4,1,0,0,3,1,1,0,0,0,0
2024-06-17,S007,Grader,0,0,0.0,0.0,0.0,0.0,0.0,0.0,0.0,9,2024,6,2,25,2,2,1,0,0,0,0,1,0,0,0,0
2024-06-24,S007,Grader,0,0,0.0,0.0,0.0,0.0,0.0,0.0,0.0,10,2024,6,2,26,1,1,0,0,0,0,0,1,0,0,0,0
2024-07-01,S007,Grader,0,0,0.0,0.0,0.0,0.0,0.0,0.0,0.0,11,2024,7,3,27,2,1,0,0,0,0,0,2,0,0,0,0
2024-07-08,S007,Grader,0,0,0.0,0.0,0.0,0.0,0.0,0.0,0.0,12,2024,7,3,28,3,2,0,0,0,0,1,2,0,0,0,0
2024-07-15,S007,Grader,0,0,0.0,0.0,0.0,0.0,0.0,0.0,0.0,13,2024,7,3,29,2,2,0,0,0,0,1,1,0,0,0,0
2024-07-22,S007,Grader,0,0,0.0,0.0,0.0,0.0,0.0,0.0,0.0,14,2024,7,3,30,0,0,0,0,0,0,0,0,0,0,0,0
2024-07-29,S007,Grader,0,0,0.0,0.0,0.0,0.0,0.0,0.0,0.0,15,2024,7,3,31,0,0,0,0,0,0,0,0,0,0,0,0
2024-08-05,S007,Grader,0,0,0.0,0.0,0.0,0.0,0.0,0.0,0.0,16,2024,8,3,32,1,1,0,0,0,0,1,0,0,0,0,0
2024-08-12,S007,Grader,0,0,0.0,0.0,0.0,0.0,0.0,0.0,0.0,17,2024,8,3,33,2,2,0,0,0,1,1,0,0,0,0,0
2024-08-19,S007,Grader,0,0,0.0,0.0,0.0,0.0,0.0,0.0,0.0,18,2024,8,3,34,3,3,0,0,0,1,1,1,0,0,0,0
2024-08-26,S007,Grader,0,1,0.0,0.0,0.0,0.0,0.0,0.0,0.0,19,2024,8,3,35,4,4,1,0,0,1,1,1,0,0,0,0
2024-09-02,S007,Grader,1,1,0.0,0.0,0.0,0.25,1.0,0.5,1.0,0,2024,9,3,36,7,5,2,2,1,1,1,0,1,0,0,0
2024-09-09,S007,Grader,1,0,1.0,0.0,0.0,0.5,1.0,0.5773502691896257,1.0,0,2024,9,3,37,7,4,2,2,1,0,2,0,0,1,1,0
2024-09-16,S007,Grader,0,1,1.0,1.0,0.0,0.5,1.0,0.5773502691896257,0.0,1,2024,9,3,38,6,3,1,3,0,0,2,0,0,0,1,1
2024-09-23,S007,Grader,1,1,0.0,1.0,0.0,0.75,1.0,0.5,1.0,0,2024,9,3,39,5,3,0,3,1,0,1,0,1,0,0,1
2024-09-30,S007,Grader,1,0,1.0,0.0,1.0,0.75,1.0,0.5,0.0,0,2024,9,3,40,3,3,0,1,1,0,1,0,0,1,1,0
2024-10-07,S007,Grader,0,0,1.0,1.0,1.0,0.5,1.0,0.5773502691896257,-1.0,1,2024,10,4,41,3,2,0,0,0,0,1,2,0,0,1,1
2024-10-14,S007,Grader,0,0,0.0,1.0,0.0,0.5,1.0,0.5773502691896257,0.0,2,2024,10,4,42,6,3,0,0,0,1,2,3,0,0,0,1
2024-10-21,S007,Grader,0,0,0.0,0.0,1.0,0.25,1.0,0.5,-1.0,3,2024,10,4,43,7,4,1,0,0,1,2,3,0,0,0,0
2024-10-28,S007,Grader,0,0,0.0,0.0,1.0,0.0,0.0,0.0,-1.0,4,2024,10,4,44,4,3,1,0,0,1,0,2,0,0,0,0
2024-11-04,S007,Grader,0,0,0.0,0.0,0.0,0.0,0.0,0.0,0.0,5,2024,11,4,45,3,2,0,0,0,1,2,0,0,0,0,0
2024-11-11,S007,Grader,0,0,0.0,0.0,0.0,0.0,0.0,0.0,0.0,6,2024,11,4,46,8,3,3,0,0,3,2,0,0,0,0,0
2024-11-18,S007,Grader,0,0,0.0,0.0,0.0,0.0,0.0,0.0,0.0,7,2024,11,4,47,8,3,3,0,0,3,2,0,0,0,0,0
2024-11-25,S007,Grader,0,0,0.0,0.0,0.0,0.0,0.0,0.0,0.0,8,2024,11,4,48,5,4,1,1,0,2,1,0,0,0,0,0
2024-12-02,S007,Grader,0,0,0.0,0.0,0.0,0.0,0.0,0.0,0.0,9,2024,12,4,49,3,3,0,1,0,1,1,0,0,0,0,0
2024-12-09,S007,Grader,0,0,0.0,0.0,0.0,0.0,0.0,0.0,0.0,10,2024,12,4,50,2,2,0,1,0,0,1,0,0,0,0,0
2024-12-16,S007,Grader,0,0,0.0,0.0,0.0,0.0,0.0,0.0,0.0,11,2024,12,4,51,3,3,0,1,0,0,1,1,0,0,0,0
2024-12-23,S007,Grader,0,0,0.0,0.0,0.0,0.0,0.0,0.0,0.0,12,2024,12,4,52,4,3,0,1,0,0,2,1,0,0,0,0
2024-12-30,S007,Grader,0,0,0.0,0.0,0.0,0.0,0.0,0.0,0.0,13,2024,12,4,1,5,3,0,1,0,0,3,1,0,0,0,0
2025-01-06,S007,Grader,0,0,0.0,0.0,0.0,0.0,0.0,0.0,0.0,14,2025,1,1,2,5,2,0,2,0,0,3,0,0,0,0,0
2025-01-13,S007,Grader,0,0,0.0,0.0,0.0,0.0,0.0,0.0,0.0,15,2025,1,1,3,4,2,0,2,0,0,2,0,0,0,0,0
2025-01-20,S007,Grader,0,0,0.0,0.0,0.0,0.0,0.0,0.0,0.0,16,2025,1,1,4,4,4,1,1,0,0,1,1,0,0,0,0
2025-01-27,S007,Grader,0,1,0.0,0.0,0.0,0.0,0.0,0.0,0.0,17,2025,1,1,5,3,3,1,0,0,0,1,1,0,0,0,0
2025-02-03,S007,Grader,1,1,0.0,0.0,0.0,0.25,1.0,0.5,1.0,0,2025,2,1,6,2,2,0,0,1,0,1,0,1,0,0,0
2025-02-10,S007,Grader,1,0,1.0,0.0,0.0,0.5,1.0,0.5773502691896257,1.0,0,2025,2,1,7,3,3,1,0,1,0,1,0,0,1,1,0
2025-02-17,S007,Grader,0,0,1.0,1.0,0.0,0.5,1.0,0.5773502691896257,0.0,1,2025,2,1,8,3,3,1,0,0,0,1,1,0,0,1,1
2025-02-24,S007,Grader,0,0,0.0,1.0,0.0,0.5,1.0,0.5773502691896257,0.0,2,2025,2,1,9,3,3,0,1,0,0,1,1,0,0,0,1
2025-03-03,S007,Grader,0,1,0.0,0.0,1.0,0.25,1.0,0.5,-1.0,3,2025,3,1,10,1,1,0,1,0,0,0,0,0,0,0,0
2025-03-10,S007,Grader,1,1,0.0,0.0,1.0,0.25,1.0,0.5,0.0,0,2025,3,1,11,1,1,0,0,1,0,0,0,1,0,0,0
2025-03-17,S007,Grader,1,1,1.0,0.0,0.0,0.5,1.0,0.5773502691896257,1.0,0,2025,3,1,12,2,2,1,0,1,0,0,0,0,1,1,0
2025-03-24,S007,Grader,1,3,1.0,1.0,0.0,0.75,1.0,0.5,1.0,0,2025,3,1,13,3,3,1,0,1,1,0,0,1,0,1,1
2025-03-31,S007,Grader,3,3,1.0,1.0,0.0,1.5,3.0,1.0,3.0,0,2025,3,1,14,6,4,1,1,3,1,0,0,2,0,1,1
2025-04-07,S007,Grader,3,1,3.0,1.0,1.0,2.0,3.0,1.1547005383792515,2.0,0,2025,4,2,15,9,4,0,1,3,1,0,4,0,2,3,0
2025-04-14,S007,Grader,1,0,3.0,3.0,1.0,2.0,3.0,1.1547005383792515,0.0,0,2025,4,2,16,6,3,0,0,1,1,0,4,0,1,2,2
2025-04-21,S007,Grader,0,0,1.0,3.0,1.0,1.75,3.0,1.5,-1.0,1,2025,4,2,17,5,2,0,0,0,2,0,3,0,0,0,3
2025-04-28,S007,Grader,0,0,0.0,1.0,3.0,1.0,3.0,1.414213562373095,-3.0,2,2025,4,2,18,3,2,0,0,0,2,0,1,0,0,0,1
2025-05-05,S007,Grader,0,0,0.0,0.0,3.0,0.25,1.0,0.4999999999999998,-3.0,3,2025,5,2,19,1,1,0,0,0,1,0,0,0,0,0,0
2025-05-12,S007,Grader,0,0,0.0,0.0,1.0,0.0,0.0,0.0,-1.0,4,2025,5,2,20,1,1,0,0,0,1,0,0,0,0,0,0
2025-05-19,S007,Grader,0,0,0.0,0.0,0.0,0.0,0.0,0.0,0.0,5,2025,5,2,21,0,0,0,0,0,0,0,0,0,0,0,0
2025-05-26,S007,Grader,0,0,0.0,0.0,0.0,0.0,0.0,0.0,0.0,6,2025,5,2,22,0,0,0,0,0,0,0,0,0,0,0,0
2025-06-02,S007,Grader,0,0,0.0,0.0,0.0,0.0,0.0,0.0,0.0,7,2025,6,2,23,0,0,0,0,0,0,0,0,0,0,0,0
2025-06-09,S007,Grader,0,0,0.0,0.0,0.0,0.0,0.0,0.0,0.0,8,2025,6,2,24,0,0,0,0,0,0,0,0,0,0,0,0
2025-06-16,S007,Grader,0,1,0.0,0.0,0.0,0.0,0.0,0.0,0.0,9,2025,6,2,25,2,2,1,1,0,0,0,0,0,0,0,0
2025-06-23,S007,Grader,1,1,0.0,0.0,0.0,0.25,1.0,0.5,1.0,0,2025,6,2,26,3,3,1,1,1,0,0,0,1,0,0,0
2025-06-30,S007,Grader,1,0,1.0,0.0,0.0,0.5,1.0,0.5773502691896257,1.0,0,2025,6,2,27,3,3,1,1,1,0,0,0,0,1,1,0
2025-07-07,S007,Grader,0,0,1.0,1.0,0.0,0.5,1.0,0.5773502691896257,0.0,1,2025,7,3,28,3,3,0,1,0,1,1,0,0,0,1,1
2025-07-14,S007,Grader,0,0,0.0,1.0,0.0,0.5,1.0,0.5773502691896257,0.0,2,2025,7,3,29,3,3,0,1,0,1,1,0,0,0,0,1
2025-07-21,S007,Grader,0,0,0.0,0.0,1.0,0.25,1.0,0.5,-1.0,3,2025,7,3,30,3,3,0,1,0,1,1,0,0,0,0,0
2025-07-28,S007,Grader,0,0,0.0,0.0,1.0,0.0,0.0,0.0,-1.0,4,2025,7,3,31,1,1,0,0,0,1,0,0,0,0,0,0
2025-08-04,S007,Grader,0,0,0.0,0.0,0.0,0.0,0.0,0.0,0.0,5,2025,8,3,32,2,2,1,0,0,0,0,1,0,0,0,0
2025-08-11,S007,Grader,0,0,0.0,0.0,0.0,0.0,0.0,0.0,0.0,6,2025,8,3,33,4,4,1,1,0,0,1,1,0,0,0,0
2025-08-18,S007,Grader,0,0,0.0,0.0,0.0,0.0,0.0,0.0,0.0,7,2025,8,3,34,4,4,1,1,0,0,1,1,0,0,0,0
2025-08-25,S007,Grader,0,0,0.0,0.0,0.0,0.0,0.0,0.0,0.0,8,2025,8,3,35,1,1,1,0,0,0,0,0,0,0,0,0
2025-09-01,S007,Grader,0,0,0.0,0.0,0.0,0.0,0.0,0.0,0.0,9,2025,9,3,36,1,1,1,0,0,0,0,0,0,0,0,0
2025-09-08,S007,Grader,0,0,0.0,0.0,0.0,0.0,0.0,0.0,0.0,10,2025,9,3,37,2,1,0,0,0,0,2,0,0,0,0,0
2025-09-15,S007,Grader,0,0,0.0,0.0,0.0,0.0,0.0,0.0,0.0,11,2025,9,3,38,3,2,1,0,0,0,2,0,0,0,0,0
2025-09-22,S007,Grader,0,0,0.0,0.0,0.0,0.0,0.0,0.0,0.0,12,2025,9,3,39,2,2,1,0,0,0,1,0,0,0,0,0
2025-09-29,S007,Grader,0,0,0.0,0.0,0.0,0.0,0.0,0.0,0.0,13,2025,9,3,40,4,4,1,1,0,0,1,1,0,0,0,0
2025-10-06,S007,Grader,0,1,0.0,0.0,0.0,0.0,0.0,0.0,0.0,14,2025,10,4,41,4,4,1,1,0,0,1,1,0,0,0,0
2025-10-13,S007,Grader,1,1,0.0,0.0,0.0,0.25,1.0,0.5,1.0,0,2025,10,4,42,5,3,1,0,1,0,3,0,1,0,0,0
2025-10-20,S007,Grader,1,0,1.0,0.0,0.0,0.5,1.0,0.5773502691896257,1.0,0,2025,10,4,43,6,4,1,0,1,1,3,0,0,1,1,0
2025-10-27,S007,Grader,0,0,1.0,1.0,0.0,0.5,1.0,0.5773502691896257,0.0,1,2025,10,4,44,5,3,1,0,0,1,3,0,0,0,1,1
2025-11-03,S007,Grader,0,0,0.0,1.0,0.0,0.5,1.0,0.5773502691896257,0.0,2,2025,11,4,45,3,3,1,0,0,1,1,0,0,0,0,1
2025-11-10,S007,Grader,0,0,0.0,0.0,1.0,0.25,1.0,0.5,-1.0,3,2025,11,4,46,3,2,0,0,0,1,2,0,0,0,0,0
2025-11-17,S007,Grader,0,0,0.0,0.0,1.0,0.0,0.0,0.0,-1.0,4,2025,11,4,47,4,3,0,1,0,1,2,0,0,0,0,0
2025-11-24,S007,Grader,0,0,0.0,0.0,0.0,0.0,0.0,0.0,0.0,5,2025,11,4,48,3,2,0,2,0,0,1,0,0,0,0,0
2025-12-01,S007,Grader,0,0,0.0,0.0,0.0,0.0,0.0,0.0,0.0,6,2025,12,4,49,3,2,0,2,0,0,0,1,0,0,0,0
2025-12-08,S007,Grader,0,0,0.0,0.0,0.0,0.0,0.0,0.0,0.0,7,2025,12,4,50,2,2,0,1,0,0,0,1,0,0,0,0
2025-12-15,S007,Grader,0,0,0.0,0.0,0.0,0.0,0.0,0.0,0.0,8,2025,12,4,51,2,2,0,1,0,1,0,0,0,0,0,0
2024-01-01,S007,Loader,0,0,0.0,0.0,0.0,0.0,0.0,0.0,0.0,1,2024,1,1,1,0,0,0,0,0,0,0,0,0,0,0,0
2024-01-08,S007,Loader,0,0,0.0,0.0,0.0,0.0,0.0,0.0,0.0,2,2024,1,1,2,0,0,0,0,0,0,0,0,0,0,0,0
2024-01-15,S007,Loader,0,2,0.0,0.0,0.0,0.0,0.0,0.0,0.0,3,2024,1,1,3,1,1,1,0,0,0,0,0,0,0,0,0
2024-01-22,S007,Loader,2,2,0.0,0.0,0.0,0.5,2.0,1.0,0.0,0,2024,1,1,4,5,4,1,1,0,0,2,1,2,0,0,0
2024-01-29,S007,Loader,2,1,2.0,0.0,0.0,1.0,2.0,1.1547005383792515,2.0,0,2024,1,1,5,4,3,0,1,0,0,2,1,0,1,2,0
2024-02-05,S007,Loader,1,1,2.0,2.0,0.0,1.25,2.0,0.9574271077563382,1.0,0,2024,2,1,6,3,3,0,1,0,0,1,1,0,0,2,1
2024-02-12,S007,Loader,1,1,1.0,2.0,0.0,1.5,2.0,0.5773502691896258,1.0,0,2024,2,1,7,3,3,0,1,0,0,1,1,0,0,0,1
2024-02-19,S007,Loader,1,1,1.0,1.0,2.0,1.25,2.0,0.5000000000000001,-1.0,0,2024,2,1,8,1,1,0,0,0,0,1,0,0,0,0,0
2024-02-26,S007,Loader,1,1,1.0,1.0,2.0,1.0,1.0,0.0,-1.0,0,2024,2,1,9,2,2,0,0,0,0,1,1,0,1,0,0
2024-03-04,S007,Loader,1,1,1.0,1.0,1.0,1.0,1.0,0.0,0.0,0,2024,3,1,10,2,2,0,0,0,0,1,1,1,0,0,1
2024-03-11,S007,Loader,1,1,1.0,1.0,1.0,1.0,1.0,0.0,0.0,0,2024,3,1,11,1,1,0,0,0,0,1,0,0,1,1,1
2024-03-18,S007,Loader,1,3,1.0,1.0,1.0,1.0,1.0,0.0,0.0,0,2024,3,1,12,3,3,1,0,0,1,1,0,1,0,1,1
2024-03-25,S007,Loader,3,3,1.0,1.0,1.0,1.5,3.0,1.0,2.0,0,2024,3,1,13,7,4,2,1,0,1,3,0,2,0,1,1
2024-04-01,S007,Loader,3,1,3.0,1.0,1.0,2.0,3.0,1.1547005383792515,2.0,0,2024,4,2,14,6,3,2,1,0,0,3,0,0,2,3,0
2024-04-08,S007,Loader,1,1,3.0,3.0,1.0,2.0,3.0,1.1547005383792515,0.0,0,2024,4,2,15,3,3,1,0,1,0,1,0,0,0,2,2
2024-04-15,S007,Loader,1,1,1.0,3.0,1.0,2.0,3.0,1.1547005383792515,0.0,0,2024,4,2,16,3,3,1,0,1,0,1,0,0,0,0,2
2024-04-22,S007,Loader,1,0,1.0,1.0,3.0,1.5,3.0,1.0,-2.0,0,2024,4,2,17,2,2,1,0,0,0,1,0,0,1,0,0
2024-04-29,S007,Loader,0,1,1.0,1.0,3.0,0.75,1.0,0.5,-3.0,1,2024,4,2,18,2,2,1,0,0,1,0,0,0,0,0,1
2024-05-06,S007,Loader,1,1,0.0,1.0,1.0,0.75,1.0,0.5,0.0,0,2024,5,2,19,3,3,0,1,0,1,1,0,1,0,0,1
2024-05-13,S007,Loader,1,2,1.0,0.0,1.0,0.75,1.0,0.5,0.0,0,2024,5,2,20,5,4,0,1,0,2,1,1,0,0,1,0
2024-05-20,S007,Loader,2,2,1.0,1.0,1.0,1.0,2.0,0.816496580927726,1.0,0,2024,5,2,21,6,4,1,0,0,2,2,1,1,0,1,0
2024-05-27,S007,Loader,2,1,2.0,1.0,0.0,1.5,2.0,0.5773502691896257,2.0,0,2024,5,2,22,5,4,1,0,0,1,2,1,0,1,1,0
2024-06-03,S007,Loader,1,1,2.0,2.0,1.0,1.5,2.0,0.5773502691896257,0.0,0,2024,6,2,23,5,3,0,0,0,3,1,1,0,0,1,1
2024-06-10,S007,Loader,1,0,1.0,2.0,1.0,1.5,2.0,0.5773502691896257,0.0,0,2024,6,2,24,6,4,1,0,0,3,1,1,0,1,0,1
2024-06-17,S007,Loader,0,0,1.0,1.0,2.0,1.0,2.0,0.816496580927726,-2.0,1,2024,6,2,25,2,2,1,0,0,0,0,1,0,0,0,1
2024-06-24,S007,Loader,0,0,0.0,1.0,2.0,0.5,1.0,0.5773502691896257,-2.0,2,2024,6,2,26,1,1,0,0,0,0,0,1,0,0,0,1
2024-07-01,S007,Loader,0,1,0.0,0.0,1.0,0.25,1.0,0.5,-1.0,3,2024,7,3,27,2,1,0,0,0,0,0,2,0,0,0,0
2024-07-08,S007,Loader,1,1,0.0,0.0,1.0,0.25,1.0,0.5,0.0,0,2024,7,3,28,3,2,0,0,0,0,1,2,1,0,0,0
2024-07-15,S007,Loader,1,0,1.0,0.0,0.0,0.5,1.0,0.5773502691896257,1.0,0,2024,7,3,29,2,2,0,0,0,0,1,1,0,1,1,0
2024-07-22,S007,Loader,0,0,1.0,1.0,0.0,0.5,1.0,0.5773502691896257,0.0,1,2024,7,3,30,0,0,0,0,0,0,0,0,0,0,1,1
2024-07-29,S007,Loader,0,1,0.0,1.0,0.0,0.5,1.0,0.5773502691896257,0.0,2,2024,7,3,31,0,0,0,0,0,0,0,0,0,0,0,1
2024-08-05,S007,Loader,1,1,0.0,0.0,1.0,0.5,1.0,0.5773502691896257,0.0,0,2024,8,3,32,1,1,0,0,0,0,1,0,1,0,0,0
2024-08-12,S007,Loader,1,1,1.0,0.0,1.0,0.5,1.0,0.5773502691896257,0.0,0,2024,8,3,33,2,2,0,0,0,1,1,0,0,1,1,0
2024-08-19,S007,Loader,1,1,1.0,1.0,0.0,0.75,1.0,0.5,1.0,0,2024,8,3,34,3,3,0,0,0,1,1,1,1,0,1,1
2024-08-26,S007,Loader,1,1,1.0,1.0,0.0,1.0,1.0,0.0,1.0,0,2024,8,3,35,4,4,1,0,0,1,1,1,0,1,1,1
2024-09-02,S007,Loader,1,2,1.0,1.0,1.0,1.0,1.0,0.0,0.0,0,2024,9,3,36,7,5,2,2,1,1,1,0,1,0,1,1
2024-09-09,S007,Loader,2,2,1.0,1.0,1.0,1.25,2.0,0.5,1.0,0,2024,9,3,37,7,4,2,2,1,0,2,0,1,0,1,1
2024-09-16,S007,Loader,2,1,2.0,1.0,1.0,1.5,2.0,0.5773502691896257,1.0,0,2024,9,3,38,6,3,1,3,0,0,2,0,0,1,2,0
2024-09-23,S007,Loader,1,1,2.0,2.0,1.0,1.5,2.0,0.5773502691896257,0.0,0,2024,9,3,39,5,3,0,3,1,0,1,0,0,1,1,1
2024-09-30,S007,Loader,1,1,1.0,2.0,1.0,1.5,2.0,0.5773502691896257,0.0,0,2024,9,3,40,3,3,0,1,1,0,1,0,1,0,0,2
2024-10-07,S007,Loader,1,2,1.0,1.0,2.0,1.25,2.0,0.5,-1.0,0,2024,10,4,41,3,2,0,0,0,0,1,2,0,0,1,1
2024-10-14,S007,Loader,2,2,1.0,1.0,2.0,1.25,2.0,0.5,0.0,0,2024,10,4,42,6,3,0,0,0,1,2,3,1,0,1,0
2024-10-21,S007,Loader,2,0,2.0,1.0,1.0,1.5,2.0,0.5773502691896257,1.0,0,2024,10,4,43,7,4,1,0,0,1,2,3,0,2,1,0
2024-10-28,S007,Loader,0,2,2.0,2.0,1.0,1.25,2.0,0.9574271077563381,-1.0,1,2024,10,4,44,4,3,1,0,0,1,0,2,0,0,1,2
2024-11-04,S007,Loader,2,2,0.0,2.0,1.0,1.5,2.0,1.0,1.0,0,2024,11,4,45,3,2,0,0,0,1,2,0,2,0,0,2
2024-11-11,S007,Loader,2,2,2.0,0.0,2.0,1.5,2.0,1.0,0.0,0,2024,11,4,46,8,3,3,0,0,3,2,0,0,0,2,0
2024-11-18,S007,Loader,2,1,2.0,2.0,2.0,1.5,2.0,1.0,0.0,0,2024,11,4,47,8,3,3,0,0,3,2,0,0,1,2,0
2024-11-25,S007,Loader,1,1,2.0,2.0,0.0,1.75,2.0,0.5,1.0,0,2024,11,4,48,5,4,1,1,0,2,1,0,0,1,0,1
2024-12-02,S007,Loader,1,1,1.0,2.0,2.0,1.5,2.0,0.5773502691896257,-1.0,0,2024,12,4,49,3,3,0,1,0,1,1,0,1,0,0,2
2024-12-09,S007,Loader,1,1,1.0,1.0,2.0,1.25,2.0,0.5,-1.0,0,2024,12,4,50,2,2,0,1,0,0,1,0,0,0,1,1
2024-12-16,S007,Loader,1,2,1.0,1.0,2.0,1.0,1.0,0.0,-1.0,0,2024,12,4,51,3,3,0,1,0,0,1,1,0,0,1,0
2024-12-23,S007,Loader,2,3,1.0,1.0,1.0,1.25,2.0,0.5,1.0,0,2024,12,4,52,4,3,0,1,0,0,2,1,1,0,0,0
2024-12-30,S007,Loader,3,3,2.0,1.0,1.0,1.75,3.0,0.9574271077563381,2.0,0,2024,12,4,1,5,3,0,1,0,0,3,1,1,0,1,0
2025-01-06,S007,Loader,3,2,3.0,2.0,1.0,2.25,3.0,0.9574271077563381,2.0,0,2025,1,1,2,5,2,0,2,0,0,3,0,0,1,2,0
2025-01-13,S007,Loader,2,1,3.0,3.0,1.0,2.5,3.0,0.5773502691896258,1.0,0,2025,1,1,3,4,2,0,2,0,0,2,0,0,1,1,1
2025-01-20,S007,Loader,1,1,2.0,3.0,2.0,2.25,3.0,0.9574271077563381,-1.0,0,2025,1,1,4,4,4,1,1,0,0,1,1,0,0,0,2
2025-01-27,S007,Loader,1,1,1.0,2.0,3.0,1.75,3.0,0.9574271077563381,-2.0,0,2025,1,1,5,3,3,1,0,0,0,1,1,0,0,0,1
2025-02-03,S007,Loader,1,1,1.0,1.0,3.0,1.25,2.0,0.4999999999999999,-2.0,0,2025,2,1,6,2,2,0,0,1,0,1,0,0,0,0,0
2025-02-10,S007,Loader,1,1,1.0,1.0,2.0,1.0,1.0,0.0,-1.0,0,2025,2,1,7,3,3,1,0,1,0,1,0,0,1,0,0
2025-02-17,S007,Loader,1,1,1.0,1.0,1.0,1.0,1.0,0.0,0.0,0,2025,2,1,8,3,3,1,0,0,0,1,1,1,0,0,1
2025-02-24,S007,Loader,1,0,1.0,1.0,1.0,1.0,1.0,0.0,0.0,0,2025,2,1,9,3,3,0,1,0,0,1,1,0,1,1,1
2025-03-03,S007,Loader,0,0,1.0,1.0,1.0,0.75,1.0,0.5,-1.0,1,2025,3,1,10,1,1,0,1,0,0,0,0,0,0,1,1
2025-03-10,S007,Loader,0,0,0.0,1.0,1.0,0.5,1.0,0.5773502691896257,-1.0,2,2025,3,1,11,1,1,0,0,1,0,0,0,0,0,0,1
2025-03-17,S007,Loader,0,0,0.0,0.0,1.0,0.25,1.0,0.5,-1.0,3,2025,3,1,12,2,2,1,0,1,0,0,0,0,0,0,0
2025-03-24,S007,Loader,0,0,0.0,0.0,1.0,0.0,0.0,0.0,-1.0,4,2025,3,1,13,3,3,1,0,1,1,0,0,0,0,0,0
2025-03-31,S007,Loader,0,0,0.0,0.0,0.0,0.0,0.0,0.0,0.0,5,2025,3,1,14,6,4,1,1,3,1,0,0,0,0,0,0
2025-04-07,S007,Loader,0,0,0.0,0.0,0.0,0.0,0.0,0.0,0.0,6,2025,4,2,15,9,4,0,1,3,1,0,4,0,0,0,0
2025-04-14,S007,Loader,0,0,0.0,0.0,0.0,0.0,0.0,0.0,0.0,7,2025,4,2,16,6,3,0,0,1,1,0,4,0,0,0,0
2025-04-21,S007,Loader,0,0,0.0,0.0,0.0,0.0,0.0,0.0,0.0,8,2025,4,2,17,5,2,0,0,0,2,0,3,0,0,0,0
2025-04-28,S007,Loader,0,0,0.0,0.0,0.0,0.0,0.0,0.0,0.0,9,2025,4,2,18,3,2,0,0,0,2,0,1,0,0,0,0
2025-05-05,S007,Loader,0,0,0.0,0.0,0.0,0.0,0.0,0.0,0.0,10,2025,5,2,19,1,1,0,0,0,1,0,0,0,0,0,0
2025-05-12,S007,Loader,0,0,0.0,0.0,0.0,0.0,0.0,0.0,0.0,11,2025,5,2,20,1,1,0,0,0,1,0,0,0,0,0,0
2025-05-19,S007,Loader,0,0,0.0,0.0,0.0,0.0,0.0,0.0,0.0,12,2025,5,2,21,0,0,0,0,0,0,0,0,0,0,0,0
2025-05-26,S007,Loader,0,0,0.0,0.0,0.0,0.0,0.0,0.0,0.0,13,2025,5,2,22,0,0,0,0,0,0,0,0,0,0,0,0
2025-06-02,S007,Loader,0,0,0.0,0.0,0.0,0.0,0.0,0.0,0.0,14,2025,6,2,23,0,0,0,0,0,0,0,0,0,0,0,0
2025-06-09,S007,Loader,0,0,0.0,0.0,0.0,0.0,0.0,0.0,0.0,15,2025,6,2,24,0,0,0,0,0,0,0,0,0,0,0,0
2025-06-16,S007,Loader,0,0,0.0,0.0,0.0,0.0,0.0,0.0,0.0,16,2025,6,2,25,2,2,1,1,0,0,0,0,0,0,0,0
2025-06-23,S007,Loader,0,0,0.0,0.0,0.0,0.0,0.0,0.0,0.0,17,2025,6,2,26,3,3,1,1,1,0,0,0,0,0,0,0
2025-06-30,S007,Loader,0,1,0.0,0.0,0.0,0.0,0.0,0.0,0.0,18,2025,6,2,27,3,3,1,1,1,0,0,0,0,0,0,0
2025-07-07,S007,Loader,1,1,0.0,0.0,0.0,0.25,1.0,0.5,1.0,0,2025,7,3,28,3,3,0,1,0,1,1,0,1,0,0,0
2025-07-14,S007,Loader,1,1,1.0,0.0,0.0,0.5,1.0,0.5773502691896257,1.0,0,2025,7,3,29,3,3,0,1,0,1,1,0,0,0,1,0
2025-07-21,S007,Loader,1,0,1.0,1.0,0.0,0.75,1.0,0.5,1.0,0,2025,7,3,30,3,3,0,1,0,1,1,0,0,1,1,0
2025-07-28,S007,Loader,0,0,1.0,1.0,0.0,0.75,1.0,0.5,0.0,1,2025,7,3,31,1,1,0,0,0,1,0,0,0,0,0,1
2025-08-04,S007,Loader,0,1,0.0,1.0,1.0,0.5,1.0,0.5773502691896257,-1.0,2,2025,8,3,32,2,2,1,0,0,0,0,1,0,0,0,1
2025-08-11,S007,Loader,1,1,0.0,0.0,1.0,0.5,1.0,0.5773502691896257,0.0,0,2025,8,3,33,4,4,1,1,0,0,1,1,1,0,0,0
2025-08-18,S007,Loader,1,0,1.0,0.0,1.0,0.5,1.0,0.5773502691896257,0.0,0,2025,8,3,34,4,4,1,1,0,0,1,1,0,1,1,0
2025-08-25,S007,Loader,0,0,1.0,1.0,0.0,0.5,1.0,0.5773502691896257,0.0,1,2025,8,3,35,1,1,1,0,0,0,0,0,0,0,1,1
2025-09-01,S007,Loader,0,2,0.0,1.0,0.0,0.5,1.0,0.5773502691896257,0.0,2,2025,9,3,36,1,1,1,0,0,0,0,0,0,0,0,1
2025-09-08,S007,Loader,2,2,0.0,0.0,1.0,0.75,2.0,0.9574271077563381,1.0,0,2025,9,3,37,2,1,0,0,0,0,2,0,2,0,0,0
2025-09-15,S007,Loader,2,1,2.0,0.0,1.0,1.0,2.0,1.1547005383792515,1.0,0,2025,9,3,38,3,2,1,0,0,0,2,0,0,2,2,0
2025-09-22,S007,Loader,1,1,2.0,2.0,0.0,1.25,2.0,0.9574271077563382,1.0,0,2025,9,3,39,2,2,1,0,0,0,1,0,1,0,2,2
2025-09-29,S007,Loader,1,1,1.0,2.0,0.0,1.5,2.0,0.5773502691896258,1.0,0,2025,9,3,40,4,4,1,1,0,0,1,1,0,1,1,2
2025-10-06,S007,Loader,1,3,1.0,1.0,2.0,1.25,2.0,0.5000000000000001,-1.0,0,2025,10,4,41,4,4,1,1,0,0,1,1,1,0,1,1
2025-10-13,S007,Loader,3,3,1.0,1.0,2.0,1.5,3.0,1.0,1.0,0,2025,10,4,42,5,3,1,0,1,0,3,0,2,0,1,1
2025-10-20,S007,Loader,3,3,3.0,1.0,1.0,2.0,3.0,1.1547005383792515,2.0,0,2025,10,4,43,6,4,1,0,1,1,3,0,0,0,3,0
2025-10-27,S007,Loader,3,1,3.0,3.0,1.0,2.5,3.0,1.0,2.0,0,2025,10,4,44,5,3,1,0,0,1,3,0,0,2,2,0
2025-11-03,S007,Loader,1,2,3.0,3.0,1.0,2.5,3.0,1.0,0.0,0,2025,11,4,45,3,3,1,0,0,1,1,0,0,0,0,2
2025-11-10,S007,Loader,2,2,1.0,3.0,3.0,2.25,3.0,0.9574271077563382,-1.0,0,2025,11,4,46,3,2,0,0,0,1,2,0,1,0,0,2
2025-11-17,S007,Loader,2,1,2.0,1.0,3.0,2.0,3.0,0.8164965809277261,-1.0,0,2025,11,4,47,4,3,0,1,0,1,2,0,0,1,1,0
2025-11-24,S007,Loader,1,0,2.0,2.0,3.0,1.5,2.0,0.5773502691896258,-2.0,0,2025,11,4,48,3,2,0,2,0,0,1,0,0,1,1,1
2025-12-01,S007,Loader,0,0,1.0,2.0,1.0,1.25,2.0,0.9574271077563382,-1.0,1,2025,12,4,49,3,2,0,2,0,0,0,1,0,0,0,2
2025-12-08,S007,Loader,0,0,0.0,1.0,2.0,0.75,2.0,0.9574271077563382,-2.0,2,2025,12,4,50,2,2,0,1,0,0,0,1,0,0,0,1
2025-12-15,S007,Loader,0,1,0.0,0.0,2.0,0.25,1.0,0.5000000000000001,-2.0,3,2025,12,4,51,2,2,0,1,0,1,0,0,0,0,0,0
2024-01-01,S007,Roller,0,0,0.0,0.0,0.0,0.0,0.0,0.0,0.0,1,2024,1,1,1,0,0,0,0,0,0,0,0,0,0,0,0
2024-01-08,S007,Roller,0,0,0.0,0.0,0.0,0.0,0.0,0.0,0.0,2,2024,1,1,2,0,0,0,0,0,0,0,0,0,0,0,0
2024-01-15,S007,Roller,0,1,0.0,0.0,0.0,0.0,0.0,0.0,0.0,3,2024,1,1,3,1,1,1,0,0,0,0,0,0,0,0,0
2024-01-22,S007,Roller,1,1,0.0,0.0,0.0,0.25,1.0,0.5,0.0,0,2024,1,1,4,5,4,1,1,0,0,2,1,1,0,0,0
2024-01-29,S007,Roller,1,1,1.0,0.0,0.0,0.5,1.0,0.5773502691896257,1.0,0,2024,1,1,5,4,3,0,1,0,0,2,1,0,1,1,0
2024-02-05,S007,Roller,1,1,1.0,1.0,0.0,0.75,1.0,0.5,1.0,0,2024,2,1,6,3,3,0,1,0,0,1,1,1,0,1,1
2024-02-12,S007,Roller,1,0,1.0,1.0,0.0,1.0,1.0,0.0,1.0,0,2024,2,1,7,3,3,0,1,0,0,1,1,0,1,1,1
2024-02-19,S007,Roller,0,1,1.0,1.0,1.0,0.75,1.0,0.5,-1.0,1,2024,2,1,8,1,1,0,0,0,0,1,0,0,0,1,1
2024-02-26,S007,Roller,1,1,0.0,1.0,1.0,0.75,1.0,0.5,0.0,0,2024,2,1,9,2,2,0,0,0,0,1,1,1,0,0,1
2024-03-04,S007,Roller,1,0,1.0,0.0,1.0,0.75,1.0,0.5,0.0,0,2024,3,1,10,2,2,0,0,0,0,1,1,0,1,1,0
2024-03-11,S007,Roller,0,0,1.0,1.0,1.0,0.5,1.0,0.5773502691896257,-1.0,1,2024,3,1,11,1,1,0,0,0,0,1,0,0,0,1,1
2024-03-18,S007,Roller,0,0,0.0,1.0,0.0,0.5,1.0,0.5773502691896257,0.0,2,2024,3,1,12,3,3,1,0,0,1,1,0,0,0,0,1
2024-03-25,S007,Roller,0,0,0.0,0.0,1.0,0.25,1.0,0.5,-1.0,3,2024,3,1,13,7,4,2,1,0,1,3,0,0,0,0,0
2024-04-01,S007,Roller,0,0,0.0,0.0,1.0,0.0,0.0,0.0,-1.0,4,2024,4,2,14,6,3,2,1,0,0,3,0,0,0,0,0
2024-04-08,S007,Roller,0,0,0.0,0.0,0.0,0.0,0.0,0.0,0.0,5,2024,4,2,15,3,3,1,0,1,0,1,0,0,0,0,0
2024-04-15,S007,Roller,0,0,0.0,0.0,0.0,0.0,0.0,0.0,0.0,6,2024,4,2,16,3,3,1,0,1,0,1,0,0,0,0,0
2024-04-22,S007,Roller,0,0,0.0,0.0,0.0,0.0,0.0,0.0,0.0,7,2024,4,2,17,2,2,1,0,0,0,1,0,0,0,0,0
2024-04-29,S007,Roller,0,0,0.0,0.0,0.0,0.0,0.0,0.0,0.0,8,2024,4,2,18,2,2,1,0,0,1,0,0,0,0,0,0
2024-05-06,S007,Roller,0,1,0.0,0.0,0.0,0.0,0.0,0.0,0.0,9,2024,5,2,19,3,3,0,1,0,1,1,0,0,0,0,0
2024-05-13,S007,Roller,1,1,0.0,0.0,0.0,0.25,1.0,0.5,1.0,0,2024,5,2,20,5,4,0,1,0,2,1,1,1,0,0,0
2024-05-20,S007,Roller,1,1,1.0,0.0,0.0,0.5,1.0,0.5773502691896257,1.0,0,2024,5,2,21,6,4,1,0,0,2,2,1,0,0,1,0
2024-05-27,S007,Roller,1,1,1.0,1.0,0.0,0.75,1.0,0.5,1.0,0,2024,5,2,22,5,4,1,0,0,1,2,1,0,0,1,0
2024-06-03,S007,Roller,1,1,1.0,1.0,0.0,1.0,1.0,0.0,1.0,0,2024,6,2,23,5,3,0,0,0,3,1,1,0,0,0,0
2024-06-10,S007,Roller,1,1,1.0,1.0,1.0,1.0,1.0,0.0,0.0,0,2024,6,2,24,6,4,1,0,0,3,1,1,0,1,0,0
2024-06-17,S007,Roller,1,1,1.0,1.0,1.0,1.0,1.0,0.0,0.0,0,2024,6,2,25,2,2,1,0,0,0,0,1,1,0,0,1
2024-06-24,S007,Roller,1,2,1.0,1.0,1.0,1.0,1.0,0.0,0.0,0,2024,6,2,26,1,1,0,0,0,0,0,1,0,0,1,1
2024-07-01,S007,Roller,2,2,1.0,1.0,1.0,1.25,2.0,0.5,1.0,0,2024,7,3,27,2,1,0,0,0,0,0,2,1,0,1,0
2024-07-08,S007,Roller,2,1,2.0,1.0,1.0,1.5,2.0,0.5773502691896257,1.0,0,2024,7,3,28,3,2,0,0,0,0,1,2,0,1,1,0
2024-07-15,S007,Roller,1,0,2.0,2.0,1.0,1.5,2.0,0.5773502691896257,0.0,0,2024,7,3,29,2,2,0,0,0,0,1,1,0,1,1,1
2024-07-22,S007,Roller,0,0,1.0,2.0,1.0,1.25,2.0,0.9574271077563381,-1.0,1,2024,7,3,30,0,0,0,0,0,0,0,0,0,0,0,2
2024-07-29,S007,Roller,0,0,0.0,1.0,2.0,0.75,2.0,0.9574271077563381,-2.0,2,2024,7,3,31,0,0,0,0,0,0,0,0,0,0,0,1
2024-08-05,S007,Roller,0,0,0.0,0.0,2.0,0.25,1.0,0.49999999999999994,-2.0,3,2024,8,3,32,1,1,0,0,0,0,1,0,0,0,0,0
2024-08-12,S007,Roller,0,1,0.0,0.0,1.0,0.0,0.0,0.0,-1.0,4,2024,8,3,33,2,2,0,0,0,1,1,0,0,0,0,0
2024-08-19,S007,Roller,1,1,0.0,0.0,0.0,0.25,1.0,0.5,1.0,0,2024,8,3,34,3,3,0,0,0,1,1,1,1,0,0,0
2024-08-26,S007,Roller,1,0,1.0,0.0,0.0,0.5,1.0,0.5773502691896257,1.0,0,2024,8,3,35,4,4,1,0,0,1,1,1,0,1,1,0
2024-09-02,S007,Roller,0,0,1.0,1.0,0.0,0.5,1.0,0.5773502691896257,0.0,1,2024,9,3,36,7,5,2,2,1,1,1,0,0,0,1,1
2024-09-09,S007,Roller,0,0,0.0,1.0,0.0,0.5,1.0,0.5773502691896257,0.0,2,2024,9,3,37,7,4,2,2,1,0,2,0,0,0,0,1
2024-09-16,S007,Roller,0,0,0.0,0.0,1.0,0.25,1.0,0.5,-1.0,3,2024,9,3,38,6,3,1,3,0,0,2,0,0,0,0,0
2024-09-23,S007,Roller,0,0,0.0,0.0,1.0,0.0,0.0,0.0,-1.0,4,2024,9,3,39,5,3,0,3,1,0,1,0,0,0,0,0
2024-09-30,S007,Roller,0,2,0.0,0.0,0.0,0.0,0.0,0.0,0.0,5,2024,9,3,40,3,3,0,1,1,0,1,0,0,0,0,0
2024-10-07,S007,Roller,2,3,0.0,0.0,0.0,0.5,2.0,1.0,2.0,0,2024,10,4,41,3,2,0,0,0,0,1,2,2,0,0,0
2024-10-14,S007,Roller,3,3,2.0,0.0,0.0,1.25,3.0,1.5,3.0,0,2024,10,4,42,6,3,0,0,0,1,2,3,1,0,2,0
2024-10-21,S007,Roller,3,2,3.0,2.0,0.0,2.0,3.0,1.414213562373095,3.0,0,2024,10,4,43,7,4,1,0,0,1,2,3,0,1,3,0
2024-10-28,S007,Roller,2,0,3.0,3.0,0.0,2.5,3.0,0.5773502691896255,2.0,0,2024,10,4,44,4,3,1,0,0,1,0,2,0,2,1,1
2024-11-04,S007,Roller,0,0,2.0,3.0,2.0,2.0,3.0,1.414213562373095,-2.0,1,2024,11,4,45,3,2,0,0,0,1,2,0,0,0,0,3
2024-11-11,S007,Roller,0,0,0.0,2.0,3.0,1.25,3.0,1.5,-3.0,2,2024,11,4,46,8,3,3,0,0,3,2,0,0,0,0,2
2024-11-18,S007,Roller,0,0,0.0,0.0,3.0,0.5,2.0,0.9999999999999999,-3.0,3,2024,11,4,47,8,3,3,0,0,3,2,0,0,0,0,0
2024-11-25,S007,Roller,0,0,0.0,0.0,2.0,0.0,0.0,0.0,-2.0,4,2024,11,4,48,5,4,1,1,0,2,1,0,0,0,0,0
2024-12-02,S007,Roller,0,0,0.0,0.0,0.0,0.0,0.0,0.0,0.0,5,2024,12,4,49,3,3,0,1,0,1,1,0,0,0,0,0
2024-12-09,S007,Roller,0,1,0.0,0.0,0.0,0.0,0.0,0.0,0.0,6,2024,12,4,50,2,2,0,1,0,0,1,0,0,0,0,0
2024-12-16,S007,Roller,1,1,0.0,0.0,0.0,0.25,1.0,0.5,1.0,0,2024,12,4,51,3,3,0,1,0,0,1,1,1,0,0,0
2024-12-23,S007,Roller,1,1,1.0,0.0,0.0,0.5,1.0,0.5773502691896257,1.0,0,2024,12,4,52,4,3,0,1,0,0,2,1,0,0,1,0
2024-12-30,S007,Roller,1,0,1.0,1.0,0.0,0.75,1.0,0.5,1.0,0,2024,12,4,1,5,3,0,1,0,0,3,1,0,1,1,0
2025-01-06,S007,Roller,0,0,1.0,1.0,0.0,0.75,1.0,0.5,0.0,1,2025,1,1,2,5,2,0,2,0,0,3,0,0,0,0,1
2025-01-13,S007,Roller,0,1,0.0,1.0,1.0,0.5,1.0,0.5773502691896257,-1.0,2,2025,1,1,3,4,2,0,2,0,0,2,0,0,0,0,1
2025-01-20,S007,Roller,1,1,0.0,0.0,1.0,0.5,1.0,0.5773502691896257,0.0,0,2025,1,1,4,4,4,1,1,0,0,1,1,1,0,0,0
2025-01-27,S007,Roller,1,0,1.0,0.0,1.0,0.5,1.0,0.5773502691896257,0.0,0,2025,1,1,5,3,3,1,0,0,0,1,1,0,1,1,0
2025-02-03,S007,Roller,0,0,1.0,1.0,0.0,0.5,1.0,0.5773502691896257,0.0,1,2025,2,1,6,2,2,0,0,1,0,1,0,0,0,1,1
2025-02-10,S007,Roller,0,1,0.0,1.0,0.0,0.5,1.0,0.5773502691896257,0.0,2,2025,2,1,7,3,3,1,0,1,0,1,0,0,0,0,1
2025-02-17,S007,Roller,1,1,0.0,0.0,1.0,0.5,1.0,0.5773502691896257,0.0,0,2025,2,1,8,3,3,1,0,0,0,1,1,1,0,0,0
2025-02-24,S007,Roller,1,0,1.0,0.0,1.0,0.5,1.0,0.5773502691896257,0.0,0,2025,2,1,9,3,3,0,1,0,0,1,1,0,1,1,0
2025-03-03,S007,Roller,0,0,1.0,1.0,0.0,0.5,1.0,0.5773502691896257,0.0,1,2025,3,1,10,1,1,0,1,0,0,0,0,0,0,1,1
2025-03-10,S007,Roller,0,0,0.0,1.0,0.0,0.5,1.0,0.5773502691896257,0.0,2,2025,3,1,11,1,1,0,0,1,0,0,0,0,0,0,1
2025-03-17,S007,Roller,0,0,0.0,0.0,1.0,0.25,1.0,0.5,-1.0,3,2025,3,1,12,2,2,1,0,1,0,0,0,0,0,0,0
2025-03-24,S007,Roller,0,0,0.0,0.0,1.0,0.0,0.0,0.0,-1.0,4,2025,3,1,13,3,3,1,0,1,1,0,0,0,0,0,0
2025-03-31,S007,Roller,0,4,0.0,0.0,0.0,0.0,0.0,0.0,0.0,5,2025,3,1,14,6,4,1,1,3,1,0,0,0,0,0,0
2025-04-07,S007,Roller,4,4,0.0,0.0,0.0,1.0,4.0,2.0,4.0,0,2025,4,2,15,9,4,0,1,3,1,0,4,4,0,0,0
2025-04-14,S007,Roller,4,3,4.0,0.0,0.0,2.0,4.0,2.309401076758503,4.0,0,2025,4,2,16,6,3,0,0,1,1,0,4,0,1,4,0
2025-04-21,S007,Roller,3,1,4.0,4.0,0.0,2.75,4.0,1.8929694486000914,3.0,0,2025,4,2,17,5,2,0,0,0,2,0,3,0,2,4,1
2025-04-28,S007,Roller,1,0,3.0,4.0,0.0,3.0,4.0,1.4142135623730954,1.0,0,2025,4,2,18,3,2,0,0,0,2,0,1,0,1,0,3
2025-05-05,S007,Roller,0,0,1.0,3.0,4.0,2.0,4.0,1.825741858350554,-4.0,1,2025,5,2,19,1,1,0,0,0,1,0,0,0,0,0,3
2025-05-12,S007,Roller,0,0,0.0,1.0,4.0,1.0,3.0,1.4142135623730956,-4.0,2,2025,5,2,20,1,1,0,0,0,1,0,0,0,0,0,1
2025-05-19,S007,Roller,0,0,0.0,0.0,3.0,0.25,1.0,0.5000000000000012,-3.0,3,2025,5,2,21,0,0,0,0,0,0,0,0,0,0,0,0
2025-05-26,S007,Roller,0,0,0.0,0.0,1.0,0.0,0.0,0.0,-1.0,4,2025,5,2,22,0,0,0,0,0,0,0,0,0,0,0,0
2025-06-02,S007,Roller,0,0,0.0,0.0,0.0,0.0,0.0,0.0,0.0,5,2025,6,2,23,0,0,0,0,0,0,0,0,0,0,0,0
2025-06-09,S007,Roller,0,0,0.0,0.0,0.0,0.0,0.0,0.0,0.0,6,2025,6,2,24,0,0,0,0,0,0,0,0,0,0,0,0
2025-06-16,S007,Roller,0,0,0.0,0.0,0.0,0.0,0.0,0.0,0.0,7,2025,6,2,25,2,2,1,1,0,0,0,0,0,0,0,0
2025-06-23,S007,Roller,0,0,0.0,0.0,0.0,0.0,0.0,0.0,0.0,8,2025,6,2,26,3,3,1,1,1,0,0,0,0,0,0,0
2025-06-30,S007,Roller,0,0,0.0,0.0,0.0,0.0,0.0,0.0,0.0,9,2025,6,2,27,3,3,1,1,1,0,0,0,0,0,0,0
2025-07-07,S007,Roller,0,0,0.0,0.0,0.0,0.0,0.0,0.0,0.0,10,2025,7,3,28,3,3,0,1,0,1,1,0,0,0,0,0
2025-07-14,S007,Roller,0,0,0.0,0.0,0.0,0.0,0.0,0.0,0.0,11,2025,7,3,29,3,3,0,1,0,1,1,0,0,0,0,0
2025-07-21,S007,Roller,0,0,0.0,0.0,0.0,0.0,0.0,0.0,0.0,12,2025,7,3,30,3,3,0,1,0,1,1,0,0,0,0,0
2025-07-28,S007,Roller,0,1,0.0,0.0,0.0,0.0,0.0,0.0,0.0,13,2025,7,3,31,1,1,0,0,0,1,0,0,0,0,0,0
2025-08-04,S007,Roller,1,1,0.0,0.0,0.0,0.25,1.0,0.5,1.0,0,2025,8,3,32,2,2,1,0,0,0,0,1,1,0,0,0
2025-08-11,S007,Roller,1,1,1.0,0.0,0.0,0.5,1.0,0.5773502691896257,1.0,0,2025,8,3,33,4,4,1,1,0,0,1,1,0,0,1,0
2025-08-18,S007,Roller,1,0,1.0,1.0,0.0,0.75,1.0,0.5,1.0,0,2025,8,3,34,4,4,1,1,0,0,1,1,0,1,1,0
2025-08-25,S007,Roller,0,0,1.0,1.0,0.0,0.75,1.0,0.5,0.0,1,2025,8,3,35,1,1,1,0,0,0,0,0,0,0,0,1
2025-09-01,S007,Roller,0,0,0.0,1.0,1.0,0.5,1.0,0.5773502691896257,-1.0,2,2025,9,3,36,1,1,1,0,0,0,0,0,0,0,0,1
2025-09-08,S007,Roller,0,0,0.0,0.0,1.0,0.25,1.0,0.5,-1.0,3,2025,9,3,37,2,1,0,0,0,0,2,0,0,0,0,0
2025-09-15,S007,Roller,0,0,0.0,0.0,1.0,0.0,0.0,0.0,-1.0,4,2025,9,3,38,3,2,1,0,0,0,2,0,0,0,0,0
2025-09-22,S007,Roller,0,1,0.0,0.0,0.0,0.0,0.0,0.0,0.0,5,2025,9,3,39,2,2,1,0,0,0,1,0,0,0,0,0
2025-09-29,S007,Roller,1,1,0.0,0.0,0.0,0.25,1.0,0.5,1.0,0,2025,9,3,40,4,4,1,1,0,0,1,1,1,0,0,0
2025-10-06,S007,Roller,1,0,1.0,0.0,0.0,0.5,1.0,0.5773502691896257,1.0,0,2025,10,4,41,4,4,1,1,0,0,1,1,0,1,1,0
2025-10-13,S007,Roller,0,0,1.0,1.0,0.0,0.5,1.0,0.5773502691896257,0.0,1,2025,10,4,42,5,3,1,0,1,0,3,0,0,0,1,1
2025-10-20,S007,Roller,0,0,0.0,1.0,0.0,0.5,1.0,0.5773502691896257,0.0,2,2025,10,4,43,6,4,1,0,1,1,3,0,0,0,0,1
2025-10-27,S007,Roller,0,0,0.0,0.0,1.0,0.25,1.0,0.5,-1.0,3,2025,10,4,44,5,3,1,0,0,1,3,0,0,0,0,0
2025-11-03,S007,Roller,0,0,0.0,0.0,1.0,0.0,0.0,0.0,-1.0,4,2025,11,4,45,3,3,1,0,0,1,1,0,0,0,0,0
2025-11-10,S007,Roller,0,0,0.0,0.0,0.0,0.0,0.0,0.0,0.0,5,2025,11,4,46,3,2,0,0,0,1,2,0,0,0,0,0
2025-11-17,S007,Roller,0,0,0.0,0.0,0.0,0.0,0.0,0.0,0.0,6,2025,11,4,47,4,3,0,1,0,1,2,0,0,0,0,0
2025-11-24,S007,Roller,0,1,0.0,0.0,0.0,0.0,0.0,0.0,0.0,7,2025,11,4,48,3,2,0,2,0,0,1,0,0,0,0,0
2025-12-01,S007,Roller,1,1,0.0,0.0,0.0,0.25,1.0,0.5,1.0,0,2025,12,4,49,3,2,0,2,0,0,0,1,1,0,0,0
2025-12-08,S007,Roller,1,0,1.0,0.0,0.0,0.5,1.0,0.5773502691896257,1.0,0,2025,12,4,50,2,2,0,1,0,0,0,1,0,1,1,0
2025-12-15,S007,Roller,0,1,1.0,1.0,0.0,0.5,1.0,0.5773502691896257,0.0,1,2025,12,4,51,2,2,0,1,0,1,0,0,0,0,1,1
2024-01-01,S008,Bulldozer,1,1,0.0,0.0,0.0,0.0,0.0,0.0,0.0,0,2024,1,1,1,1,1,0,1,0,0,0,0,1,0,0,0
2024-01-08,S008,Bulldozer,1,0,1.0,0.0,0.0,0.0,0.0,0.0,0.0,0,2024,1,1,2,1,1,0,1,0,0,0,0,0,1,1,0
2024-01-15,S008,Bulldozer,0,0,1.0,1.0,0.0,0.0,0.0,0.0,0.0,1,2024,1,1,3,1,1,0,0,0,0,0,1,0,0,1,1
2024-01-22,S008,Bulldozer,0,0,0.0,1.0,0.0,0.5,1.0,0.5773502691896257,0.0,2,2024,1,1,4,3,1,0,0,0,0,0,3,0,0,0,1
2024-01-29,S008,Bulldozer,0,0,0.0,0.0,1.0,0.25,1.0,0.5,-1.0,3,2024,1,1,5,3,1,0,0,0,0,0,3,0,0,0,0
2024-02-05,S008,Bulldozer,0,3,0.0,0.0,1.0,0.0,0.0,0.0,-1.0,4,2024,2,1,6,4,2,0,0,1,0,0,3,0,0,0,0
2024-02-12,S008,Bulldozer,3,3,0.0,0.0,0.0,0.75,3.0,1.5,3.0,0,2024,2,1,7,5,3,0,3,1,0,0,1,3,0,0,0
2024-02-19,S008,Bulldozer,3,2,3.0,0.0,0.0,1.5,3.0,1.7320508075688772,3.0,0,2024,2,1,8,7,4,0,3,1,0,1,2,0,1,3,0
2024-02-26,S008,Bulldozer,2,1,3.0,3.0,0.0,2.0,3.0,1.4142135623730951,2.0,0,2024,2,1,9,6,4,0,2,1,0,1,2,0,1,3,1
2024-03-04,S008,Bulldozer,1,1,2.0,3.0,0.0,2.25,3.0,0.9574271077563381,1.0,0,2024,3,1,10,4,4,0,1,1,1,0,1,0,0,0,2
2024-03-11,S008,Bulldozer,1,0,1.0,2.0,3.0,1.75,3.0,0.9574271077563381,-2.0,0,2024,3,1,11,6,4,0,1,3,1,0,1,0,1,0,1
2024-03-18,S008,Bulldozer,0,0,1.0,1.0,3.0,1.0,2.0,0.816496580927726,-3.0,1,2024,3,1,12,4,2,0,0,3,0,0,1,0,0,0,1
2024-03-25,S008,Bulldozer,0,0,0.0,1.0,2.0,0.5,1.0,0.5773502691896257,-2.0,2,2024,3,1,13,4,2,0,0,3,0,0,1,0,0,0,1
2024-04-01,S008,Bulldozer,0,0,0.0,0.0,1.0,0.25,1.0,0.49999999999999994,-1.0,3,2024,4,2,14,1,1,0,0,1,0,0,0,0,0,0,0
2024-04-08,S008,Bulldozer,0,0,0.0,0.0,1.0,0.0,0.0,0.0,-1.0,4,2024,4,2,15,2,2,0,0,0,1,1,0,0,0,0,0
2024-04-15,S008,Bulldozer,0,1,0.0,0.0,0.0,0.0,0.0,0.0,0.0,5,2024,4,2,16,2,2,0,0,0,1,1,0,0,0,0,0
2024-04-22,S008,Bulldozer,1,1,0.0,0.0,0.0,0.25,1.0,0.5,1.0,0,2024,4,2,17,3,3,0,1,0,1,1,0,1,0,0,0
2024-04-29,S008,Bulldozer,1,1,1.0,0.0,0.0,0.5,1.0,0.5773502691896257,1.0,0,2024,4,2,18,3,3,0,1,0,0,1,1,0,1,1,0
2024-05-06,S008,Bulldozer,1,1,1.0,1.0,0.0,0.75,1.0,0.5,1.0,0,2024,5,2,19,2,2,0,1,0,0,0,1,1,0,1,1
2024-05-13,S008,Bulldozer,1,0,1.0,1.0,0.0,1.0,1.0,0.0,1.0,0,2024,5,2,20,2,2,0,1,0,0,0,1,0,1,1,1
2024-05-20,S008,Bulldozer,0,0,1.0,1.0,1.0,0.75,1.0,0.5,-1.0,1,2024,5,2,21,1,1,0,0,0,0,0,1,0,0,1,1
2024-05-27,S008,Bulldozer,0,0,0.0,1.0,1.0,0.5,1.0,0.5773502691896257,-1.0,2,2024,5,2,22,2,2,0,0,0,0,1,1,0,0,0,1
2024-06-03,S008,Bulldozer,0,1,0.0,0.0,1.0,0.25,1.0,0.5,-1.0,3,2024,6,2,23,2,2,1,0,0,0,1,0,0,0,0,0
2024-06-10,S008,Bulldozer,1,1,0.0,0.0,1.0,0.25,1.0,0.5,0.0,0,2024,6,2,24,5,4,1,1,0,0,2,1,1,0,0,0
2024-06-17,S008,Bulldozer,1,0,1.0,0.0,0.0,0.5,1.0,0.5773502691896257,1.0,0,2024,6,2,25,7,5,1,1,2,0,2,1,0,1,1,0
2024-06-24,S008,Bulldozer,0,0,1.0,1.0,0.0,0.5,1.0,0.5773502691896257,0.0,1,2024,6,2,26,6,4,1,0,2,0,2,1,0,0,1,1
2024-07-01,S008,Bulldozer,0,1,0.0,1.0,0.0,0.5,1.0,0.5773502691896257,0.0,2,2024,7,3,27,5,4,1,0,1,0,1,2,0,0,0,1
2024-07-08,S008,Bulldozer,1,1,0.0,0.0,1.0,0.5,1.0,0.5773502691896257,0.0,0,2024,7,3,28,5,4,1,1,1,0,0,2,1,0,0,0
2024-07-15,S008,Bulldozer,1,0,1.0,0.0,1.0,0.5,1.0,0.5773502691896257,0.0,0,2024,7,3,29,5,3,2,1,0,0,0,2,0,1,1,0
2024-07-22,S008,Bulldozer,0,0,1.0,1.0,0.0,0.5,1.0,0.5773502691896257,0.0,1,2024,7,3,30,4,2,2,0,0,0,0,2,0,0,1,1
2024-07-29,S008,Bulldozer,0,0,0.0,1.0,0.0,0.5,1.0,0.5773502691896257,0.0,2,2024,7,3,31,4,3,1,0,0,0,1,2,0,0,0,1
2024-08-05,S008,Bulldozer,0,0,0.0,0.0,1.0,0.25,1.0,0.5,-1.0,3,2024,8,3,32,2,2,0,0,1,0,1,0,0,0,0,0
2024-08-12,S008,Bulldozer,0,0,0.0,0.0,1.0,0.0,0.0,0.0,-1.0,4,2024,8,3,33,1,1,0,0,1,0,0,0,0,0,0,0
2024-08-19,S008,Bulldozer,0,0,0.0,0.0,0.0,0.0,0.0,0.0,0.0,5,2024,8,3,34,2,2,1,0,1,0,0,0,0,0,0,0
2024-08-26,S008,Bulldozer,0,1,0.0,0.0,0.0,0.0,0.0,0.0,0.0,6,2024,8,3,35,1,1,1,0,0,0,0,0,0,0,0,0
2024-09-02,S008,Bulldozer,1,1,0.0,0.0,0.0,0.25,1.0,0.5,1.0,0,2024,9,3,36,2,2,1,1,0,0,0,0,1,0,0,0
2024-09-09,S008,Bulldozer,1,0,1.0,0.0,0.0,0.5,1.0,0.5773502691896257,1.0,0,2024,9,3,37,4,4,1,1,1,0,0,1,0,1,1,0
2024-09-16,S008,Bulldozer,0,0,1.0,1.0,0.0,0.5,1.0,0.5773502691896257,0.0,1,2024,9,3,38,5,4,1,0,1,0,1,2,0,0,1,1
2024-09-23,S008,Bulldozer,0,0,0.0,1.0,0.0,0.5,1.0,0.5773502691896257,0.0,2,2024,9,3,39,4,3,1,0,0,0,1,2,0,0,0,1
2024-09-30,S008,Bulldozer,0,0,0.0,0.0,1.0,0.25,1.0,0.5,-1.0,3,2024,9,3,40,1,1,0,0,0,0,1,0,0,0,0,0
2024-10-07,S008,Bulldozer,0,0,0.0,0.0,1.0,0.0,0.0,0.0,-1.0,4,2024,10,4,41,0,0,0,0,0,0,0,0,0,0,0,0
2024-10-14,S008,Bulldozer,0,0,0.0,0.0,0.0,0.0,0.0,0.0,0.0,5,2024,10,4,42,0,0,0,0,0,0,0,0,0,0,0,0
2024-10-21,S008,Bulldozer,0,0,0.0,0.0,0.0,0.0,0.0,0.0,0.0,6,2024,10,4,43,1,1,0,0,0,0,0,1,0,0,0,0
2024-10-28,S008,Bulldozer,0,0,0.0,0.0,0.0,0.0,0.0,0.0,0.0,7,2024,10,4,44,2,1,0,0,0,0,0,2,0,0,0,0
2024-11-04,S008,Bulldozer,0,0,0.0,0.0,0.0,0.0,0.0,0.0,0.0,8,2024,11,4,45,3,2,1,0,0,0,0,2,0,0,0,0
2024-11-11,S008,Bulldozer,0,0,0.0,0.0,0.0,0.0,0.0,0.0,0.0,9,2024,11,4,46,1,1,1,0,0,0,0,0,0,0,0,0
2024-11-18,S008,Bulldozer,0,0,0.0,0.0,0.0,0.0,0.0,0.0,0.0,10,2024,11,4,47,1,1,1,0,0,0,0,0,0,0,0,0
2024-11-25,S008,Bulldozer,0,0,0.0,0.0,0.0,0.0,0.0,0.0,0.0,11,2024,11,4,48,0,0,0,0,0,0,0,0,0,0,0,0
2024-12-02,S008,Bulldozer,0,0,0.0,0.0,0.0,0.0,0.0,0.0,0.0,12,2024,12,4,49,0,0,0,0,0,0,0,0,0,0,0,0
2024-12-09,S008,Bulldozer,0,0,0.0,0.0,0.0,0.0,0.0,0.0,0.0,13,2024,12,4,50,1,1,0,0,0,0,1,0,0,0,0,0
2024-12-16,S008,Bulldozer,0,0,0.0,0.0,0.0,0.0,0.0,0.0,0.0,14,2024,12,4,51,2,2,1,0,0,0,1,0,0,0,0,0
2024-12-23,S008,Bulldozer,0,1,0.0,0.0,0.0,0.0,0.0,0.0,0.0,15,2024,12,4,52,3,3,1,0,1,0,1,0,0,0,0,0
2024-12-30,S008,Bulldozer,1,1,0.0,0.0,0.0,0.25,1.0,0.5,1.0,0,2024,12,4,1,4,4,1,1,1,0,1,0,1,0,0,0
2025-01-06,S008,Bulldozer,1,1,1.0,0.0,0.0,0.5,1.0,0.5773502691896257,1.0,0,2025,1,1,2,4,4,1,1,1,0,1,0,0,0,1,0
2025-01-13,S008,Bulldozer,1,0,1.0,1.0,0.0,0.75,1.0,0.5,1.0,0,2025,1,1,3,5,5,1,1,1,0,1,1,0,1,1,0
2025-01-20,S008,Bulldozer,0,0,1.0,1.0,0.0,0.75,1.0,0.5,0.0,1,2025,1,1,4,3,3,1,0,1,0,0,1,0,0,0,1
2025-01-27,S008,Bulldozer,0,1,0.0,1.0,1.0,0.5,1.0,0.5773502691896257,-1.0,2,2025,1,1,5,3,3,1,0,1,0,0,1,0,0,0,1
2025-02-03,S008,Bulldozer,1,1,0.0,0.0,1.0,0.5,1.0,0.5773502691896257,0.0,0,2025,2,1,6,5,5,1,1,1,1,0,1,1,0,0,0
2025-02-10,S008,Bulldozer,1,1,1.0,0.0,1.0,0.5,1.0,0.5773502691896257,0.0,0,2025,2,1,7,4,4,1,1,1,1,0,0,0,1,1,0
2025-02-17,S008,Bulldozer,1,1,1.0,1.0,0.0,0.75,1.0,0.5,1.0,0,2025,2,1,8,3,3,1,1,1,0,0,0,1,0,1,1
2025-02-24,S008,Bulldozer,1,0,1.0,1.0,0.0,1.0,1.0,0.0,1.0,0,2025,2,1,9,3,2,0,1,2,0,0,0,0,1,1,1
2025-03-03,S008,Bulldozer,0,0,1.0,1.0,1.0,0.75,1.0,0.5,-1.0,1,2025,3,1,10,3,2,0,0,2,0,0,1,0,0,1,1
2025-03-10,S008,Bulldozer,0,0,0.0,1.0,1.0,0.5,1.0,0.5773502691896257,-1.0,2,2025,3,1,11,5,2,1,0,0,0,0,4,0,0,0,1
2025-03-17,S008,Bulldozer,0,0,0.0,0.0,1.0,0.25,1.0,0.5,-1.0,3,2025,3,1,12,6,3,1,0,0,1,0,4,0,0,0,0
2025-03-24,S008,Bulldozer,0,0,0.0,0.0,1.0,0.0,0.0,0.0,-1.0,4,2025,3,1,13,6,4,1,0,0,1,1,3,0,0,0,0
2025-03-31,S008,Bulldozer,0,0,0.0,0.0,0.0,0.0,0.0,0.0,0.0,5,2025,3,1,14,7,4,1,0,0,1,1,4,0,0,0,0
2025-04-07,S008,Bulldozer,0,0,0.0,0.0,0.0,0.0,0.0,0.0,0.0,6,2025,4,2,15,6,3,1,0,0,0,1,4,0,0,0,0
2025-04-14,S008,Bulldozer,0,0,0.0,0.0,0.0,0.0,0.0,0.0,0.0,7,2025,4,2,16,3,3,1,0,0,0,1,1,0,0,0,0
2025-04-21,S008,Bulldozer,0,0,0.0,0.0,0.0,0.0,0.0,0.0,0.0,8,2025,4,2,17,2,2,1,0,0,0,1,0,0,0,0,0
2025-04-28,S008,Bulldozer,0,0,0.0,0.0,0.0,0.0,0.0,0.0,0.0,9,2025,4,2,18,2,2,1,0,0,0,1,0,0,0,0,0
2025-05-05,S008,Bulldozer,0,0,0.0,0.0,0.0,0.0,0.0,0.0,0.0,10,2025,5,2,19,3,3,1,0,1,0,1,0,0,0,0,0
2025-05-12,S008,Bulldozer,0,0,0.0,0.0,0.0,0.0,0.0,0.0,0.0,11,2025,5,2,20,4,4,1,0,1,1,1,0,0,0,0,0
2025-05-19,S008,Bulldozer,0,0,0.0,0.0,0.0,0.0,0.0,0.0,0.0,12,2025,5,2,21,6,5,1,0,2,1,1,1,0,0,0,0
2025-05-26,S008,Bulldozer,0,1,0.0,0.0,0.0,0.0,0.0,0.0,0.0,13,2025,5,2,22,7,5,1,0,2,1,1,2,0,0,0,0
2025-06-02,S008,Bulldozer,1,1,0.0,0.0,0.0,0.25,1.0,0.5,1.0,0,2025,6,2,23,6,4,1,1,2,0,0,2,1,0,0,0
2025-06-09,S008,Bulldozer,1,0,1.0,0.0,0.0,0.5,1.0,0.5773502691896257,1.0,0,2025,6,2,24,2,2,0,1,0,1,0,0,0,1,1,0
2025-06-16,S008,Bulldozer,0,0,1.0,1.0,0.0,0.5,1.0,0.5773502691896257,0.0,1,2025,6,2,25,1,1,0,0,0,1,0,0,0,0,1,1
2025-06-23,S008,Bulldozer,0,0,0.0,1.0,0.0,0.5,1.0,0.5773502691896257,0.0,2,2025,6,2,26,1,1,0,0,0,0,1,0,0,0,0,1
2025-06-30,S008,Bulldozer,0,0,0.0,0.0,1.0,0.25,1.0,0.5,-1.0,3,2025,6,2,27,1,1,0,0,0,0,1,0,0,0,0,0
2025-07-07,S008,Bulldozer,0,0,0.0,0.0,1.0,0.0,0.0,0.0,-1.0,4,2025,7,3,28,1,1,0,0,0,0,1,0,0,0,0,0
2025-07-14,S008,Bulldozer,0,1,0.0,0.0,0.0,0.0,0.0,0.0,0.0,5,2025,7,3,29,1,1,0,0,0,0,1,0,0,0,0,0
2025-07-21,S008,Bulldozer,1,1,0.0,0.0,0.0,0.25,1.0,0.5,1.0,0,2025,7,3,30,3,3,1,1,0,0,1,0,1,0,0,0
2025-07-28,S008,Bulldozer,1,0,1.0,0.0,0.0,0.5,1.0,0.5773502691896257,1.0,0,2025,7,3,31,4,3,2,1,0,0,1,0,0,1,1,0
2025-08-04,S008,Bulldozer,0,1,1.0,1.0,0.0,0.5,1.0,0.5773502691896257,0.0,1,2025,8,3,32,3,2,2,0,0,0,1,0,0,0,1,1
2025-08-11,S008,Bulldozer,1,1,0.0,1.0,0.0,0.75,1.0,0.5,1.0,0,2025,8,3,33,3,2,2,1,0,0,0,0,1,0,0,1
2025-08-18,S008,Bulldozer,1,0,1.0,0.0,1.0,0.75,1.0,0.5,0.0,0,2025,8,3,34,4,3,2,1,0,0,1,0,0,1,1,0
2025-08-25,S008,Bulldozer,0,0,1.0,1.0,1.0,0.5,1.0,0.5773502691896257,-1.0,1,2025,8,3,35,2,2,0,0,1,0,1,0,0,0,1,1
2025-09-01,S008,Bulldozer,0,0,0.0,1.0,0.0,0.5,1.0,0.5773502691896257,0.0,2,2025,9,3,36,1,1,0,0,1,0,0,0,0,0,0,1
2025-09-08,S008,Bulldozer,0,1,0.0,0.0,1.0,0.25,1.0,0.5,-1.0,3,2025,9,3,37,3,2,1,0,0,0,2,0,0,0,0,0
2025-09-15,S008,Bulldozer,1,1,0.0,0.0,1.0,0.25,1.0,0.5,0.0,0,2025,9,3,38,4,3,1,1,0,0,2,0,1,0,0,0
2025-09-22,S008,Bulldozer,1,0,1.0,0.0,0.0,0.5,1.0,0.5773502691896257,1.0,0,2025,9,3,39,3,3,1,1,0,0,1,0,0,1,1,0
2025-09-29,S008,Bulldozer,0,1,1.0,1.0,0.0,0.5,1.0,0.5773502691896257,0.0,1,2025,9,3,40,3,3,1,0,0,0,1,1,0,0,1,1
2025-10-06,S008,Bulldozer,1,1,0.0,1.0,0.0,0.75,1.0,0.5,1.0,0,2025,10,4,41,5,4,1,1,0,0,1,2,1,0,0,1
2025-10-13,S008,Bulldozer,1,0,1.0,0.0,1.0,0.75,1.0,0.5,0.0,0,2025,10,4,42,6,4,1,1,0,0,2,2,0,1,1,0
2025-10-20,S008,Bulldozer,0,0,1.0,1.0,1.0,0.5,1.0,0.5773502691896257,-1.0,1,2025,10,4,43,3,2,0,0,1,0,2,0,0,0,1,1
2025-10-27,S008,Bulldozer,0,0,0.0,1.0,0.0,0.5,1.0,0.5773502691896257,0.0,2,2025,10,4,44,1,1,0,0,1,0,0,0,0,0,0,1
2025-11-03,S008,Bulldozer,0,0,0.0,0.0,1.0,0.25,1.0,0.5,-1.0,3,2025,11,4,45,3,1,0,0,3,0,0,0,0,0,0,0
2025-11-10,S008,Bulldozer,0,0,0.0,0.0,1.0,0.0,0.0,0.0,-1.0,4,2025,11,4,46,3,1,0,0,3,0,0,0,0,0,0,0
2025-11-17,S008,Bulldozer,0,0,0.0,0.0,0.0,0.0,0.0,0.0,0.0,5,2025,11,4,47,2,2,0,0,1,0,0,1,0,0,0,0
2025-11-24,S008,Bulldozer,0,0,0.0,0.0,0.0,0.0,0.0,0.0,0.0,6,2025,11,4,48,4,3,0,0,2,0,1,1,0,0,0,0
2025-12-01,S008,Bulldozer,0,0,0.0,0.0,0.0,0.0,0.0,0.0,0.0,7,2025,12,4,49,6,3,1,0,2,0,3,0,0,0,0,0
2025-12-08,S008,Bulldozer,0,1,0.0,0.0,0.0,0.0,0.0,0.0,0.0,8,2025,12,4,50,6,3,1,0,0,0,3,2,0,0,0,0
2025-12-15,S008,Bulldozer,1,1,0.0,0.0,0.0,0.25,1.0,0.5,1.0,0,2025,12,4,51,8,4,3,1,0,0,2,2,1,0,0,0
2024-01-01,S008,Crane,0,0,0.0,0.0,0.0,0.0,0.0,0.0,0.0,1,2024,1,1,1,1,1,0,1,0,0,0,0,0,0,0,0
2024-01-08,S008,Crane,0,0,0.0,0.0,0.0,0.0,0.0,0.0,0.0,2,2024,1,1,2,1,1,0,1,0,0,0,0,0,0,0,0
2024-01-15,S008,Crane,0,0,0.0,0.0,0.0,0.0,0.0,0.0,0.0,3,2024,1,1,3,1,1,0,0,0,0,0,1,0,0,0,0
2024-01-22,S008,Crane,0,0,0.0,0.0,0.0,0.0,0.0,0.0,0.0,4,2024,1,1,4,3,1,0,0,0,0,0,3,0,0,0,0
2024-01-29,S008,Crane,0,0,0.0,0.0,0.0,0.0,0.0,0.0,0.0,5,2024,1,1,5,3,1,0,0,0,0,0,3,0,0,0,0
2024-02-05,S008,Crane,0,0,0.0,0.0,0.0,0.0,0.0,0.0,0.0,6,2024,2,1,6,4,2,0,0,1,0,0,3,0,0,0,0
2024-02-12,S008,Crane,0,0,0.0,0.0,0.0,0.0,0.0,0.0,0.0,7,2024,2,1,7,5,3,0,3,1,0,0,1,0,0,0,0
2024-02-19,S008,Crane,0,0,0.0,0.0,0.0,0.0,0.0,0.0,0.0,8,2024,2,1,8,7,4,0,3,1,0,1,2,0,0,0,0
2024-02-26,S008,Crane,0,1,0.0,0.0,0.0,0.0,0.0,0.0,0.0,9,2024,2,1,9,6,4,0,2,1,0,1,2,0,0,0,0
2024-03-04,S008,Crane,1,1,0.0,0.0,0.0,0.25,1.0,0.5,1.0,0,2024,3,1,10,4,4,0,1,1,1,0,1,1,0,0,0
2024-03-11,S008,Crane,1,0,1.0,0.0,0.0,0.5,1.0,0.5773502691896257,1.0,0,2024,3,1,11,6,4,0,1,3,1,0,1,0,1,1,0
2024-03-18,S008,Crane,0,0,1.0,1.0,0.0,0.5,1.0,0.5773502691896257,0.0,1,2024,3,1,12,4,2,0,0,3,0,0,1,0,0,1,1
2024-03-25,S008,Crane,0,0,0.0,1.0,0.0,0.5,1.0,0.5773502691896257,0.0,2,2024,3,1,13,4,2,0,0,3,0,0,1,0,0,0,1
2024-04-01,S008,Crane,0,1,0.0,0.0,1.0,0.25,1.0,0.5,-1.0,3,2024,4,2,14,1,1,0,0,1,0,0,0,0,0,0,0
2024-04-08,S008,Crane,1,1,0.0,0.0,1.0,0.25,1.0,0.5,0.0,0,2024,4,2,15,2,2,0,0,0,1,1,0,1,0,0,0
2024-04-15,S008,Crane,1,1,1.0,0.0,0.0,0.5,1.0,0.5773502691896257,1.0,0,2024,4,2,16,2,2,0,0,0,1,1,0,0,0,1,0
2024-04-22,S008,Crane,1,0,1.0,1.0,0.0,0.75,1.0,0.5,1.0,0,2024,4,2,17,3,3,0,1,0,1,1,0,0,1,1,0
2024-04-29,S008,Crane,0,0,1.0,1.0,0.0,0.75,1.0,0.5,0.0,1,2024,4,2,18,3,3,0,1,0,0,1,1,0,0,0,1
2024-05-06,S008,Crane,0,0,0.0,1.0,1.0,0.5,1.0,0.5773502691896257,-1.0,2,2024,5,2,19,2,2,0,1,0,0,0,1,0,0,0,1
2024-05-13,S008,Crane,0,0,0.0,0.0,1.0,0.25,1.0,0.5,-1.0,3,2024,5,2,20,2,2,0,1,0,0,0,1,0,0,0,0
2024-05-20,S008,Crane,0,0,0.0,0.0,1.0,0.0,0.0,0.0,-1.0,4,2024,5,2,21,1,1,0,0,0,0,0,1,0,0,0,0
2024-05-27,S008,Crane,0,0,0.0,0.0,0.0,0.0,0.0,0.0,0.0,5,2024,5,2,22,2,2,0,0,0,0,1,1,0,0,0,0
2024-06-03,S008,Crane,0,0,0.0,0.0,0.0,0.0,0.0,0.0,0.0,6,2024,6,2,23,2,2,1,0,0,0,1,0,0,0,0,0
2024-06-10,S008,Crane,0,0,0.0,0.0,0.0,0.0,0.0,0.0,0.0,7,2024,6,2,24,5,4,1,1,0,0,2,1,0,0,0,0
2024-06-17,S008,Crane,0,0,0.0,0.0,0.0,0.0,0.0,0.0,0.0,8,2024,6,2,25,7,5,1,1,2,0,2,1,0,0,0,0
2024-06-24,S008,Crane,0,0,0.0,0.0,0.0,0.0,0.0,0.0,0.0,9,2024,6,2,26,6,4,1,0,2,0,2,1,0,0,0,0
2024-07-01,S008,Crane,0,0,0.0,0.0,0.0,0.0,0.0,0.0,0.0,10,2024,7,3,27,5,4,1,0,1,0,1,2,0,0,0,0
2024-07-08,S008,Crane,0,0,0.0,0.0,0.0,0.0,0.0,0.0,0.0,11,2024,7,3,28,5,4,1,1,1,0,0,2,0,0,0,0
2024-07-15,S008,Crane,0,0,0.0,0.0,0.0,0.0,0.0,0.0,0.0,12,2024,7,3,29,5,3,2,1,0,0,0,2,0,0,0,0
2024-07-22,S008,Crane,0,0,0.0,0.0,0.0,0.0,0.0,0.0,0.0,13,2024,7,3,30,4,2,2,0,0,0,0,2,0,0,0,0
2024-07-29,S008,Crane,0,0,0.0,0.0,0.0,0.0,0.0,0.0,0.0,14,2024,7,3,31,4,3,1,0,0,0,1,2,0,0,0,0
2024-08-05,S008,Crane,0,0,0.0,0.0,0.0,0.0,0.0,0.0,0.0,15,2024,8,3,32,2,2,0,0,1,0,1,0,0,0,0,0
2024-08-12,S008,Crane,0,0,0.0,0.0,0.0,0.0,0.0,0.0,0.0,16,2024,8,3,33,1,1,0,0,1,0,0,0,0,0,0,0
2024-08-19,S008,Crane,0,0,0.0,0.0,0.0,0.0,0.0,0.0,0.0,17,2024,8,3,34,2,2,1,0,1,0,0,0,0,0,0,0
2024-08-26,S008,Crane,0,0,0.0,0.0,0.0,0.0,0.0,0.0,0.0,18,2024,8,3,35,1,1,1,0,0,0,0,0,0,0,0,0
2024-09-02,S008,Crane,0,0,0.0,0.0,0.0,0.0,0.0,0.0,0.0,19,2024,9,3,36,2,2,1,1,0,0,0,0,0,0,0,0
2024-09-09,S008,Crane,0,0,0.0,0.0,0.0,0.0,0.0,0.0,0.0,20,2024,9,3,37,4,4,1,1,1,0,0,1,0,0,0,0
2024-09-16,S008,Crane,0,0,0.0,0.0,0.0,0.0,0.0,0.0,0.0,21,2024,9,3,38,5,4,1,0,1,0,1,2,0,0,0,0
2024-09-23,S008,Crane,0,0,0.0,0.0,0.0,0.0,0.0,0.0,0.0,22,2024,9,3,39,4,3,1,0,0,0,1,2,0,0,0,0
2024-09-30,S008,Crane,0,0,0.0,0.0,0.0,0.0,0.0,0.0,0.0,23,2024,9,3,40,1,1,0,0,0,0,1,0,0,0,0,0
2024-10-07,S008,Crane,0,0,0.0,0.0,0.0,0.0,0.0,0.0,0.0,24,2024,10,4,41,0,0,0,0,0,0,0,0,0,0,0,0
2024-10-14,S008,Crane,0,0,0.0,0.0,0.0,0.0,0.0,0.0,0.0,25,2024,10,4,42,0,0,0,0,0,0,0,0,0,0,0,0
2024-10-21,S008,Crane,0,0,0.0,0.0,0.0,0.0,0.0,0.0,0.0,26,2024,10,4,43,1,1,0,0,0,0,0,1,0,0,0,0
2024-10-28,S008,Crane,0,0,0.0,0.0,0.0,0.0,0.0,0.0,0.0,27,2024,10,4,44,2,1,0,0,0,0,0,2,0,0,0,0
2024-11-04,S008,Crane,0,0,0.0,0.0,0.0,0.0,0.0,0.0,0.0,28,2024,11,4,45,3,2,1,0,0,0,0,2,0,0,0,0
2024-11-11,S008,Crane,0,0,0.0,0.0,0.0,0.0,0.0,0.0,0.0,29,2024,11,4,46,1,1,1,0,0,0,0,0,0,0,0,0
2024-11-18,S008,Crane,0,0,0.0,0.0,0.0,0.0,0.0,0.0,0.0,30,2024,11,4,47,1,1,1,0,0,0,0,0,0,0,0,0
2024-11-25,S008,Crane,0,0,0.0,0.0,0.0,0.0,0.0,0.0,0.0,31,2024,11,4,48,0,0,0,0,0,0,0,0,0,0,0,0
2024-12-02,S008,Crane,0,0,0.0,0.0,0.0,0.0,0.0,0.0,0.0,32,2024,12,4,49,0,0,0,0,0,0,0,0,0,0,0,0
2024-12-09,S008,Crane,0,0,0.0,0.0,0.0,0.0,0.0,0.0,0.0,33,2024,12,4,50,1,1,0,0,0,0,1,0,0,0,0,0
2024-12-16,S008,Crane,0,0,0.0,0.0,0.0,0.0,0.0,0.0,0.0,34,2024,12,4,51,2,2,1,0,0,0,1,0,0,0,0,0
2024-12-23,S008,Crane,0,0,0.0,0.0,0.0,0.0,0.0,0.0,0.0,35,2024,12,4,52,3,3,1,0,1,0,1,0,0,0,0,0
2024-12-30,S008,Crane,0,0,0.0,0.0,0.0,0.0,0.0,0.0,0.0,36,2024,12,4,1,4,4,1,1,1,0,1,0,0,0,0,0
2025-01-06,S008,Crane,0,0,0.0,0.0,0.0,0.0,0.0,0.0,0.0,37,2025,1,1,2,4,4,1,1,1,0,1,0,0,0,0,0
2025-01-13,S008,Crane,0,0,0.0,0.0,0.0,0.0,0.0,0.0,0.0,38,2025,1,1,3,5,5,1,1,1,0,1,1,0,0,0,0
2025-01-20,S008,Crane,0,0,0.0,0.0,0.0,0.0,0.0,0.0,0.0,39,2025,1,1,4,3,3,1,0,1,0,0,1,0,0,0,0
2025-01-27,S008,Crane,0,1,0.0,0.0,0.0,0.0,0.0,0.0,0.0,40,2025,1,1,5,3,3,1,0,1,0,0,1,0,0,0,0
2025-02-03,S008,Crane,1,1,0.0,0.0,0.0,0.25,1.0,0.5,1.0,0,2025,2,1,6,5,5,1,1,1,1,0,1,1,0,0,0
2025-02-10,S008,Crane,1,0,1.0,0.0,0.0,0.5,1.0,0.5773502691896257,1.0,0,2025,2,1,7,4,4,1,1,1,1,0,0,0,1,1,0
2025-02-17,S008,Crane,0,0,1.0,1.0,0.0,0.5,1.0,0.5773502691896257,0.0,1,2025,2,1,8,3,3,1,1,1,0,0,0,0,0,1,1
2025-02-24,S008,Crane,0,0,0.0,1.0,0.0,0.5,1.0,0.5773502691896257,0.0,2,2025,2,1,9,3,2,0,1,2,0,0,0,0,0,0,1
2025-03-03,S008,Crane,0,0,0.0,0.0,1.0,0.25,1.0,0.5,-1.0,3,2025,3,1,10,3,2,0,0,2,0,0,1,0,0,0,0
2025-03-10,S008,Crane,0,1,0.0,0.0,1.0,0.0,0.0,0.0,-1.0,4,2025,3,1,11,5,2,1,0,0,0,0,4,0,0,0,0
2025-03-17,S008,Crane,1,1,0.0,0.0,0.0,0.25,1.0,0.5,1.0,0,2025,3,1,12,6,3,1,0,0,1,0,4,1,0,0,0
2025-03-24,S008,Crane,1,1,1.0,0.0,0.0,0.5,1.0,0.5773502691896257,1.0,0,2025,3,1,13,6,4,1,0,0,1,1,3,0,0,1,0
2025-03-31,S008,Crane,1,0,1.0,1.0,0.0,0.75,1.0,0.5,1.0,0,2025,3,1,14,7,4,1,0,0,1,1,4,0,1,1,0
2025-04-07,S008,Crane,0,0,1.0,1.0,0.0,0.75,1.0,0.5,0.0,1,2025,4,2,15,6,3,1,0,0,0,1,4,0,0,0,1
2025-04-14,S008,Crane,0,0,0.0,1.0,1.0,0.5,1.0,0.5773502691896257,-1.0,2,2025,4,2,16,3,3,1,0,0,0,1,1,0,0,0,1
2025-04-21,S008,Crane,0,0,0.0,0.0,1.0,0.25,1.0,0.5,-1.0,3,2025,4,2,17,2,2,1,0,0,0,1,0,0,0,0,0
2025-04-28,S008,Crane,0,0,0.0,0.0,1.0,0.0,0.0,0.0,-1.0,4,2025,4,2,18,2,2,1,0,0,0,1,0,0,0,0,0
2025-05-05,S008,Crane,0,1,0.0,0.0,0.0,0.0,0.0,0.0,0.0,5,2025,5,2,19,3,3,1,0,1,0,1,0,0,0,0,0
2025-05-12,S008,Crane,1,1,0.0,0.0,0.0,0.25,1.0,0.5,1.0,0,2025,5,2,20,4,4,1,0,1,1,1,0,1,0,0,0
2025-05-19,S008,Crane,1,1,1.0,0.0,0.0,0.5,1.0,0.5773502691896257,1.0,0,2025,5,2,21,6,5,1,0,2,1,1,1,0,0,1,0
2025-05-26,S008,Crane,1,0,1.0,1.0,0.0,0.75,1.0,0.5,1.0,0,2025,5,2,22,7,5,1,0,2,1,1,2,0,1,1,0
2025-06-02,S008,Crane,0,1,1.0,1.0,0.0,0.75,1.0,0.5,0.0,1,2025,6,2,23,6,4,1,1,2,0,0,2,0,0,0,1
2025-06-09,S008,Crane,1,1,0.0,1.0,1.0,0.75,1.0,0.5,0.0,0,2025,6,2,24,2,2,0,1,0,1,0,0,1,0,0,1
2025-06-16,S008,Crane,1,0,1.0,0.0,1.0,0.75,1.0,0.5,0.0,0,2025,6,2,25,1,1,0,0,0,1,0,0,0,1,1,0
2025-06-23,S008,Crane,0,0,1.0,1.0,1.0,0.5,1.0,0.5773502691896257,-1.0,1,2025,6,2,26,1,1,0,0,0,0,1,0,0,0,1,1
2025-06-30,S008,Crane,0,0,0.0,1.0,0.0,0.5,1.0,0.5773502691896257,0.0,2,2025,6,2,27,1,1,0,0,0,0,1,0,0,0,0,1
2025-07-07,S008,Crane,0,0,0.0,0.0,1.0,0.25,1.0,0.5,-1.0,3,2025,7,3,28,1,1,0,0,0,0,1,0,0,0,0,0
2025-07-14,S008,Crane,0,0,0.0,0.0,1.0,0.0,0.0,0.0,-1.0,4,2025,7,3,29,1,1,0,0,0,0,1,0,0,0,0,0
2025-07-21,S008,Crane,0,0,0.0,0.0,0.0,0.0,0.0,0.0,0.0,5,2025,7,3,30,3,3,1,1,0,0,1,0,0,0,0,0
2025-07-28,S008,Crane,0,0,0.0,0.0,0.0,0.0,0.0,0.0,0.0,6,2025,7,3,31,4,3,2,1,0,0,1,0,0,0,0,0
2025-08-04,S008,Crane,0,0,0.0,0.0,0.0,0.0,0.0,0.0,0.0,7,2025,8,3,32,3,2,2,0,0,0,1,0,0,0,0,0
2025-08-11,S008,Crane,0,0,0.0,0.0,0.0,0.0,0.0,0.0,0.0,8,2025,8,3,33,3,2,2,1,0,0,0,0,0,0,0,0
2025-08-18,S008,Crane,0,0,0.0,0.0,0.0,0.0,0.0,0.0,0.0,9,2025,8,3,34,4,3,2,1,0,0,1,0,0,0,0,0
2025-08-25,S008,Crane,0,0,0.0,0.0,0.0,0.0,0.0,0.0,0.0,10,2025,8,3,35,2,2,0,0,1,0,1,0,0,0,0,0
2025-09-01,S008,Crane,0,0,0.0,0.0,0.0,0.0,0.0,0.0,0.0,11,2025,9,3,36,1,1,0,0,1,0,0,0,0,0,0,0
2025-09-08,S008,Crane,0,0,0.0,0.0,0.0,0.0,0.0,0.0,0.0,12,2025,9,3,37,3,2,1,0,0,0,2,0,0,0,0,0
2025-09-15,S008,Crane,0,0,0.0,0.0,0.0,0.0,0.0,0.0,0.0,13,2025,9,3,38,4,3,1,1,0,0,2,0,0,0,0,0
2025-09-22,S008,Crane,0,0,0.0,0.0,0.0,0.0,0.0,0.0,0.0,14,2025,9,3,39,3,3,1,1,0,0,1,0,0,0,0,0
2025-09-29,S008,Crane,0,0,0.0,0.0,0.0,0.0,0.0,0.0,0.0,15,2025,9,3,40,3,3,1,0,0,0,1,1,0,0,0,0
2025-10-06,S008,Crane,0,0,0.0,0.0,0.0,0.0,0.0,0.0,0.0,16,2025,10,4,41,5,4,1,1,0,0,1,2,0,0,0,0
2025-10-13,S008,Crane,0,0,0.0,0.0,0.0,0.0,0.0,0.0,0.0,17,2025,10,4,42,6,4,1,1,0,0,2,2,0,0,0,0
2025-10-20,S008,Crane,0,0,0.0,0.0,0.0,0.0,0.0,0.0,0.0,18,2025,10,4,43,3,2,0,0,1,0,2,0,0,0,0,0
2025-10-27,S008,Crane,0,0,0.0,0.0,0.0,0.0,0.0,0.0,0.0,19,2025,10,4,44,1,1,0,0,1,0,0,0,0,0,0,0
2025-11-03,S008,Crane,0,0,0.0,0.0,0.0,0.0,0.0,0.0,0.0,20,2025,11,4,45,3,1,0,0,3,0,0,0,0,0,0,0
2025-11-10,S008,Crane,0,0,0.0,0.0,0.0,0.0,0.0,0.0,0.0,21,2025,11,4,46,3,1,0,0,3,0,0,0,0,0,0,0
2025-11-17,S008,Crane,0,0,0.0,0.0,0.0,0.0,0.0,0.0,0.0,22,2025,11,4,47,2,2,0,0,1,0,0,1,0,0,0,0
2025-11-24,S008,Crane,0,0,0.0,0.0,0.0,0.0,0.0,0.0,0.0,23,2025,11,4,48,4,3,0,0,2,0,1,1,0,0,0,0
2025-12-01,S008,Crane,0,0,0.0,0.0,0.0,0.0,0.0,0.0,0.0,24,2025,12,4,49,6,3,1,0,2,0,3,0,0,0,0,0
2025-12-08,S008,Crane,0,0,0.0,0.0,0.0,0.0,0.0,0.0,0.0,25,2025,12,4,50,6,3,1,0,0,0,3,2,0,0,0,0
2025-12-15,S008,Crane,0,1,0.0,0.0,0.0,0.0,0.0,0.0,0.0,26,2025,12,4,51,8,4,3,1,0,0,2,2,0,0,0,0
2024-01-01,S008,Excavator,0,0,0.0,0.0,0.0,0.0,0.0,0.0,0.0,1,2024,1,1,1,1,1,0,1,0,0,0,0,0,0,0,0
2024-01-08,S008,Excavator,0,0,0.0,0.0,0.0,0.0,0.0,0.0,0.0,2,2024,1,1,2,1,1,0,1,0,0,0,0,0,0,0,0
2024-01-15,S008,Excavator,0,0,0.0,0.0,0.0,0.0,0.0,0.0,0.0,3,2024,1,1,3,1,1,0,0,0,0,0,1,0,0,0,0
2024-01-22,S008,Excavator,0,0,0.0,0.0,0.0,0.0,0.0,0.0,0.0,4,2024,1,1,4,3,1,0,0,0,0,0,3,0,0,0,0
2024-01-29,S008,Excavator,0,0,0.0,0.0,0.0,0.0,0.0,0.0,0.0,5,2024,1,1,5,3,1,0,0,0,0,0,3,0,0,0,0
2024-02-05,S008,Excavator,0,0,0.0,0.0,0.0,0.0,0.0,0.0,0.0,6,2024,2,1,6,4,2,0,0,1,0,0,3,0,0,0,0
2024-02-12,S008,Excavator,0,0,0.0,0.0,0.0,0.0,0.0,0.0,0.0,7,2024,2,1,7,5,3,0,3,1,0,0,1,0,0,0,0
2024-02-19,S008,Excavator,0,0,0.0,0.0,0.0,0.0,0.0,0.0,0.0,8,2024,2,1,8,7,4,0,3,1,0,1,2,0,0,0,0
2024-02-26,S008,Excavator,0,0,0.0,0.0,0.0,0.0,0.0,0.0,0.0,9,2024,2,1,9,6,4,0,2,1,0,1,2,0,0,0,0
2024-03-04,S008,Excavator,0,0,0.0,0.0,0.0,0.0,0.0,0.0,0.0,10,2024,3,1,10,4,4,0,1,1,1,0,1,0,0,0,0
2024-03-11,S008,Excavator,0,0,0.0,0.0,0.0,0.0,0.0,0.0,0.0,11,2024,3,1,11,6,4,0,1,3,1,0,1,0,0,0,0
2024-03-18,S008,Excavator,0,0,0.0,0.0,0.0,0.0,0.0,0.0,0.0,12,2024,3,1,12,4,2,0,0,3,0,0,1,0,0,0,0
2024-03-25,S008,Excavator,0,0,0.0,0.0,0.0,0.0,0.0,0.0,0.0,13,2024,3,1,13,4,2,0,0,3,0,0,1,0,0,0,0
2024-04-01,S008,Excavator,0,0,0.0,0.0,0.0,0.0,0.0,0.0,0.0,14,2024,4,2,14,1,1,0,0,1,0,0,0,0,0,0,0
2024-04-08,S008,Excavator,0,0,0.0,0.0,0.0,0.0,0.0,0.0,0.0,15,2024,4,2,15,2,2,0,0,0,1,1,0,0,0,0,0
2024-04-15,S008,Excavator,0,0,0.0,0.0,0.0,0.0,0.0,0.0,0.0,16,2024,4,2,16,2,2,0,0,0,1,1,0,0,0,0,0
2024-04-22,S008,Excavator,0,0,0.0,0.0,0.0,0.0,0.0,0.0,0.0,17,2024,4,2,17,3,3,0,1,0,1,1,0,0,0,0,0
2024-04-29,S008,Excavator,0,0,0.0,0.0,0.0,0.0,0.0,0.0,0.0,18,2024,4,2,18,3,3,0,1,0,0,1,1,0,0,0,0
2024-05-06,S008,Excavator,0,0,0.0,0.0,0.0,0.0,0.0,0.0,0.0,19,2024,5,2,19,2,2,0,1,0,0,0,1,0,0,0,0
2024-05-13,S008,Excavator,0,0,0.0,0.0,0.0,0.0,0.0,0.0,0.0,20,2024,5,2,20,2,2,0,1,0,0,0,1,0,0,0,0
2024-05-20,S008,Excavator,0,0,0.0,0.0,0.0,0.0,0.0,0.0,0.0,21,2024,5,2,21,1,1,0,0,0,0,0,1,0,0,0,0
2024-05-27,S008,Excavator,0,1,0.0,0.0,0.0,0.0,0.0,0.0,0.0,22,2024,5,2,22,2,2,0,0,0,0,1,1,0,0,0,0
2024-06-03,S008,Excavator,1,1,0.0,0.0,0.0,0.25,1.0,0.5,1.0,0,2024,6,2,23,2,2,1,0,0,0,1,0,1,0,0,0
2024-06-10,S008,Excavator,1,1,1.0,0.0,0.0,0.5,1.0,0.5773502691896257,1.0,0,2024,6,2,24,5,4,1,1,0,0,2,1,0,0,1,0
2024-06-17,S008,Excavator,1,1,1.0,1.0,0.0,0.75,1.0,0.5,1.0,0,2024,6,2,25,7,5,1,1,2,0,2,1,0,1,1,0
2024-06-24,S008,Excavator,1,1,1.0,1.0,0.0,1.0,1.0,0.0,1.0,0,2024,6,2,26,6,4,1,0,2,0,2,1,1,0,0,1
2024-07-01,S008,Excavator,1,1,1.0,1.0,1.0,1.0,1.0,0.0,0.0,0,2024,7,3,27,5,4,1,0,1,0,1,2,0,0,1,1
2024-07-08,S008,Excavator,1,2,1.0,1.0,1.0,1.0,1.0,0.0,0.0,0,2024,7,3,28,5,4,1,1,1,0,0,2,0,0,1,0
2024-07-15,S008,Excavator,2,2,1.0,1.0,1.0,1.25,2.0,0.5,1.0,0,2024,7,3,29,5,3,2,1,0,0,0,2,1,0,0,0
2024-07-22,S008,Excavator,2,1,2.0,1.0,1.0,1.5,2.0,0.5773502691896257,1.0,0,2024,7,3,30,4,2,2,0,0,0,0,2,0,1,1,0
2024-07-29,S008,Excavator,1,0,2.0,2.0,1.0,1.5,2.0,0.5773502691896257,0.0,0,2024,7,3,31,4,3,1,0,0,0,1,2,0,1,1,1
2024-08-05,S008,Excavator,0,0,1.0,2.0,1.0,1.25,2.0,0.9574271077563381,-1.0,1,2024,8,3,32,2,2,0,0,1,0,1,0,0,0,0,2
2024-08-12,S008,Excavator,0,1,0.0,1.0,2.0,0.75,2.0,0.9574271077563381,-2.0,2,2024,8,3,33,1,1,0,0,1,0,0,0,0,0,0,1
2024-08-19,S008,Excavator,1,1,0.0,0.0,2.0,0.5,1.0,0.5773502691896257,-1.0,0,2024,8,3,34,2,2,1,0,1,0,0,0,1,0,0,0
2024-08-26,S008,Excavator,1,1,1.0,0.0,1.0,0.5,1.0,0.5773502691896257,0.0,0,2024,8,3,35,1,1,1,0,0,0,0,0,0,0,1,0
2024-09-02,S008,Excavator,1,1,1.0,1.0,0.0,0.75,1.0,0.49999999999999994,1.0,0,2024,9,3,36,2,2,1,1,0,0,0,0,0,0,1,0
2024-09-09,S008,Excavator,1,1,1.0,1.0,0.0,1.0,1.0,0.0,1.0,0,2024,9,3,37,4,4,1,1,1,0,0,1,0,0,0,0
2024-09-16,S008,Excavator,1,1,1.0,1.0,1.0,1.0,1.0,0.0,0.0,0,2024,9,3,38,5,4,1,0,1,0,1,2,0,0,0,0
2024-09-23,S008,Excavator,1,0,1.0,1.0,1.0,1.0,1.0,0.0,0.0,0,2024,9,3,39,4,3,1,0,0,0,1,2,0,1,0,0
2024-09-30,S008,Excavator,0,0,1.0,1.0,1.0,0.75,1.0,0.5,-1.0,1,2024,9,3,40,1,1,0,0,0,0,1,0,0,0,0,1
2024-10-07,S008,Excavator,0,0,0.0,1.0,1.0,0.5,1.0,0.5773502691896257,-1.0,2,2024,10,4,41,0,0,0,0,0,0,0,0,0,0,0,1
2024-10-14,S008,Excavator,0,0,0.0,0.0,1.0,0.25,1.0,0.5,-1.0,3,2024,10,4,42,0,0,0,0,0,0,0,0,0,0,0,0
2024-10-21,S008,Excavator,0,0,0.0,0.0,1.0,0.0,0.0,0.0,-1.0,4,2024,10,4,43,1,1,0,0,0,0,0,1,0,0,0,0
2024-10-28,S008,Excavator,0,1,0.0,0.0,0.0,0.0,0.0,0.0,0.0,5,2024,10,4,44,2,1,0,0,0,0,0,2,0,0,0,0
2024-11-04,S008,Excavator,1,1,0.0,0.0,0.0,0.25,1.0,0.5,1.0,0,2024,11,4,45,3,2,1,0,0,0,0,2,1,0,0,0
2024-11-11,S008,Excavator,1,1,1.0,0.0,0.0,0.5,1.0,0.5773502691896257,1.0,0,2024,11,4,46,1,1,1,0,0,0,0,0,0,0,1,0
2024-11-18,S008,Excavator,1,0,1.0,1.0,0.0,0.75,1.0,0.5,1.0,0,2024,11,4,47,1,1,1,0,0,0,0,0,0,1,1,0
2024-11-25,S008,Excavator,0,0,1.0,1.0,0.0,0.75,1.0,0.5,0.0,1,2024,11,4,48,0,0,0,0,0,0,0,0,0,0,0,1
2024-12-02,S008,Excavator,0,0,0.0,1.0,1.0,0.5,1.0,0.5773502691896257,-1.0,2,2024,12,4,49,0,0,0,0,0,0,0,0,0,0,0,1
2024-12-09,S008,Excavator,0,1,0.0,0.0,1.0,0.25,1.0,0.5,-1.0,3,2024,12,4,50,1,1,0,0,0,0,1,0,0,0,0,0
2024-12-16,S008,Excavator,1,1,0.0,0.0,1.0,0.25,1.0,0.5,0.0,0,2024,12,4,51,2,2,1,0,0,0,1,0,1,0,0,0
2024-12-23,S008,Excavator,1,1,1.0,0.0,0.0,0.5,1.0,0.5773502691896257,1.0,0,2024,12,4,52,3,3,1,0,1,0,1,0,0,1,1,0
2024-12-30,S008,Excavator,1,1,1.0,1.0,0.0,0.75,1.0,0.5,1.0,0,2024,12,4,1,4,4,1,1,1,0,1,0,1,0,1,1
2025-01-06,S008,Excavator,1,1,1.0,1.0,0.0,1.0,1.0,0.0,1.0,0,2025,1,1,2,4,4,1,1,1,0,1,0,0,0,1,1
2025-01-13,S008,Excavator,1,1,1.0,1.0,1.0,1.0,1.0,0.0,0.0,0,2025,1,1,3,5,5,1,1,1,0,1,1,0,0,1,0
2025-01-20,S008,Excavator,1,1,1.0,1.0,1.0,1.0,1.0,0.0,0.0,0,2025,1,1,4,3,3,1,0,1,0,0,1,0,0,0,0
2025-01-27,S008,Excavator,1,1,1.0,1.0,1.0,1.0,1.0,0.0,0.0,0,2025,1,1,5,3,3,1,0,1,0,0,1,0,0,0,0
2025-02-03,S008,Excavator,1,1,1.0,1.0,1.0,1.0,1.0,0.0,0.0,0,2025,2,1,6,5,5,1,1,1,1,0,1,0,0,0,0
2025-02-10,S008,Excavator,1,1,1.0,1.0,1.0,1.0,1.0,0.0,0.0,0,2025,2,1,7,4,4,1,1,1,1,0,0,0,0,0,0
2025-02-17,S008,Excavator,1,0,1.0,1.0,1.0,1.0,1.0,0.0,0.0,0,2025,2,1,8,3,3,1,1,1,0,0,0,0,1,0,0
2025-02-24,S008,Excavator,0,0,1.0,1.0,1.0,0.75,1.0,0.5,-1.0,1,2025,2,1,9,3,2,0,1,2,0,0,0,0,0,0,1
2025-03-03,S008,Excavator,0,1,0.0,1.0,1.0,0.5,1.0,0.5773502691896257,-1.0,2,2025,3,1,10,3,2,0,0,2,0,0,1,0,0,0,1
2025-03-10,S008,Excavator,1,1,0.0,0.0,1.0,0.5,1.0,0.5773502691896257,0.0,0,2025,3,1,11,5,2,1,0,0,0,0,4,1,0,0,0
2025-03-17,S008,Excavator,1,1,1.0,0.0,1.0,0.5,1.0,0.5773502691896257,0.0,0,2025,3,1,12,6,3,1,0,0,1,0,4,0,0,1,0
2025-03-24,S008,Excavator,1,1,1.0,1.0,0.0,0.75,1.0,0.5,1.0,0,2025,3,1,13,6,4,1,0,0,1,1,3,0,1,1,0
2025-03-31,S008,Excavator,1,1,1.0,1.0,0.0,1.0,1.0,0.0,1.0,0,2025,3,1,14,7,4,1,0,0,1,1,4,1,0,0,1
2025-04-07,S008,Excavator,1,1,1.0,1.0,1.0,1.0,1.0,0.0,0.0,0,2025,4,2,15,6,3,1,0,0,0,1,4,0,0,1,1
2025-04-14,S008,Excavator,1,1,1.0,1.0,1.0,1.0,1.0,0.0,0.0,0,2025,4,2,16,3,3,1,0,0,0,1,1,0,0,1,0
2025-04-21,S008,Excavator,1,1,1.0,1.0,1.0,1.0,1.0,0.0,0.0,0,2025,4,2,17,2,2,1,0,0,0,1,0,0,0,0,0
2025-04-28,S008,Excavator,1,1,1.0,1.0,1.0,1.0,1.0,0.0,0.0,0,2025,4,2,18,2,2,1,0,0,0,1,0,0,1,0,0
2025-05-05,S008,Excavator,1,1,1.0,1.0,1.0,1.0,1.0,0.0,0.0,0,2025,5,2,19,3,3,1,0,1,0,1,0,1,0,0,1
2025-05-12,S008,Excavator,1,1,1.0,1.0,1.0,1.0,1.0,0.0,0.0,0,2025,5,2,20,4,4,1,0,1,1,1,0,0,1,1,1
2025-05-19,S008,Excavator,1,1,1.0,1.0,1.0,1.0,1.0,0.0,0.0,0,2025,5,2,21,6,5,1,0,2,1,1,1,1,0,1,1
2025-05-26,S008,Excavator,1,1,1.0,1.0,1.0,1.0,1.0,0.0,0.0,0,2025,5,2,22,7,5,1,0,2,1,1,2,0,0,1,1
2025-06-02,S008,Excavator,1,0,1.0,1.0,1.0,1.0,1.0,0.0,0.0,0,2025,6,2,23,6,4,1,1,2,0,0,2,0,1,1,0
2025-06-09,S008,Excavator,0,0,1.0,1.0,1.0,0.75,1.0,0.5,-1.0,1,2025,6,2,24,2,2,0,1,0,1,0,0,0,0,0,1
2025-06-16,S008,Excavator,0,0,0.0,1.0,1.0,0.5,1.0,0.5773502691896257,-1.0,2,2025,6,2,25,1,1,0,0,0,1,0,0,0,0,0,1
2025-06-23,S008,Excavator,0,0,0.0,0.0,1.0,0.25,1.0,0.5,-1.0,3,2025,6,2,26,1,1,0,0,0,0,1,0,0,0,0,0
2025-06-30,S008,Excavator,0,0,0.0,0.0,1.0,0.0,0.0,0.0,-1.0,4,2025,6,2,27,1,1,0,0,0,0,1,0,0,0,0,0
2025-07-07,S008,Excavator,0,0,0.0,0.0,0.0,0.0,0.0,0.0,0.0,5,2025,7,3,28,1,1,0,0,0,0,1,0,0,0,0,0
2025-07-14,S008,Excavator,0,1,0.0,0.0,0.0,0.0,0.0,0.0,0.0,6,2025,7,3,29,1,1,0,0,0,0,1,0,0,0,0,0
2025-07-21,S008,Excavator,1,2,0.0,0.0,0.0,0.25,1.0,0.5,1.0,0,2025,7,3,30,3,3,1,1,0,0,1,0,1,0,0,0
2025-07-28,S008,Excavator,2,2,1.0,0.0,0.0,0.75,2.0,0.9574271077563381,2.0,0,2025,7,3,31,4,3,2,1,0,0,1,0,1,0,1,0
2025-08-04,S008,Excavator,2,2,2.0,1.0,0.0,1.25,2.0,0.9574271077563381,2.0,0,2025,8,3,32,3,2,2,0,0,0,1,0,0,1,2,0
2025-08-11,S008,Excavator,2,2,2.0,2.0,0.0,1.75,2.0,0.4999999999999999,2.0,0,2025,8,3,33,3,2,2,1,0,0,0,0,1,0,1,1
2025-08-18,S008,Excavator,2,0,2.0,2.0,1.0,2.0,2.0,0.0,1.0,0,2025,8,3,34,4,3,2,1,0,0,1,0,0,2,1,1
2025-08-25,S008,Excavator,0,0,2.0,2.0,2.0,1.5,2.0,1.0,-2.0,1,2025,8,3,35,2,2,0,0,1,0,1,0,0,0,1,2
2025-09-01,S008,Excavator,0,1,0.0,2.0,2.0,1.0,2.0,1.1547005383792515,-2.0,2,2025,9,3,36,1,1,0,0,1,0,0,0,0,0,0,2
2025-09-08,S008,Excavator,1,1,0.0,0.0,2.0,0.75,2.0,0.9574271077563382,-1.0,0,2025,9,3,37,3,2,1,0,0,0,2,0,1,0,0,0
2025-09-15,S008,Excavator,1,1,1.0,0.0,2.0,0.5,1.0,0.5773502691896258,-1.0,0,2025,9,3,38,4,3,1,1,0,0,2,0,0,1,1,0
2025-09-22,S008,Excavator,1,1,1.0,1.0,0.0,0.75,1.0,0.5000000000000001,1.0,0,2025,9,3,39,3,3,1,1,0,0,1,0,1,0,1,1
2025-09-29,S008,Excavator,1,1,1.0,1.0,0.0,1.0,1.0,0.0,1.0,0,2025,9,3,40,3,3,1,0,0,0,1,1,0,0,1,1
2025-10-06,S008,Excavator,1,1,1.0,1.0,1.0,1.0,1.0,0.0,0.0,0,2025,10,4,41,5,4,1,1,0,0,1,2,0,0,1,0
2025-10-13,S008,Excavator,1,0,1.0,1.0,1.0,1.0,1.0,0.0,0.0,0,2025,10,4,42,6,4,1,1,0,0,2,2,0,1,0,0
2025-10-20,S008,Excavator,0,0,1.0,1.0,1.0,0.75,1.0,0.5,-1.0,1,2025,10,4,43,3,2,0,0,1,0,2,0,0,0,0,1
2025-10-27,S008,Excavator,0,0,0.0,1.0,1.0,0.5,1.0,0.5773502691896257,-1.0,2,2025,10,4,44,1,1,0,0,1,0,0,0,0,0,0,1
2025-11-03,S008,Excavator,0,0,0.0,0.0,1.0,0.25,1.0,0.5,-1.0,3,2025,11,4,45,3,1,0,0,3,0,0,0,0,0,0,0
2025-11-10,S008,Excavator,0,0,0.0,0.0,1.0,0.0,0.0,0.0,-1.0,4,2025,11,4,46,3,1,0,0,3,0,0,0,0,0,0,0
2025-11-17,S008,Excavator,0,0,0.0,0.0,0.0,0.0,0.0,0.0,0.0,5,2025,11,4,47,2,2,0,0,1,0,0,1,0,0,0,0
2025-11-24,S008,Excavator,0,1,0.0,0.0,0.0,0.0,0.0,0.0,0.0,6,2025,11,4,48,4,3,0,0,2,0,1,1,0,0,0,0
2025-12-01,S008,Excavator,1,1,0.0,0.0,0.0,0.25,1.0,0.5,1.0,0,2025,12,4,49,6,3,1,0,2,0,3,0,1,0,0,0
2025-12-08,S008,Excavator,1,3,1.0,0.0,0.0,0.5,1.0,0.5773502691896257,1.0,0,2025,12,4,50,6,3,1,0,0,0,3,2,0,0,1,0
2025-12-15,S008,Excavator,3,3,1.0,1.0,0.0,1.25,3.0,1.2583057392117918,3.0,0,2025,12,4,51,8,4,3,1,0,0,2,2,2,0,1,0
2024-01-01,S008,Grader,0,0,0.0,0.0,0.0,0.0,0.0,0.0,0.0,1,2024,1,1,1,1,1,0,1,0,0,0,0,0,0,0,0
2024-01-08,S008,Grader,0,0,0.0,0.0,0.0,0.0,0.0,0.0,0.0,2,2024,1,1,2,1,1,0,1,0,0,0,0,0,0,0,0
2024-01-15,S008,Grader,0,0,0.0,0.0,0.0,0.0,0.0,0.0,0.0,3,2024,1,1,3,1,1,0,0,0,0,0,1,0,0,0,0
2024-01-22,S008,Grader,0,0,0.0,0.0,0.0,0.0,0.0,0.0,0.0,4,2024,1,1,4,3,1,0,0,0,0,0,3,0,0,0,0
2024-01-29,S008,Grader,0,1,0.0,0.0,0.0,0.0,0.0,0.0,0.0,5,2024,1,1,5,3,1,0,0,0,0,0,3,0,0,0,0
2024-02-05,S008,Grader,1,1,0.0,0.0,0.0,0.25,1.0,0.5,1.0,0,2024,2,1,6,4,2,0,0,1,0,0,3,1,0,0,0
2024-02-12,S008,Grader,1,1,1.0,0.0,0.0,0.5,1.0,0.5773502691896257,1.0,0,2024,2,1,7,5,3,0,3,1,0,0,1,0,0,1,0
2024-02-19,S008,Grader,1,1,1.0,1.0,0.0,0.75,1.0,0.5,1.0,0,2024,2,1,8,7,4,0,3,1,0,1,2,0,0,1,0
2024-02-26,S008,Grader,1,1,1.0,1.0,0.0,1.0,1.0,0.0,1.0,0,2024,2,1,9,6,4,0,2,1,0,1,2,0,1,0,0
2024-03-04,S008,Grader,1,3,1.0,1.0,1.0,1.0,1.0,0.0,0.0,0,2024,3,1,10,4,4,0,1,1,1,0,1,1,0,0,1
2024-03-11,S008,Grader,3,3,1.0,1.0,1.0,1.5,3.0,1.0,2.0,0,2024,3,1,11,6,4,0,1,3,1,0,1,2,0,1,1
2024-03-18,S008,Grader,3,3,3.0,1.0,1.0,2.0,3.0,1.1547005383792515,2.0,0,2024,3,1,12,4,2,0,0,3,0,0,1,0,0,3,0
2024-03-25,S008,Grader,3,1,3.0,3.0,1.0,2.5,3.0,1.0,2.0,0,2024,3,1,13,4,2,0,0,3,0,0,1,0,2,2,0
2024-04-01,S008,Grader,1,0,3.0,3.0,1.0,2.5,3.0,1.0,0.0,0,2024,4,2,14,1,1,0,0,1,0,0,0,0,1,0,2
2024-04-08,S008,Grader,0,0,1.0,3.0,3.0,1.75,3.0,1.5000000000000002,-3.0,1,2024,4,2,15,2,2,0,0,0,1,1,0,0,0,0,3
2024-04-15,S008,Grader,0,0,0.0,1.0,3.0,1.0,3.0,1.4142135623730951,-3.0,2,2024,4,2,16,2,2,0,0,0,1,1,0,0,0,0,1
2024-04-22,S008,Grader,0,0,0.0,0.0,3.0,0.25,1.0,0.5000000000000003,-3.0,3,2024,4,2,17,3,3,0,1,0,1,1,0,0,0,0,0
2024-04-29,S008,Grader,0,0,0.0,0.0,1.0,0.0,0.0,0.0,-1.0,4,2024,4,2,18,3,3,0,1,0,0,1,1,0,0,0,0
2024-05-06,S008,Grader,0,0,0.0,0.0,0.0,0.0,0.0,0.0,0.0,5,2024,5,2,19,2,2,0,1,0,0,0,1,0,0,0,0
2024-05-13,S008,Grader,0,0,0.0,0.0,0.0,0.0,0.0,0.0,0.0,6,2024,5,2,20,2,2,0,1,0,0,0,1,0,0,0,0
2024-05-20,S008,Grader,0,0,0.0,0.0,0.0,0.0,0.0,0.0,0.0,7,2024,5,2,21,1,1,0,0,0,0,0,1,0,0,0,0
2024-05-27,S008,Grader,0,0,0.0,0.0,0.0,0.0,0.0,0.0,0.0,8,2024,5,2,22,2,2,0,0,0,0,1,1,0,0,0,0
2024-06-03,S008,Grader,0,0,0.0,0.0,0.0,0.0,0.0,0.0,0.0,9,2024,6,2,23,2,2,1,0,0,0,1,0,0,0,0,0
2024-06-10,S008,Grader,0,2,0.0,0.0,0.0,0.0,0.0,0.0,0.0,10,2024,6,2,24,5,4,1,1,0,0,2,1,0,0,0,0
2024-06-17,S008,Grader,2,2,0.0,0.0,0.0,0.5,2.0,1.0,2.0,0,2024,6,2,25,7,5,1,1,2,0,2,1,2,0,0,0
2024-06-24,S008,Grader,2,1,2.0,0.0,0.0,1.0,2.0,1.1547005383792515,2.0,0,2024,6,2,26,6,4,1,0,2,0,2,1,0,2,2,0
2024-07-01,S008,Grader,1,1,2.0,2.0,0.0,1.25,2.0,0.9574271077563382,1.0,0,2024,7,3,27,5,4,1,0,1,0,1,2,1,0,2,2
2024-07-08,S008,Grader,1,0,1.0,2.0,0.0,1.5,2.0,0.5773502691896258,1.0,0,2024,7,3,28,5,4,1,1,1,0,0,2,0,1,1,2
2024-07-15,S008,Grader,0,0,1.0,1.0,2.0,1.0,2.0,0.8164965809277261,-2.0,1,2024,7,3,29,5,3,2,1,0,0,0,2,0,0,1,1
2024-07-22,S008,Grader,0,0,0.0,1.0,2.0,0.5,1.0,0.5773502691896258,-2.0,2,2024,7,3,30,4,2,2,0,0,0,0,2,0,0,0,1
2024-07-29,S008,Grader,0,1,0.0,0.0,1.0,0.25,1.0,0.5000000000000001,-1.0,3,2024,7,3,31,4,3,1,0,0,0,1,2,0,0,0,0
2024-08-05,S008,Grader,1,1,0.0,0.0,1.0,0.25,1.0,0.5,0.0,0,2024,8,3,32,2,2,0,0,1,0,1,0,1,0,0,0
2024-08-12,S008,Grader,1,1,1.0,0.0,0.0,0.5,1.0,0.5773502691896257,1.0,0,2024,8,3,33,1,1,0,0,1,0,0,0,0,0,1,0
2024-08-19,S008,Grader,1,0,1.0,1.0,0.0,0.75,1.0,0.5,1.0,0,2024,8,3,34,2,2,1,0,1,0,0,0,0,1,1,0
2024-08-26,S008,Grader,0,0,1.0,1.0,0.0,0.75,1.0,0.5,0.0,1,2024,8,3,35,1,1,1,0,0,0,0,0,0,0,0,1
2024-09-02,S008,Grader,0,1,0.0,1.0,1.0,0.5,1.0,0.5773502691896257,-1.0,2,2024,9,3,36,2,2,1,1,0,0,0,0,0,0,0,1
2024-09-09,S008,Grader,1,1,0.0,0.0,1.0,0.5,1.0,0.5773502691896257,0.0,0,2024,9,3,37,4,4,1,1,1,0,0,1,1,0,0,0
2024-09-16,S008,Grader,1,0,1.0,0.0,1.0,0.5,1.0,0.5773502691896257,0.0,0,2024,9,3,38,5,4,1,0,1,0,1,2,0,1,1,0
2024-09-23,S008,Grader,0,0,1.0,1.0,0.0,0.5,1.0,0.5773502691896257,0.0,1,2024,9,3,39,4,3,1,0,0,0,1,2,0,0,1,1
2024-09-30,S008,Grader,0,0,0.0,1.0,0.0,0.5,1.0,0.5773502691896257,0.0,2,2024,9,3,40,1,1,0,0,0,0,1,0,0,0,0,1
2024-10-07,S008,Grader,0,0,0.0,0.0,1.0,0.25,1.0,0.5,-1.0,3,2024,10,4,41,0,0,0,0,0,0,0,0,0,0,0,0
2024-10-14,S008,Grader,0,0,0.0,0.0,1.0,0.0,0.0,0.0,-1.0,4,2024,10,4,42,0,0,0,0,0,0,0,0,0,0,0,0
2024-10-21,S008,Grader,0,0,0.0,0.0,0.0,0.0,0.0,0.0,0.0,5,2024,10,4,43,1,1,0,0,0,0,0,1,0,0,0,0
2024-10-28,S008,Grader,0,0,0.0,0.0,0.0,0.0,0.0,0.0,0.0,6,2024,10,4,44,2,1,0,0,0,0,0,2,0,0,0,0
2024-11-04,S008,Grader,0,0,0.0,0.0,0.0,0.0,0.0,0.0,0.0,7,2024,11,4,45,3,2,1,0,0,0,0,2,0,0,0,0
2024-11-11,S008,Grader,0,0,0.0,0.0,0.0,0.0,0.0,0.0,0.0,8,2024,11,4,46,1,1,1,0,0,0,0,0,0,0,0,0
2024-11-18,S008,Grader,0,0,0.0,0.0,0.0,0.0,0.0,0.0,0.0,9,2024,11,4,47,1,1,1,0,0,0,0,0,0,0,0,0
2024-11-25,S008,Grader,0,0,0.0,0.0,0.0,0.0,0.0,0.0,0.0,10,2024,11,4,48,0,0,0,0,0,0,0,0,0,0,0,0
2024-12-02,S008,Grader,0,0,0.0,0.0,0.0,0.0,0.0,0.0,0.0,11,2024,12,4,49,0,0,0,0,0,0,0,0,0,0,0,0
2024-12-09,S008,Grader,0,0,0.0,0.0,0.0,0.0,0.0,0.0,0.0,12,2024,12,4,50,1,1,0,0,0,0,1,0,0,0,0,0
2024-12-16,S008,Grader,0,1,0.0,0.0,0.0,0.0,0.0,0.0,0.0,13,2024,12,4,51,2,2,1,0,0,0,1,0,0,0,0,0
2024-12-23,S008,Grader,1,1,0.0,0.0,0.0,0.25,1.0,0.5,1.0,0,2024,12,4,52,3,3,1,0,1,0,1,0,1,0,0,0
2024-12-30,S008,Grader,1,1,1.0,0.0,0.0,0.5,1.0,0.5773502691896257,1.0,0,2024,12,4,1,4,4,1,1,1,0,1,0,0,1,1,0
2025-01-06,S008,Grader,1,1,1.0,1.0,0.0,0.75,1.0,0.5,1.0,0,2025,1,1,2,4,4,1,1,1,0,1,0,1,0,1,1
2025-01-13,S008,Grader,1,1,1.0,1.0,0.0,1.0,1.0,0.0,1.0,0,2025,1,1,3,5,5,1,1,1,0,1,1,0,1,1,1
2025-01-20,S008,Grader,1,1,1.0,1.0,1.0,1.0,1.0,0.0,0.0,0,2025,1,1,4,3,3,1,0,1,0,0,1,1,0,1,1
2025-01-27,S008,Grader,1,1,1.0,1.0,1.0,1.0,1.0,0.0,0.0,0,2025,1,1,5,3,3,1,0,1,0,0,1,0,1,1,1
2025-02-03,S008,Grader,1,1,1.0,1.0,1.0,1.0,1.0,0.0,0.0,0,2025,2,1,6,5,5,1,1,1,1,0,1,1,0,1,1
2025-02-10,S008,Grader,1,1,1.0,1.0,1.0,1.0,1.0,0.0,0.0,0,2025,2,1,7,4,4,1,1,1,1,0,0,0,0,1,1
2025-02-17,S008,Grader,1,2,1.0,1.0,1.0,1.0,1.0,0.0,0.0,0,2025,2,1,8,3,3,1,1,1,0,0,0,0,1,1,0
2025-02-24,S008,Grader,2,2,1.0,1.0,1.0,1.25,2.0,0.5,1.0,0,2025,2,1,9,3,2,0,1,2,0,0,0,2,0,0,1
2025-03-03,S008,Grader,2,0,2.0,1.0,1.0,1.5,2.0,0.5773502691896257,1.0,0,2025,3,1,10,3,2,0,0,2,0,0,1,0,2,2,1
2025-03-10,S008,Grader,0,0,2.0,2.0,1.0,1.25,2.0,0.9574271077563381,-1.0,1,2025,3,1,11,5,2,1,0,0,0,0,4,0,0,2,2
2025-03-17,S008,Grader,0,0,0.0,2.0,1.0,1.0,2.0,1.1547005383792515,-1.0,2,2025,3,1,12,6,3,1,0,0,1,0,4,0,0,0,2
2025-03-24,S008,Grader,0,0,0.0,0.0,2.0,0.5,2.0,1.0,-2.0,3,2025,3,1,13,6,4,1,0,0,1,1,3,0,0,0,0
2025-03-31,S008,Grader,0,0,0.0,0.0,2.0,0.0,0.0,0.0,-2.0,4,2025,3,1,14,7,4,1,0,0,1,1,4,0,0,0,0
2025-04-07,S008,Grader,0,0,0.0,0.0,0.0,0.0,0.0,0.0,0.0,5,2025,4,2,15,6,3,1,0,0,0,1,4,0,0,0,0
2025-04-14,S008,Grader,0,0,0.0,0.0,0.0,0.0,0.0,0.0,0.0,6,2025,4,2,16,3,3,1,0,0,0,1,1,0,0,0,0
2025-04-21,S008,Grader,0,0,0.0,0.0,0.0,0.0,0.0,0.0,0.0,7,2025,4,2,17,2,2,1,0,0,0,1,0,0,0,0,0
2025-04-28,S008,Grader,0,1,0.0,0.0,0.0,0.0,0.0,0.0,0.0,8,2025,4,2,18,2,2,1,0,0,0,1,0,0,0,0,0
2025-05-05,S008,Grader,1,1,0.0,0.0,0.0,0.25,1.0,0.5,1.0,0,2025,5,2,19,3,3,1,0,1,0,1,0,1,0,0,0
2025-05-12,S008,Grader,1,2,1.0,0.0,0.0,0.5,1.0,0.5773502691896257,1.0,0,2025,5,2,20,4,4,1,0,1,1,1,0,0,0,1,0
2025-05-19,S008,Grader,2,2,1.0,1.0,0.0,1.0,2.0,0.816496580927726,2.0,0,2025,5,2,21,6,5,1,0,2,1,1,1,1,0,1,0
2025-05-26,S008,Grader,2,2,2.0,1.0,0.0,1.5,2.0,0.5773502691896257,2.0,0,2025,5,2,22,7,5,1,0,2,1,1,2,0,0,1,0
2025-06-02,S008,Grader,2,0,2.0,2.0,1.0,1.75,2.0,0.5,1.0,0,2025,6,2,23,6,4,1,1,2,0,0,2,0,2,1,0
2025-06-09,S008,Grader,0,0,2.0,2.0,1.0,1.5,2.0,1.0,-1.0,1,2025,6,2,24,2,2,0,1,0,1,0,0,0,0,0,2
2025-06-16,S008,Grader,0,0,0.0,2.0,2.0,1.0,2.0,1.1547005383792515,-2.0,2,2025,6,2,25,1,1,0,0,0,1,0,0,0,0,0,2
2025-06-23,S008,Grader,0,0,0.0,0.0,2.0,0.5,2.0,1.0,-2.0,3,2025,6,2,26,1,1,0,0,0,0,1,0,0,0,0,0
2025-06-30,S008,Grader,0,0,0.0,0.0,2.0,0.0,0.0,0.0,-2.0,4,2025,6,2,27,1,1,0,0,0,0,1,0,0,0,0,0
2025-07-07,S008,Grader,0,0,0.0,0.0,0.0,0.0,0.0,0.0,0.0,5,2025,7,3,28,1,1,0,0,0,0,1,0,0,0,0,0
2025-07-14,S008,Grader,0,0,0.0,0.0,0.0,0.0,0.0,0.0,0.0,6,2025,7,3,29,1,1,0,0,0,0,1,0,0,0,0,0
2025-07-21,S008,Grader,0,0,0.0,0.0,0.0,0.0,0.0,0.0,0.0,7,2025,7,3,30,3,3,1,1,0,0,1,0,0,0,0,0
2025-07-28,S008,Grader,0,0,0.0,0.0,0.0,0.0,0.0,0.0,0.0,8,2025,7,3,31,4,3,2,1,0,0,1,0,0,0,0,0
2025-08-04,S008,Grader,0,0,0.0,0.0,0.0,0.0,0.0,0.0,0.0,9,2025,8,3,32,3,2,2,0,0,0,1,0,0,0,0,0
2025-08-11,S008,Grader,0,0,0.0,0.0,0.0,0.0,0.0,0.0,0.0,10,2025,8,3,33,3,2,2,1,0,0,0,0,0,0,0,0
2025-08-18,S008,Grader,0,1,0.0,0.0,0.0,0.0,0.0,0.0,0.0,11,2025,8,3,34,4,3,2,1,0,0,1,0,0,0,0,0
2025-08-25,S008,Grader,1,1,0.0,0.0,0.0,0.25,1.0,0.5,1.0,0,2025,8,3,35,2,2,0,0,1,0,1,0,1,0,0,0
2025-09-01,S008,Grader,1,0,1.0,0.0,0.0,0.5,1.0,0.5773502691896257,1.0,0,2025,9,3,36,1,1,0,0,1,0,0,0,0,1,1,0
2025-09-08,S008,Grader,0,0,1.0,1.0,0.0,0.5,1.0,0.5773502691896257,0.0,1,2025,9,3,37,3,2,1,0,0,0,2,0,0,0,1,1
2025-09-15,S008,Grader,0,0,0.0,1.0,0.0,0.5,1.0,0.5773502691896257,0.0,2,2025,9,3,38,4,3,1,1,0,0,2,0,0,0,0,1
2025-09-22,S008,Grader,0,0,0.0,0.0,1.0,0.25,1.0,0.5,-1.0,3,2025,9,3,39,3,3,1,1,0,0,1,0,0,0,0,0
2025-09-29,S008,Grader,0,0,0.0,0.0,1.0,0.0,0.0,0.0,-1.0,4,2025,9,3,40,3,3,1,0,0,0,1,1,0,0,0,0
2025-10-06,S008,Grader,0,0,0.0,0.0,0.0,0.0,0.0,0.0,0.0,5,2025,10,4,41,5,4,1,1,0,0,1,2,0,0,0,0
2025-10-13,S008,Grader,0,1,0.0,0.0,0.0,0.0,0.0,0.0,0.0,6,2025,10,4,42,6,4,1,1,0,0,2,2,0,0,0,0
2025-10-20,S008,Grader,1,1,0.0,0.0,0.0,0.25,1.0,0.5,1.0,0,2025,10,4,43,3,2,0,0,1,0,2,0,1,0,0,0
2025-10-27,S008,Grader,1,3,1.0,0.0,0.0,0.5,1.0,0.5773502691896257,1.0,0,2025,10,4,44,1,1,0,0,1,0,0,0,0,0,1,0
2025-11-03,S008,Grader,3,3,1.0,1.0,0.0,1.25,3.0,1.2583057392117918,3.0,0,2025,11,4,45,3,1,0,0,3,0,0,0,2,0,1,0
2025-11-10,S008,Grader,3,1,3.0,1.0,0.0,2.0,3.0,1.1547005383792517,3.0,0,2025,11,4,46,3,1,0,0,3,0,0,0,0,2,2,0
2025-11-17,S008,Grader,1,2,3.0,3.0,1.0,2.0,3.0,1.1547005383792517,0.0,0,2025,11,4,47,2,2,0,0,1,0,0,1,0,0,2,2
2025-11-24,S008,Grader,2,2,1.0,3.0,1.0,2.25,3.0,0.9574271077563382,1.0,0,2025,11,4,48,4,3,0,0,2,0,1,1,1,0,0,2
2025-12-01,S008,Grader,2,0,2.0,1.0,3.0,2.0,3.0,0.8164965809277263,-1.0,0,2025,12,4,49,6,3,1,0,2,0,3,0,0,2,1,0
2025-12-08,S008,Grader,0,0,2.0,2.0,3.0,1.25,2.0,0.9574271077563382,-3.0,1,2025,12,4,50,6,3,1,0,0,0,3,2,0,0,1,2
2025-12-15,S008,Grader,0,1,0.0,2.0,1.0,1.0,2.0,1.1547005383792517,-1.0,2,2025,12,4,51,8,4,3,1,0,0,2,2,0,0,0,2
2024-01-01,S008,Loader,0,0,0.0,0.0,0.0,0.0,0.0,0.0,0.0,1,2024,1,1,1,1,1,0,1,0,0,0,0,0,0,0,0
2024-01-08,S008,Loader,0,0,0.0,0.0,0.0,0.0,0.0,0.0,0.0,2,2024,1,1,2,1,1,0,1,0,0,0,0,0,0,0,0
2024-01-15,S008,Loader,0,0,0.0,0.0,0.0,0.0,0.0,0.0,0.0,3,2024,1,1,3,1,1,0,0,0,0,0,1,0,0,0,0
2024-01-22,S008,Loader,0,0,0.0,0.0,0.0,0.0,0.0,0.0,0.0,4,2024,1,1,4,3,1,0,0,0,0,0,3,0,0,0,0
2024-01-29,S008,Loader,0,0,0.0,0.0,0.0,0.0,0.0,0.0,0.0,5,2024,1,1,5,3,1,0,0,0,0,0,3,0,0,0,0
2024-02-05,S008,Loader,0,0,0.0,0.0,0.0,0.0,0.0,0.0,0.0,6,2024,2,1,6,4,2,0,0,1,0,0,3,0,0,0,0
2024-02-12,S008,Loader,0,1,0.0,0.0,0.0,0.0,0.0,0.0,0.0,7,2024,2,1,7,5,3,0,3,1,0,0,1,0,0,0,0
2024-02-19,S008,Loader,1,1,0.0,0.0,0.0,0.25,1.0,0.5,1.0,0,2024,2,1,8,7,4,0,3,1,0,1,2,1,0,0,0
2024-02-26,S008,Loader,1,0,1.0,0.0,0.0,0.5,1.0,0.5773502691896257,1.0,0,2024,2,1,9,6,4,0,2,1,0,1,2,0,1,1,0
2024-03-04,S008,Loader,0,0,1.0,1.0,0.0,0.5,1.0,0.5773502691896257,0.0,1,2024,3,1,10,4,4,0,1,1,1,0,1,0,0,1,1
2024-03-11,S008,Loader,0,0,0.0,1.0,0.0,0.5,1.0,0.5773502691896257,0.0,2,2024,3,1,11,6,4,0,1,3,1,0,1,0,0,0,1
2024-03-18,S008,Loader,0,0,0.0,0.0,1.0,0.25,1.0,0.5,-1.0,3,2024,3,1,12,4,2,0,0,3,0,0,1,0,0,0,0
2024-03-25,S008,Loader,0,0,0.0,0.0,1.0,0.0,0.0,0.0,-1.0,4,2024,3,1,13,4,2,0,0,3,0,0,1,0,0,0,0
2024-04-01,S008,Loader,0,1,0.0,0.0,0.0,0.0,0.0,0.0,0.0,5,2024,4,2,14,1,1,0,0,1,0,0,0,0,0,0,0
2024-04-08,S008,Loader,1,1,0.0,0.0,0.0,0.25,1.0,0.5,1.0,0,2024,4,2,15,2,2,0,0,0,1,1,0,1,0,0,0
2024-04-15,S008,Loader,1,1,1.0,0.0,0.0,0.5,1.0,0.5773502691896257,1.0,0,2024,4,2,16,2,2,0,0,0,1,1,0,0,1,1,0
2024-04-22,S008,Loader,1,1,1.0,1.0,0.0,0.75,1.0,0.5,1.0,0,2024,4,2,17,3,3,0,1,0,1,1,0,1,0,1,1
2024-04-29,S008,Loader,1,0,1.0,1.0,0.0,1.0,1.0,0.0,1.0,0,2024,4,2,18,3,3,0,1,0,0,1,1,0,1,1,1
2024-05-06,S008,Loader,0,0,1.0,1.0,1.0,0.75,1.0,0.5,-1.0,1,2024,5,2,19,2,2,0,1,0,0,0,1,0,0,1,1
2024-05-13,S008,Loader,0,0,0.0,1.0,1.0,0.5,1.0,0.5773502691896257,-1.0,2,2024,5,2,20,2,2,0,1,0,0,0,1,0,0,0,1
2024-05-20,S008,Loader,0,1,0.0,0.0,1.0,0.25,1.0,0.5,-1.0,3,2024,5,2,21,1,1,0,0,0,0,0,1,0,0,0,0
2024-05-27,S008,Loader,1,1,0.0,0.0,1.0,0.25,1.0,0.5,0.0,0,2024,5,2,22,2,2,0,0,0,0,1,1,1,0,0,0
2024-06-03,S008,Loader,1,2,1.0,0.0,0.0,0.5,1.0,0.5773502691896257,1.0,0,2024,6,2,23,2,2,1,0,0,0,1,0,0,0,1,0
2024-06-10,S008,Loader,2,2,1.0,1.0,0.0,1.0,2.0,0.816496580927726,2.0,0,2024,6,2,24,5,4,1,1,0,0,2,1,1,0,1,0
2024-06-17,S008,Loader,2,2,2.0,1.0,0.0,1.5,2.0,0.5773502691896257,2.0,0,2024,6,2,25,7,5,1,1,2,0,2,1,0,0,1,0
2024-06-24,S008,Loader,2,1,2.0,2.0,1.0,1.75,2.0,0.5,1.0,0,2024,6,2,26,6,4,1,0,2,0,2,1,0,1,1,0
2024-07-01,S008,Loader,1,0,2.0,2.0,1.0,1.75,2.0,0.5,0.0,0,2024,7,3,27,5,4,1,0,1,0,1,2,0,1,0,1
2024-07-08,S008,Loader,0,0,1.0,2.0,2.0,1.25,2.0,0.9574271077563381,-2.0,1,2024,7,3,28,5,4,1,1,1,0,0,2,0,0,0,2
2024-07-15,S008,Loader,0,0,0.0,1.0,2.0,0.75,2.0,0.9574271077563381,-2.0,2,2024,7,3,29,5,3,2,1,0,0,0,2,0,0,0,1
2024-07-22,S008,Loader,0,1,0.0,0.0,2.0,0.25,1.0,0.49999999999999994,-2.0,3,2024,7,3,30,4,2,2,0,0,0,0,2,0,0,0,0
2024-07-29,S008,Loader,1,1,0.0,0.0,1.0,0.25,1.0,0.5,0.0,0,2024,7,3,31,4,3,1,0,0,0,1,2,1,0,0,0
2024-08-05,S008,Loader,1,0,1.0,0.0,0.0,0.5,1.0,0.5773502691896257,1.0,0,2024,8,3,32,2,2,0,0,1,0,1,0,0,1,1,0
2024-08-12,S008,Loader,0,0,1.0,1.0,0.0,0.5,1.0,0.5773502691896257,0.0,1,2024,8,3,33,1,1,0,0,1,0,0,0,0,0,1,1
2024-08-19,S008,Loader,0,0,0.0,1.0,0.0,0.5,1.0,0.5773502691896257,0.0,2,2024,8,3,34,2,2,1,0,1,0,0,0,0,0,0,1
2024-08-26,S008,Loader,0,0,0.0,0.0,1.0,0.25,1.0,0.5,-1.0,3,2024,8,3,35,1,1,1,0,0,0,0,0,0,0,0,0
2024-09-02,S008,Loader,0,0,0.0,0.0,1.0,0.0,0.0,0.0,-1.0,4,2024,9,3,36,2,2,1,1,0,0,0,0,0,0,0,0
2024-09-09,S008,Loader,0,1,0.0,0.0,0.0,0.0,0.0,0.0,0.0,5,2024,9,3,37,4,4,1,1,1,0,0,1,0,0,0,0
2024-09-16,S008,Loader,1,1,0.0,0.0,0.0,0.25,1.0,0.5,1.0,0,2024,9,3,38,5,4,1,0,1,0,1,2,1,0,0,0
2024-09-23,S008,Loader,1,1,1.0,0.0,0.0,0.5,1.0,0.5773502691896257,1.0,0,2024,9,3,39,4,3,1,0,0,0,1,2,0,0,1,0
2024-09-30,S008,Loader,1,0,1.0,1.0,0.0,0.75,1.0,0.5,1.0,0,2024,9,3,40,1,1,0,0,0,0,1,0,0,1,1,0
2024-10-07,S008,Loader,0,0,1.0,1.0,0.0,0.75,1.0,0.5,0.0,1,2024,10,4,41,0,0,0,0,0,0,0,0,0,0,0,1
2024-10-14,S008,Loader,0,0,0.0,1.0,1.0,0.5,1.0,0.5773502691896257,-1.0,2,2024,10,4,42,0,0,0,0,0,0,0,0,0,0,0,1
2024-10-21,S008,Loader,0,0,0.0,0.0,1.0,0.25,1.0,0.5,-1.0,3,2024,10,4,43,1,1,0,0,0,0,0,1,0,0,0,0
2024-10-28,S008,Loader,0,0,0.0,0.0,1.0,0.0,0.0,0.0,-1.0,4,2024,10,4,44,2,1,0,0,0,0,0,2,0,0,0,0
2024-11-04,S008,Loader,0,0,0.0,0.0,0.0,0.0,0.0,0.0,0.0,5,2024,11,4,45,3,2,1,0,0,0,0,2,0,0,0,0
2024-11-11,S008,Loader,0,0,0.0,0.0,0.0,0.0,0.0,0.0,0.0,6,2024,11,4,46,1,1,1,0,0,0,0,0,0,0,0,0
2024-11-18,S008,Loader,0,0,0.0,0.0,0.0,0.0,0.0,0.0,0.0,7,2024,11,4,47,1,1,1,0,0,0,0,0,0,0,0,0
2024-11-25,S008,Loader,0,0,0.0,0.0,0.0,0.0,0.0,0.0,0.0,8,2024,11,4,48,0,0,0,0,0,0,0,0,0,0,0,0
2024-12-02,S008,Loader,0,1,0.0,0.0,0.0,0.0,0.0,0.0,0.0,9,2024,12,4,49,0,0,0,0,0,0,0,0,0,0,0,0
2024-12-09,S008,Loader,1,1,0.0,0.0,0.0,0.25,1.0,0.5,1.0,0,2024,12,4,50,1,1,0,0,0,0,1,0,1,0,0,0
2024-12-16,S008,Loader,1,1,1.0,0.0,0.0,0.5,1.0,0.5773502691896257,1.0,0,2024,12,4,51,2,2,1,0,0,0,1,0,0,0,1,0
2024-12-23,S008,Loader,1,1,1.0,1.0,0.0,0.75,1.0,0.5,1.0,0,2024,12,4,52,3,3,1,0,1,0,1,0,0,1,1,0
2024-12-30,S008,Loader,1,1,1.0,1.0,0.0,1.0,1.0,0.0,1.0,0,2024,12,4,1,4,4,1,1,1,0,1,0,1,0,0,1
2025-01-06,S008,Loader,1,1,1.0,1.0,1.0,1.0,1.0,0.0,0.0,0,2025,1,1,2,4,4,1,1,1,0,1,0,0,0,1,1
2025-01-13,S008,Loader,1,0,1.0,1.0,1.0,1.0,1.0,0.0,0.0,0,2025,1,1,3,5,5,1,1,1,0,1,1,0,1,1,0
2025-01-20,S008,Loader,0,0,1.0,1.0,1.0,0.75,1.0,0.5,-1.0,1,2025,1,1,4,3,3,1,0,1,0,0,1,0,0,0,1
2025-01-27,S008,Loader,0,0,0.0,1.0,1.0,0.5,1.0,0.5773502691896257,-1.0,2,2025,1,1,5,3,3,1,0,1,0,0,1,0,0,0,1
2025-02-03,S008,Loader,0,0,0.0,0.0,1.0,0.25,1.0,0.5,-1.0,3,2025,2,1,6,5,5,1,1,1,1,0,1,0,0,0,0
2025-02-10,S008,Loader,0,0,0.0,0.0,1.0,0.0,0.0,0.0,-1.0,4,2025,2,1,7,4,4,1,1,1,1,0,0,0,0,0,0
2025-02-17,S008,Loader,0,0,0.0,0.0,0.0,0.0,0.0,0.0,0.0,5,2025,2,1,8,3,3,1,1,1,0,0,0,0,0,0,0
2025-02-24,S008,Loader,0,0,0.0,0.0,0.0,0.0,0.0,0.0,0.0,6,2025,2,1,9,3,2,0,1,2,0,0,0,0,0,0,0
2025-03-03,S008,Loader,0,0,0.0,0.0,0.0,0.0,0.0,0.0,0.0,7,2025,3,1,10,3,2,0,0,2,0,0,1,0,0,0,0
2025-03-10,S008,Loader,0,0,0.0,0.0,0.0,0.0,0.0,0.0,0.0,8,2025,3,1,11,5,2,1,0,0,0,0,4,0,0,0,0
2025-03-17,S008,Loader,0,1,0.0,0.0,0.0,0.0,0.0,0.0,0.0,9,2025,3,1,12,6,3,1,0,0,1,0,4,0,0,0,0
2025-03-24,S008,Loader,1,1,0.0,0.0,0.0,0.25,1.0,0.5,1.0,0,2025,3,1,13,6,4,1,0,0,1,1,3,1,0,0,0
2025-03-31,S008,Loader,1,1,1.0,0.0,0.0,0.5,1.0,0.5773502691896257,1.0,0,2025,3,1,14,7,4,1,0,0,1,1,4,0,0,1,0
2025-04-07,S008,Loader,1,1,1.0,1.0,0.0,0.75,1.0,0.5,1.0,0,2025,4,2,15,6,3,1,0,0,0,1,4,0,1,1,0
2025-04-14,S008,Loader,1,1,1.0,1.0,0.0,1.0,1.0,0.0,1.0,0,2025,4,2,16,3,3,1,0,0,0,1,1,1,0,0,1
2025-04-21,S008,Loader,1,1,1.0,1.0,1.0,1.0,1.0,0.0,0.0,0,2025,4,2,17,2,2,1,0,0,0,1,0,0,0,1,1
2025-04-28,S008,Loader,1,1,1.0,1.0,1.0,1.0,1.0,0.0,0.0,0,2025,4,2,18,2,2,1,0,0,0,1,0,0,1,1,0
2025-05-05,S008,Loader,1,1,1.0,1.0,1.0,1.0,1.0,0.0,0.0,0,2025,5,2,19,3,3,1,0,1,0,1,0,1,0,0,1
2025-05-12,S008,Loader,1,1,1.0,1.0,1.0,1.0,1.0,0.0,0.0,0,2025,5,2,20,4,4,1,0,1,1,1,0,0,1,1,1
2025-05-19,S008,Loader,1,1,1.0,1.0,1.0,1.0,1.0,0.0,0.0,0,2025,5,2,21,6,5,1,0,2,1,1,1,1,0,1,1
2025-05-26,S008,Loader,1,0,1.0,1.0,1.0,1.0,1.0,0.0,0.0,0,2025,5,2,22,7,5,1,0,2,1,1,2,0,1,1,1
2025-06-02,S008,Loader,0,0,1.0,1.0,1.0,0.75,1.0,0.5,-1.0,1,2025,6,2,23,6,4,1,1,2,0,0,2,0,0,1,1
2025-06-09,S008,Loader,0,0,0.0,1.0,1.0,0.5,1.0,0.5773502691896257,-1.0,2,2025,6,2,24,2,2,0,1,0,1,0,0,0,0,0,1
2025-06-16,S008,Loader,0,1,0.0,0.0,1.0,0.25,1.0,0.5,-1.0,3,2025,6,2,25,1,1,0,0,0,1,0,0,0,0,0,0
2025-06-23,S008,Loader,1,1,0.0,0.0,1.0,0.25,1.0,0.5,0.0,0,2025,6,2,26,1,1,0,0,0,0,1,0,1,0,0,0
2025-06-30,S008,Loader,1,1,1.0,0.0,0.0,0.5,1.0,0.5773502691896257,1.0,0,2025,6,2,27,1,1,0,0,0,0,1,0,0,1,1,0
2025-07-07,S008,Loader,1,1,1.0,1.0,0.0,0.75,1.0,0.5,1.0,0,2025,7,3,28,1,1,0,0,0,0,1,0,1,0,1,1
2025-07-14,S008,Loader,1,1,1.0,1.0,0.0,1.0,1.0,0.0,1.0,0,2025,7,3,29,1,1,0,0,0,0,1,0,0,0,1,1
2025-07-21,S008,Loader,1,1,1.0,1.0,1.0,1.0,1.0,0.0,0.0,0,2025,7,3,30,3,3,1,1,0,0,1,0,0,1,1,0
2025-07-28,S008,Loader,1,1,1.0,1.0,1.0,1.0,1.0,0.0,0.0,0,2025,7,3,31,4,3,2,1,0,0,1,0,1,0,0,1
2025-08-04,S008,Loader,1,0,1.0,1.0,1.0,1.0,1.0,0.0,0.0,0,2025,8,3,32,3,2,2,0,0,0,1,0,0,1,1,1
2025-08-11,S008,Loader,0,1,1.0,1.0,1.0,0.75,1.0,0.5,-1.0,1,2025,8,3,33,3,2,2,1,0,0,0,0,0,0,1,1
2025-08-18,S008,Loader,1,1,0.0,1.0,1.0,0.75,1.0,0.5,0.0,0,2025,8,3,34,4,3,2,1,0,0,1,0,1,0,0,1
2025-08-25,S008,Loader,1,0,1.0,0.0,1.0,0.75,1.0,0.5,0.0,0,2025,8,3,35,2,2,0,0,1,0,1,0,0,1,1,0
2025-09-01,S008,Loader,0,2,1.0,1.0,1.0,0.5,1.0,0.5773502691896257,-1.0,1,2025,9,3,36,1,1,0,0,1,0,0,0,0,0,1,1
2025-09-08,S008,Loader,2,2,0.0,1.0,0.0,1.0,2.0,0.816496580927726,2.0,0,2025,9,3,37,3,2,1,0,0,0,2,0,2,0,0,1
2025-09-15,S008,Loader,2,1,2.0,0.0,1.0,1.25,2.0,0.9574271077563381,1.0,0,2025,9,3,38,4,3,1,1,0,0,2,0,0,1,2,0
2025-09-22,S008,Loader,1,1,2.0,2.0,1.0,1.25,2.0,0.9574271077563381,0.0,0,2025,9,3,39,3,3,1,1,0,0,1,0,0,1,2,1
2025-09-29,S008,Loader,1,1,1.0,2.0,0.0,1.5,2.0,0.5773502691896257,1.0,0,2025,9,3,40,3,3,1,0,0,0,1,1,1,0,0,2
2025-10-06,S008,Loader,1,2,1.0,1.0,2.0,1.25,2.0,0.4999999999999999,-1.0,0,2025,10,4,41,5,4,1,1,0,0,1,2,0,0,1,1
2025-10-13,S008,Loader,2,2,1.0,1.0,2.0,1.25,2.0,0.5,0.0,0,2025,10,4,42,6,4,1,1,0,0,2,2,1,0,1,0
2025-10-20,S008,Loader,2,0,2.0,1.0,1.0,1.5,2.0,0.5773502691896257,1.0,0,2025,10,4,43,3,2,0,0,1,0,2,0,0,2,1,0
2025-10-27,S008,Loader,0,0,2.0,2.0,1.0,1.25,2.0,0.9574271077563381,-1.0,1,2025,10,4,44,1,1,0,0,1,0,0,0,0,0,1,2
2025-11-03,S008,Loader,0,0,0.0,2.0,1.0,1.0,2.0,1.1547005383792515,-1.0,2,2025,11,4,45,3,1,0,0,3,0,0,0,0,0,0,2
2025-11-10,S008,Loader,0,0,0.0,0.0,2.0,0.5,2.0,1.0,-2.0,3,2025,11,4,46,3,1,0,0,3,0,0,0,0,0,0,0
2025-11-17,S008,Loader,0,1,0.0,0.0,2.0,0.0,0.0,0.0,-2.0,4,2025,11,4,47,2,2,0,0,1,0,0,1,0,0,0,0
2025-11-24,S008,Loader,1,3,0.0,0.0,0.0,0.25,1.0,0.5,1.0,0,2025,11,4,48,4,3,0,0,2,0,1,1,1,0,0,0
2025-12-01,S008,Loader,3,3,1.0,0.0,0.0,1.0,3.0,1.4142135623730951,3.0,0,2025,12,4,49,6,3,1,0,2,0,3,0,2,0,1,0
2025-12-08,S008,Loader,3,2,3.0,1.0,0.0,1.75,3.0,1.5,3.0,0,2025,12,4,50,6,3,1,0,0,0,3,2,0,1,3,0
2025-12-15,S008,Loader,2,1,3.0,3.0,0.0,2.25,3.0,0.957427107756338,2.0,0,2025,12,4,51,8,4,3,1,0,0,2,2,0,1,2,1
2024-01-01,S008,Roller,0,0,0.0,0.0,0.0,0.0,0.0,0.0,0.0,1,2024,1,1,1,1,1,0,1,0,0,0,0,0,0,0,0
2024-01-08,S008,Roller,0,1,0.0,0.0,0.0,0.0,0.0,0.0,0.0,2,2024,1,1,2,1,1,0,1,0,0,0,0,0,0,0,0
2024-01-15,S008,Roller,1,3,0.0,0.0,0.0,0.0,0.0,0.0,0.0,0,2024,1,1,3,1,1,0,0,0,0,0,1,1,0,0,0
2024-01-22,S008,Roller,3,3,1.0,0.0,0.0,1.0,3.0,1.4142135623730951,0.0,0,2024,1,1,4,3,1,0,0,0,0,0,3,2,0,1,0
2024-01-29,S008,Roller,3,3,3.0,1.0,0.0,1.75,3.0,1.5,3.0,0,2024,1,1,5,3,1,0,0,0,0,0,3,0,0,3,0
2024-02-05,S008,Roller,3,1,3.0,3.0,0.0,2.5,3.0,0.9999999999999998,3.0,0,2024,2,1,6,4,2,0,0,1,0,0,3,0,3,2,0
2024-02-12,S008,Roller,1,2,3.0,3.0,1.0,2.5,3.0,1.0,0.0,0,2024,2,1,7,5,3,0,3,1,0,0,1,1,0,0,3
2024-02-19,S008,Roller,2,2,1.0,3.0,3.0,2.25,3.0,0.9574271077563382,-1.0,0,2024,2,1,8,7,4,0,3,1,0,1,2,1,0,1,3
2024-02-26,S008,Roller,2,1,2.0,1.0,3.0,2.0,3.0,0.8164965809277261,-1.0,0,2024,2,1,9,6,4,0,2,1,0,1,2,0,1,2,0
2024-03-04,S008,Roller,1,1,2.0,2.0,3.0,1.5,2.0,0.5773502691896258,-2.0,0,2024,3,1,10,4,4,0,1,1,1,0,1,0,1,1,1
2024-03-11,S008,Roller,1,1,1.0,2.0,1.0,1.5,2.0,0.5773502691896258,0.0,0,2024,3,1,11,6,4,0,1,3,1,0,1,1,0,0,2
2024-03-18,S008,Roller,1,1,1.0,1.0,2.0,1.25,2.0,0.5000000000000001,-1.0,0,2024,3,1,12,4,2,0,0,3,0,0,1,0,0,1,1
2024-03-25,S008,Roller,1,0,1.0,1.0,2.0,1.0,1.0,0.0,-1.0,0,2024,3,1,13,4,2,0,0,3,0,0,1,0,1,1,0
2024-04-01,S008,Roller,0,0,1.0,1.0,1.0,0.75,1.0,0.5,-1.0,1,2024,4,2,14,1,1,0,0,1,0,0,0,0,0,0,1
2024-04-08,S008,Roller,0,0,0.0,1.0,1.0,0.5,1.0,0.5773502691896257,-1.0,2,2024,4,2,15,2,2,0,0,0,1,1,0,0,0,0,1
2024-04-15,S008,Roller,0,0,0.0,0.0,1.0,0.25,1.0,0.5,-1.0,3,2024,4,2,16,2,2,0,0,0,1,1,0,0,0,0,0
2024-04-22,S008,Roller,0,1,0.0,0.0,1.0,0.0,0.0,0.0,-1.0,4,2024,4,2,17,3,3,0,1,0,1,1,0,0,0,0,0
2024-04-29,S008,Roller,1,1,0.0,0.0,0.0,0.25,1.0,0.5,1.0,0,2024,4,2,18,3,3,0,1,0,0,1,1,1,0,0,0
2024-05-06,S008,Roller,1,1,1.0,0.0,0.0,0.5,1.0,0.5773502691896257,1.0,0,2024,5,2,19,2,2,0,1,0,0,0,1,0,0,1,0
2024-05-13,S008,Roller,1,1,1.0,1.0,0.0,0.75,1.0,0.5,1.0,0,2024,5,2,20,2,2,0,1,0,0,0,1,0,1,1,0
2024-05-20,S008,Roller,1,1,1.0,1.0,0.0,1.0,1.0,0.0,1.0,0,2024,5,2,21,1,1,0,0,0,0,0,1,1,0,0,1
2024-05-27,S008,Roller,1,0,1.0,1.0,1.0,1.0,1.0,0.0,0.0,0,2024,5,2,22,2,2,0,0,0,0,1,1,0,1,1,1
2024-06-03,S008,Roller,0,1,1.0,1.0,1.0,0.75,1.0,0.5,-1.0,1,2024,6,2,23,2,2,1,0,0,0,1,0,0,0,1,1
2024-06-10,S008,Roller,1,1,0.0,1.0,1.0,0.75,1.0,0.5,0.0,0,2024,6,2,24,5,4,1,1,0,0,2,1,1,0,0,1
2024-06-17,S008,Roller,1,1,1.0,0.0,1.0,0.75,1.0,0.5,0.0,0,2024,6,2,25,7,5,1,1,2,0,2,1,0,1,1,0
2024-06-24,S008,Roller,1,2,1.0,1.0,1.0,0.75,1.0,0.5,0.0,0,2024,6,2,26,6,4,1,0,2,0,2,1,1,0,1,1
2024-07-01,S008,Roller,2,2,1.0,1.0,0.0,1.25,2.0,0.5,2.0,0,2024,7,3,27,5,4,1,0,1,0,1,2,1,0,1,1
2024-07-08,S008,Roller,2,2,2.0,1.0,1.0,1.5,2.0,0.5773502691896257,1.0,0,2024,7,3,28,5,4,1,1,1,0,0,2,0,0,2,0
2024-07-15,S008,Roller,2,2,2.0,2.0,1.0,1.75,2.0,0.5,1.0,0,2024,7,3,29,5,3,2,1,0,0,0,2,0,1,1,0
2024-07-22,S008,Roller,2,2,2.0,2.0,1.0,2.0,2.0,0.0,1.0,0,2024,7,3,30,4,2,2,0,0,0,0,2,1,0,0,1
2024-07-29,S008,Roller,2,0,2.0,2.0,2.0,2.0,2.0,0.0,0.0,0,2024,7,3,31,4,3,1,0,0,0,1,2,0,2,1,1
2024-08-05,S008,Roller,0,0,2.0,2.0,2.0,1.5,2.0,1.0,-2.0,1,2024,8,3,32,2,2,0,0,1,0,1,0,0,0,1,2
2024-08-12,S008,Roller,0,0,0.0,2.0,2.0,1.0,2.0,1.1547005383792515,-2.0,2,2024,8,3,33,1,1,0,0,1,0,0,0,0,0,0,2
2024-08-19,S008,Roller,0,0,0.0,0.0,2.0,0.5,2.0,1.0,-2.0,3,2024,8,3,34,2,2,1,0,1,0,0,0,0,0,0,0
2024-08-26,S008,Roller,0,0,0.0,0.0,2.0,0.0,0.0,0.0,-2.0,4,2024,8,3,35,1,1,1,0,0,0,0,0,0,0,0,0
2024-09-02,S008,Roller,0,1,0.0,0.0,0.0,0.0,0.0,0.0,0.0,5,2024,9,3,36,2,2,1,1,0,0,0,0,0,0,0,0
2024-09-09,S008,Roller,1,2,0.0,0.0,0.0,0.25,1.0,0.5,1.0,0,2024,9,3,37,4,4,1,1,1,0,0,1,1,0,0,0
2024-09-16,S008,Roller,2,2,1.0,0.0,0.0,0.75,2.0,0.9574271077563381,2.0,0,2024,9,3,38,5,4,1,0,1,0,1,2,1,0,1,0
2024-09-23,S008,Roller,2,0,2.0,1.0,0.0,1.25,2.0,0.9574271077563381,2.0,0,2024,9,3,39,4,3,1,0,0,0,1,2,0,2,2,0
2024-09-30,S008,Roller,0,0,2.0,2.0,0.0,1.25,2.0,0.9574271077563381,0.0,1,2024,9,3,40,1,1,0,0,0,0,1,0,0,0,1,2
2024-10-07,S008,Roller,0,0,0.0,2.0,1.0,1.0,2.0,1.1547005383792515,-1.0,2,2024,10,4,41,0,0,0,0,0,0,0,0,0,0,0,2
2024-10-14,S008,Roller,0,1,0.0,0.0,2.0,0.5,2.0,1.0,-2.0,3,2024,10,4,42,0,0,0,0,0,0,0,0,0,0,0,0
2024-10-21,S008,Roller,1,2,0.0,0.0,2.0,0.25,1.0,0.5,-1.0,0,2024,10,4,43,1,1,0,0,0,0,0,1,1,0,0,0
2024-10-28,S008,Roller,2,2,1.0,0.0,0.0,0.75,2.0,0.9574271077563381,2.0,0,2024,10,4,44,2,1,0,0,0,0,0,2,1,0,1,0
2024-11-04,S008,Roller,2,0,2.0,1.0,0.0,1.25,2.0,0.9574271077563381,2.0,0,2024,11,4,45,3,2,1,0,0,0,0,2,0,2,2,0
2024-11-11,S008,Roller,0,0,2.0,2.0,0.0,1.25,2.0,0.9574271077563381,0.0,1,2024,11,4,46,1,1,1,0,0,0,0,0,0,0,1,2
2024-11-18,S008,Roller,0,0,0.0,2.0,1.0,1.0,2.0,1.1547005383792515,-1.0,2,2024,11,4,47,1,1,1,0,0,0,0,0,0,0,0,2
2024-11-25,S008,Roller,0,0,0.0,0.0,2.0,0.5,2.0,1.0,-2.0,3,2024,11,4,48,0,0,0,0,0,0,0,0,0,0,0,0
2024-12-02,S008,Roller,0,0,0.0,0.0,2.0,0.0,0.0,0.0,-2.0,4,2024,12,4,49,0,0,0,0,0,0,0,0,0,0,0,0
2024-12-09,S008,Roller,0,0,0.0,0.0,0.0,0.0,0.0,0.0,0.0,5,2024,12,4,50,1,1,0,0,0,0,1,0,0,0,0,0
2024-12-16,S008,Roller,0,0,0.0,0.0,0.0,0.0,0.0,0.0,0.0,6,2024,12,4,51,2,2,1,0,0,0,1,0,0,0,0,0
2024-12-23,S008,Roller,0,0,0.0,0.0,0.0,0.0,0.0,0.0,0.0,7,2024,12,4,52,3,3,1,0,1,0,1,0,0,0,0,0
2024-12-30,S008,Roller,0,0,0.0,0.0,0.0,0.0,0.0,0.0,0.0,8,2024,12,4,1,4,4,1,1,1,0,1,0,0,0,0,0
2025-01-06,S008,Roller,0,1,0.0,0.0,0.0,0.0,0.0,0.0,0.0,9,2025,1,1,2,4,4,1,1,1,0,1,0,0,0,0,0
2025-01-13,S008,Roller,1,1,0.0,0.0,0.0,0.25,1.0,0.5,1.0,0,2025,1,1,3,5,5,1,1,1,0,1,1,1,0,0,0
2025-01-20,S008,Roller,1,1,1.0,0.0,0.0,0.5,1.0,0.5773502691896257,1.0,0,2025,1,1,4,3,3,1,0,1,0,0,1,0,1,1,0
2025-01-27,S008,Roller,1,1,1.0,1.0,0.0,0.75,1.0,0.5,1.0,0,2025,1,1,5,3,3,1,0,1,0,0,1,1,0,1,1
2025-02-03,S008,Roller,1,0,1.0,1.0,0.0,1.0,1.0,0.0,1.0,0,2025,2,1,6,5,5,1,1,1,1,0,1,0,1,1,1
2025-02-10,S008,Roller,0,0,1.0,1.0,1.0,0.75,1.0,0.5,-1.0,1,2025,2,1,7,4,4,1,1,1,1,0,0,0,0,1,1
2025-02-17,S008,Roller,0,0,0.0,1.0,1.0,0.5,1.0,0.5773502691896257,-1.0,2,2025,2,1,8,3,3,1,1,1,0,0,0,0,0,0,1
2025-02-24,S008,Roller,0,1,0.0,0.0,1.0,0.25,1.0,0.5,-1.0,3,2025,2,1,9,3,2,0,1,2,0,0,0,0,0,0,0
2025-03-03,S008,Roller,1,4,0.0,0.0,1.0,0.25,1.0,0.5,0.0,0,2025,3,1,10,3,2,0,0,2,0,0,1,1,0,0,0
2025-03-10,S008,Roller,4,4,1.0,0.0,0.0,1.25,4.0,1.892969448600091,4.0,0,2025,3,1,11,5,2,1,0,0,0,0,4,3,0,1,0
2025-03-17,S008,Roller,4,3,4.0,1.0,0.0,2.25,4.0,2.06155281280883,4.0,0,2025,3,1,12,6,3,1,0,0,1,0,4,0,1,4,0
2025-03-24,S008,Roller,3,4,4.0,4.0,0.0,3.0,4.0,1.4142135623730947,3.0,0,2025,3,1,13,6,4,1,0,0,1,1,3,0,1,3,1
2025-03-31,S008,Roller,4,4,3.0,4.0,1.0,3.75,4.0,0.4999999999999989,3.0,0,2025,3,1,14,7,4,1,0,0,1,1,4,2,0,0,2
2025-04-07,S008,Roller,4,1,4.0,3.0,4.0,3.75,4.0,0.4999999999999989,0.0,0,2025,4,2,15,6,3,1,0,0,0,1,4,0,3,2,1
2025-04-14,S008,Roller,1,0,4.0,4.0,4.0,3.0,4.0,1.4142135623730947,-3.0,0,2025,4,2,16,3,3,1,0,0,0,1,1,0,1,2,3
2025-04-21,S008,Roller,0,0,1.0,4.0,3.0,2.25,4.0,2.06155281280883,-3.0,1,2025,4,2,17,2,2,1,0,0,0,1,0,0,0,0,4
2025-04-28,S008,Roller,0,0,0.0,1.0,4.0,1.25,4.0,1.892969448600091,-4.0,2,2025,4,2,18,2,2,1,0,0,0,1,0,0,0,0,1
2025-05-05,S008,Roller,0,0,0.0,0.0,4.0,0.25,1.0,0.4999999999999992,-4.0,3,2025,5,2,19,3,3,1,0,1,0,1,0,0,0,0,0
2025-05-12,S008,Roller,0,1,0.0,0.0,1.0,0.0,0.0,0.0,-1.0,4,2025,5,2,20,4,4,1,0,1,1,1,0,0,0,0,0
2025-05-19,S008,Roller,1,2,0.0,0.0,0.0,0.25,1.0,0.5,1.0,0,2025,5,2,21,6,5,1,0,2,1,1,1,1,0,0,0
2025-05-26,S008,Roller,2,2,1.0,0.0,0.0,0.75,2.0,0.9574271077563381,2.0,0,2025,5,2,22,7,5,1,0,2,1,1,2,1,0,1,0
2025-06-02,S008,Roller,2,0,2.0,1.0,0.0,1.25,2.0,0.9574271077563381,2.0,0,2025,6,2,23,6,4,1,1,2,0,0,2,0,2,2,0
2025-06-09,S008,Roller,0,0,2.0,2.0,0.0,1.25,2.0,0.9574271077563381,0.0,1,2025,6,2,24,2,2,0,1,0,1,0,0,0,0,1,2
2025-06-16,S008,Roller,0,0,0.0,2.0,1.0,1.0,2.0,1.1547005383792515,-1.0,2,2025,6,2,25,1,1,0,0,0,1,0,0,0,0,0,2
2025-06-23,S008,Roller,0,0,0.0,0.0,2.0,0.5,2.0,1.0,-2.0,3,2025,6,2,26,1,1,0,0,0,0,1,0,0,0,0,0
2025-06-30,S008,Roller,0,0,0.0,0.0,2.0,0.0,0.0,0.0,-2.0,4,2025,6,2,27,1,1,0,0,0,0,1,0,0,0,0,0
2025-07-07,S008,Roller,0,0,0.0,0.0,0.0,0.0,0.0,0.0,0.0,5,2025,7,3,28,1,1,0,0,0,0,1,0,0,0,0,0
2025-07-14,S008,Roller,0,0,0.0,0.0,0.0,0.0,0.0,0.0,0.0,6,2025,7,3,29,1,1,0,0,0,0,1,0,0,0,0,0
2025-07-21,S008,Roller,0,0,0.0,0.0,0.0,0.0,0.0,0.0,0.0,7,2025,7,3,30,3,3,1,1,0,0,1,0,0,0,0,0
2025-07-28,S008,Roller,0,0,0.0,0.0,0.0,0.0,0.0,0.0,0.0,8,2025,7,3,31,4,3,2,1,0,0,1,0,0,0,0,0
2025-08-04,S008,Roller,0,0,0.0,0.0,0.0,0.0,0.0,0.0,0.0,9,2025,8,3,32,3,2,2,0,0,0,1,0,0,0,0,0
2025-08-11,S008,Roller,0,0,0.0,0.0,0.0,0.0,0.0,0.0,0.0,10,2025,8,3,33,3,2,2,1,0,0,0,0,0,0,0,0
2025-08-18,S008,Roller,0,0,0.0,0.0,0.0,0.0,0.0,0.0,0.0,11,2025,8,3,34,4,3,2,1,0,0,1,0,0,0,0,0
2025-08-25,S008,Roller,0,0,0.0,0.0,0.0,0.0,0.0,0.0,0.0,12,2025,8,3,35,2,2,0,0,1,0,1,0,0,0,0,0
2025-09-01,S008,Roller,0,0,0.0,0.0,0.0,0.0,0.0,0.0,0.0,13,2025,9,3,36,1,1,0,0,1,0,0,0,0,0,0,0
2025-09-08,S008,Roller,0,0,0.0,0.0,0.0,0.0,0.0,0.0,0.0,14,2025,9,3,37,3,2,1,0,0,0,2,0,0,0,0,0
2025-09-15,S008,Roller,0,0,0.0,0.0,0.0,0.0,0.0,0.0,0.0,15,2025,9,3,38,4,3,1,1,0,0,2,0,0,0,0,0
2025-09-22,S008,Roller,0,1,0.0,0.0,0.0,0.0,0.0,0.0,0.0,16,2025,9,3,39,3,3,1,1,0,0,1,0,0,0,0,0
2025-09-29,S008,Roller,1,2,0.0,0.0,0.0,0.25,1.0,0.5,1.0,0,2025,9,3,40,3,3,1,0,0,0,1,1,1,0,0,0
2025-10-06,S008,Roller,2,2,1.0,0.0,0.0,0.75,2.0,0.9574271077563381,2.0,0,2025,10,4,41,5,4,1,1,0,0,1,2,1,0,1,0
2025-10-13,S008,Roller,2,0,2.0,1.0,0.0,1.25,2.0,0.9574271077563381,2.0,0,2025,10,4,42,6,4,1,1,0,0,2,2,0,2,2,0
2025-10-20,S008,Roller,0,0,2.0,2.0,0.0,1.25,2.0,0.9574271077563381,0.0,1,2025,10,4,43,3,2,0,0,1,0,2,0,0,0,1,2
2025-10-27,S008,Roller,0,0,0.0,2.0,1.0,1.0,2.0,1.1547005383792515,-1.0,2,2025,10,4,44,1,1,0,0,1,0,0,0,0,0,0,2
2025-11-03,S008,Roller,0,0,0.0,0.0,2.0,0.5,2.0,1.0,-2.0,3,2025,11,4,45,3,1,0,0,3,0,0,0,0,0,0,0
2025-11-10,S008,Roller,0,1,0.0,0.0,2.0,0.0,0.0,0.0,-2.0,4,2025,11,4,46,3,1,0,0,3,0,0,0,0,0,0,0
2025-11-17,S008,Roller,1,1,0.0,0.0,0.0,0.25,1.0,0.5,1.0,0,2025,11,4,47,2,2,0,0,1,0,0,1,1,0,0,0
2025-11-24,S008,Roller,1,0,1.0,0.0,0.0,0.5,1.0,0.5773502691896257,1.0,0,2025,11,4,48,4,3,0,0,2,0,1,1,0,1,1,0
2025-12-01,S008,Roller,0,2,1.0,1.0,0.0,0.5,1.0,0.5773502691896257,0.0,1,2025,12,4,49,6,3,1,0,2,0,3,0,0,0,1,1
2025-12-08,S008,Roller,2,2,0.0,1.0,0.0,1.0,2.0,0.816496580927726,2.0,0,2025,12,4,50,6,3,1,0,0,0,3,2,2,0,0,1
2025-12-15,S008,Roller,2,2,2.0,0.0,1.0,1.25,2.0,0.9574271077563381,1.0,0,2025,12,4,51,8,4,3,1,0,0,2,2,0,1,2,0
2024-01-01,S009,Bulldozer,1,1,0.0,0.0,0.0,0.0,0.0,0.0,0.0,0,2024,1,1,1,1,1,0,1,0,0,0,0,1,0,0,0
2024-01-08,S009,Bulldozer,1,0,1.0,0.0,0.0,0.0,0.0,0.0,0.0,0,2024,1,1,2,2,2,1,1,0,0,0,0,0,1,1,0
2024-01-15,S009,Bulldozer,0,1,1.0,1.0,0.0,0.0,0.0,0.0,0.0,1,2024,1,1,3,4,2,2,0,0,0,2,0,0,0,1,1
2024-01-22,S009,Bulldozer,1,2,0.0,1.0,0.0,0.75,1.0,0.5,0.0,0,2024,1,1,4,8,5,2,1,1,0,3,1,1,0,0,1
2024-01-29,S009,Bulldozer,2,2,1.0,0.0,1.0,1.0,2.0,0.816496580927726,1.0,0,2024,1,1,5,9,5,2,2,1,0,3,1,1,0,1,0
2024-02-05,S009,Bulldozer,2,1,2.0,1.0,1.0,1.25,2.0,0.9574271077563381,1.0,0,2024,2,1,6,7,5,2,2,1,0,1,1,0,2,2,0
2024-02-12,S009,Bulldozer,1,2,2.0,2.0,0.0,1.5,2.0,0.5773502691896257,1.0,0,2024,2,1,7,5,4,2,1,1,0,0,1,1,0,1,2
2024-02-19,S009,Bulldozer,2,2,1.0,2.0,1.0,1.75,2.0,0.4999999999999999,1.0,0,2024,2,1,8,7,6,1,2,1,1,1,1,1,0,1,2
2024-02-26,S009,Bulldozer,2,2,2.0,1.0,2.0,1.75,2.0,0.4999999999999999,0.0,0,2024,2,1,9,7,4,0,2,0,3,1,1,0,0,2,0
2024-03-04,S009,Bulldozer,2,0,2.0,2.0,2.0,1.75,2.0,0.4999999999999999,0.0,0,2024,3,1,10,7,4,0,2,1,3,0,1,0,2,1,0
2024-03-11,S009,Bulldozer,0,0,2.0,2.0,1.0,1.5,2.0,1.0,-1.0,1,2024,3,1,11,4,3,0,0,1,0,2,1,0,0,0,2
2024-03-18,S009,Bulldozer,0,0,0.0,2.0,2.0,1.0,2.0,1.1547005383792515,-2.0,2,2024,3,1,12,4,3,0,0,1,0,2,1,0,0,0,2
2024-03-25,S009,Bulldozer,0,0,0.0,0.0,2.0,0.5,2.0,1.0,-2.0,3,2024,3,1,13,3,2,0,0,0,0,2,1,0,0,0,0
2024-04-01,S009,Bulldozer,0,1,0.0,0.0,2.0,0.0,0.0,0.0,-2.0,4,2024,4,2,14,1,1,0,0,0,0,1,0,0,0,0,0
2024-04-08,S009,Bulldozer,1,1,0.0,0.0,0.0,0.25,1.0,0.5,1.0,0,2024,4,2,15,1,1,0,1,0,0,0,0,1,0,0,0
2024-04-15,S009,Bulldozer,1,1,1.0,0.0,0.0,0.5,1.0,0.5773502691896257,1.0,0,2024,4,2,16,5,5,1,1,1,0,1,1,0,1,1,0
2024-04-22,S009,Bulldozer,1,1,1.0,1.0,0.0,0.75,1.0,0.5,1.0,0,2024,4,2,17,6,6,1,1,1,1,1,1,1,0,1,1
2024-04-29,S009,Bulldozer,1,1,1.0,1.0,0.0,1.0,1.0,0.0,1.0,0,2024,4,2,18,6,6,1,1,1,1,1,1,0,0,1,1
2024-05-06,S009,Bulldozer,1,2,1.0,1.0,1.0,1.0,1.0,0.0,0.0,0,2024,5,2,19,9,6,2,1,2,1,2,1,0,0,1,0
2024-05-13,S009,Bulldozer,2,2,1.0,1.0,1.0,1.25,2.0,0.5,1.0,0,2024,5,2,20,11,6,3,2,2,1,2,1,1,0,0,0
2024-05-20,S009,Bulldozer,2,2,2.0,1.0,1.0,1.5,2.0,0.5773502691896257,1.0,0,2024,5,2,21,12,5,4,2,2,0,3,1,0,0,1,0
2024-05-27,S009,Bulldozer,2,2,2.0,2.0,1.0,1.75,2.0,0.5,1.0,0,2024,5,2,22,12,5,4,2,2,0,3,1,0,0,1,0
2024-06-03,S009,Bulldozer,2,2,2.0,2.0,1.0,2.0,2.0,0.0,1.0,0,2024,6,2,23,11,5,5,2,1,0,2,1,0,0,0,0
2024-06-10,S009,Bulldozer,2,2,2.0,2.0,2.0,2.0,2.0,0.0,0.0,0,2024,6,2,24,12,6,5,2,2,1,1,1,0,0,0,0
2024-06-17,S009,Bulldozer,2,2,2.0,2.0,2.0,2.0,2.0,0.0,0.0,0,2024,6,2,25,10,6,3,2,2,1,1,1,0,0,0,0
2024-06-24,S009,Bulldozer,2,1,2.0,2.0,2.0,2.0,2.0,0.0,0.0,0,2024,6,2,26,8,5,3,2,1,0,1,1,0,1,0,0
2024-07-01,S009,Bulldozer,1,1,2.0,2.0,2.0,1.75,2.0,0.5,-1.0,0,2024,7,3,27,6,5,2,1,1,0,1,1,0,0,0,1
2024-07-08,S009,Bulldozer,1,1,1.0,2.0,2.0,1.5,2.0,0.5773502691896257,-1.0,0,2024,7,3,28,7,4,2,1,3,0,1,0,0,0,0,1
2024-07-15,S009,Bulldozer,1,1,1.0,1.0,2.0,1.25,2.0,0.5,-1.0,0,2024,7,3,29,5,3,1,1,3,0,0,0,0,0,0,0
2024-07-22,S009,Bulldozer,1,0,1.0,1.0,2.0,1.0,1.0,0.0,-1.0,0,2024,7,3,30,5,4,2,1,1,1,0,0,0,1,0,0
2024-07-29,S009,Bulldozer,0,4,1.0,1.0,1.0,0.75,1.0,0.5,-1.0,1,2024,7,3,31,3,2,2,0,0,1,0,0,0,0,0,1
2024-08-05,S009,Bulldozer,4,4,0.0,1.0,1.0,1.5,4.0,1.7320508075688772,3.0,0,2024,8,3,32,6,2,2,4,0,0,0,0,4,0,0,1
2024-08-12,S009,Bulldozer,4,2,4.0,0.0,1.0,2.25,4.0,2.0615528128088303,3.0,0,2024,8,3,33,7,4,1,4,1,0,1,0,0,2,4,0
2024-08-19,S009,Bulldozer,2,1,4.0,4.0,1.0,2.5,4.0,1.9148542155126764,1.0,0,2024,8,3,34,6,5,1,2,1,0,1,1,0,1,4,2
2024-08-26,S009,Bulldozer,1,2,2.0,4.0,0.0,2.75,4.0,1.5000000000000002,1.0,0,2024,8,3,35,4,4,0,1,1,0,1,1,0,0,0,3
2024-09-02,S009,Bulldozer,2,3,1.0,2.0,4.0,2.25,4.0,1.2583057392117918,-2.0,0,2024,9,3,36,5,4,0,2,1,0,1,1,1,0,0,1
2024-09-09,S009,Bulldozer,3,3,2.0,1.0,4.0,2.0,3.0,0.8164965809277263,-1.0,0,2024,9,3,37,6,3,0,3,0,0,2,1,1,0,1,0
2024-09-16,S009,Bulldozer,3,1,3.0,2.0,2.0,2.25,3.0,0.9574271077563383,1.0,0,2024,9,3,38,6,3,0,3,0,0,2,1,0,2,2,0
2024-09-23,S009,Bulldozer,1,1,3.0,3.0,1.0,2.25,3.0,0.9574271077563383,0.0,0,2024,9,3,39,4,4,0,1,1,0,1,1,0,0,1,2
2024-09-30,S009,Bulldozer,1,0,1.0,3.0,2.0,2.0,3.0,1.1547005383792517,-1.0,0,2024,9,3,40,4,4,0,1,1,0,1,1,0,1,0,2
2024-10-07,S009,Bulldozer,0,0,1.0,1.0,3.0,1.25,3.0,1.2583057392117918,-3.0,1,2024,10,4,41,2,2,0,0,1,0,0,1,0,0,0,1
2024-10-14,S009,Bulldozer,0,0,0.0,1.0,3.0,0.5,1.0,0.5773502691896261,-3.0,2,2024,10,4,42,1,1,0,0,1,0,0,0,0,0,0,1
2024-10-21,S009,Bulldozer,0,0,0.0,0.0,1.0,0.25,1.0,0.5000000000000003,-1.0,3,2024,10,4,43,0,0,0,0,0,0,0,0,0,0,0,0
2024-10-28,S009,Bulldozer,0,0,0.0,0.0,1.0,0.0,0.0,0.0,-1.0,4,2024,10,4,44,3,1,0,0,0,0,3,0,0,0,0,0
2024-11-04,S009,Bulldozer,0,1,0.0,0.0,0.0,0.0,0.0,0.0,0.0,5,2024,11,4,45,3,1,0,0,0,0,3,0,0,0,0,0
2024-11-11,S009,Bulldozer,1,1,0.0,0.0,0.0,0.25,1.0,0.5,1.0,0,2024,11,4,46,3,2,0,1,0,0,2,0,1,0,0,0
2024-11-18,S009,Bulldozer,1,0,1.0,0.0,0.0,0.5,1.0,0.5773502691896257,1.0,0,2024,11,4,47,2,2,0,1,0,0,1,0,0,1,1,0
2024-11-25,S009,Bulldozer,0,0,1.0,1.0,0.0,0.5,1.0,0.5773502691896257,0.0,1,2024,11,4,48,1,1,1,0,0,0,0,0,0,0,1,1
2024-12-02,S009,Bulldozer,0,0,0.0,1.0,0.0,0.5,1.0,0.5773502691896257,0.0,2,2024,12,4,49,1,1,1,0,0,0,0,0,0,0,0,1
2024-12-09,S009,Bulldozer,0,0,0.0,0.0,1.0,0.25,1.0,0.5,-1.0,3,2024,12,4,50,0,0,0,0,0,0,0,0,0,0,0,0
2024-12-16,S009,Bulldozer,0,0,0.0,0.0,1.0,0.0,0.0,0.0,-1.0,4,2024,12,4,51,1,1,0,0,0,1,0,0,0,0,0,0
2024-12-23,S009,Bulldozer,0,0,0.0,0.0,0.0,0.0,0.0,0.0,0.0,5,2024,12,4,52,2,2,1,0,0,1,0,0,0,0,0,0
2024-12-30,S009,Bulldozer,0,0,0.0,0.0,0.0,0.0,0.0,0.0,0.0,6,2024,12,4,1,3,3,1,0,0,1,1,0,0,0,0,0
2025-01-06,S009,Bulldozer,0,0,0.0,0.0,0.0,0.0,0.0,0.0,0.0,7,2025,1,1,2,3,2,1,0,0,0,2,0,0,0,0,0
2025-01-13,S009,Bulldozer,0,0,0.0,0.0,0.0,0.0,0.0,0.0,0.0,8,2025,1,1,3,6,4,2,0,1,0,2,1,0,0,0,0
2025-01-20,S009,Bulldozer,0,2,0.0,0.0,0.0,0.0,0.0,0.0,0.0,9,2025,1,1,4,7,5,2,0,1,1,2,1,0,0,0,0
2025-01-27,S009,Bulldozer,2,2,0.0,0.0,0.0,0.5,2.0,1.0,2.0,0,2025,1,1,5,10,6,2,2,1,1,2,2,2,0,0,0
2025-02-03,S009,Bulldozer,2,1,2.0,0.0,0.0,1.0,2.0,1.1547005383792515,2.0,0,2025,2,1,6,9,5,1,2,1,0,3,2,0,1,2,0
2025-02-10,S009,Bulldozer,1,2,2.0,2.0,0.0,1.25,2.0,0.9574271077563382,1.0,0,2025,2,1,7,9,4,4,1,1,0,3,0,0,0,2,1
2025-02-17,S009,Bulldozer,2,2,1.0,2.0,0.0,1.75,2.0,0.5,2.0,0,2025,2,1,8,9,5,4,2,1,1,1,0,1,0,0,1
2025-02-24,S009,Bulldozer,2,1,2.0,1.0,2.0,1.75,2.0,0.5,0.0,0,2025,2,1,9,5,3,2,2,0,1,0,0,0,1,1,0
2025-03-03,S009,Bulldozer,1,0,2.0,2.0,2.0,1.5,2.0,0.5773502691896258,-1.0,0,2025,3,1,10,6,3,4,1,1,0,0,0,0,1,1,1
2025-03-10,S009,Bulldozer,0,0,1.0,2.0,1.0,1.25,2.0,0.9574271077563382,-1.0,1,2025,3,1,11,7,3,4,0,1,0,0,2,0,0,0,2
2025-03-17,S009,Bulldozer,0,0,0.0,1.0,2.0,0.75,2.0,0.9574271077563382,-2.0,2,2025,3,1,12,5,3,2,0,1,0,0,2,0,0,0,1
2025-03-24,S009,Bulldozer,0,0,0.0,0.0,2.0,0.25,1.0,0.5000000000000001,-2.0,3,2025,3,1,13,4,3,2,0,1,0,0,1,0,0,0,0
2025-03-31,S009,Bulldozer,0,1,0.0,0.0,1.0,0.0,0.0,0.0,-1.0,4,2025,3,1,14,2,2,0,0,1,0,0,1,0,0,0,0
2025-04-07,S009,Bulldozer,1,1,0.0,0.0,0.0,0.25,1.0,0.5,1.0,0,2025,4,2,15,2,2,0,1,0,0,0,1,1,0,0,0
2025-04-14,S009,Bulldozer,1,0,1.0,0.0,0.0,0.5,1.0,0.5773502691896257,1.0,0,2025,4,2,16,3,3,0,1,0,1,0,1,0,1,1,0
2025-04-21,S009,Bulldozer,0,0,1.0,1.0,0.0,0.5,1.0,0.5773502691896257,0.0,1,2025,4,2,17,2,2,0,0,0,1,1,0,0,0,1,1
2025-04-28,S009,Bulldozer,0,0,0.0,1.0,0.0,0.5,1.0,0.5773502691896257,0.0,2,2025,4,2,18,1,1,0,0,0,0,1,0,0,0,0,1
2025-05-05,S009,Bulldozer,0,0,0.0,0.0,1.0,0.25,1.0,0.5,-1.0,3,2025,5,2,19,1,1,0,0,0,0,1,0,0,0,0,0
2025-05-12,S009,Bulldozer,0,0,0.0,0.0,1.0,0.0,0.0,0.0,-1.0,4,2025,5,2,20,0,0,0,0,0,0,0,0,0,0,0,0
2025-05-19,S009,Bulldozer,0,1,0.0,0.0,0.0,0.0,0.0,0.0,0.0,5,2025,5,2,21,1,1,0,0,0,1,0,0,0,0,0,0
2025-05-26,S009,Bulldozer,1,2,0.0,0.0,0.0,0.25,1.0,0.5,1.0,0,2025,5,2,22,2,2,0,1,0,1,0,0,1,0,0,0
2025-06-02,S009,Bulldozer,2,2,1.0,0.0,0.0,0.75,2.0,0.9574271077563381,2.0,0,2025,6,2,23,2,1,0,2,0,0,0,0,1,0,1,0
2025-06-09,S009,Bulldozer,2,0,2.0,1.0,0.0,1.25,2.0,0.9574271077563381,2.0,0,2025,6,2,24,3,2,0,2,0,0,1,0,0,2,2,0
2025-06-16,S009,Bulldozer,0,0,2.0,2.0,0.0,1.25,2.0,0.9574271077563381,0.0,1,2025,6,2,25,2,2,0,0,1,0,1,0,0,0,1,2
2025-06-23,S009,Bulldozer,0,0,0.0,2.0,1.0,1.0,2.0,1.1547005383792515,-1.0,2,2025,6,2,26,2,2,0,0,1,0,1,0,0,0,0,2
2025-06-30,S009,Bulldozer,0,0,0.0,0.0,2.0,0.5,2.0,1.0,-2.0,3,2025,6,2,27,4,2,1,0,3,0,0,0,0,0,0,0
2025-07-07,S009,Bulldozer,0,1,0.0,0.0,2.0,0.0,0.0,0.0,-2.0,4,2025,7,3,28,5,3,1,0,3,0,0,1,0,0,0,0
2025-07-14,S009,Bulldozer,1,1,0.0,0.0,0.0,0.25,1.0,0.5,1.0,0,2025,7,3,29,6,4,1,1,3,0,0,1,1,0,0,0
2025-07-21,S009,Bulldozer,1,1,1.0,0.0,0.0,0.5,1.0,0.5773502691896257,1.0,0,2025,7,3,30,5,4,1,1,2,0,0,1,0,0,1,0
2025-07-28,S009,Bulldozer,1,1,1.0,1.0,0.0,0.75,1.0,0.5,1.0,0,2025,7,3,31,5,4,0,1,2,0,1,1,0,0,1,0
2025-08-04,S009,Bulldozer,1,4,1.0,1.0,0.0,1.0,1.0,0.0,1.0,0,2025,8,3,32,7,5,2,1,2,0,1,1,0,1,0,0
2025-08-11,S009,Bulldozer,4,4,1.0,1.0,1.0,1.75,4.0,1.5,3.0,0,2025,8,3,33,8,4,2,4,0,0,1,1,4,0,0,1
2025-08-18,S009,Bulldozer,4,1,4.0,1.0,1.0,2.5,4.0,1.7320508075688772,3.0,0,2025,8,3,34,7,3,2,4,0,0,1,0,0,3,4,1
2025-08-25,S009,Bulldozer,1,1,4.0,4.0,1.0,2.5,4.0,1.7320508075688772,0.0,0,2025,8,3,35,3,3,1,1,1,0,0,0,0,0,4,3
2025-09-01,S009,Bulldozer,1,1,1.0,4.0,1.0,2.5,4.0,1.7320508075688772,0.0,0,2025,9,3,36,8,5,2,1,1,0,2,2,0,0,0,3
2025-09-08,S009,Bulldozer,1,0,1.0,1.0,4.0,1.75,4.0,1.5,-3.0,0,2025,9,3,37,7,4,2,1,0,0,2,2,0,1,0,0
2025-09-15,S009,Bulldozer,0,1,1.0,1.0,4.0,0.75,1.0,0.5,-4.0,1,2025,9,3,38,4,3,2,0,0,1,1,0,0,0,0,1
2025-09-22,S009,Bulldozer,1,1,0.0,1.0,1.0,0.75,1.0,0.5,0.0,0,2025,9,3,39,2,2,0,1,0,1,0,0,1,0,0,1
2025-09-29,S009,Bulldozer,1,1,1.0,0.0,1.0,0.75,1.0,0.5,0.0,0,2025,9,3,40,1,1,0,1,0,0,0,0,0,1,1,0
2025-10-06,S009,Bulldozer,1,1,1.0,1.0,1.0,0.75,1.0,0.5,0.0,0,2025,10,4,41,3,3,0,1,0,1,0,1,1,0,1,1
2025-10-13,S009,Bulldozer,1,1,1.0,1.0,0.0,1.0,1.0,0.0,1.0,0,2025,10,4,42,3,3,0,1,0,1,0,1,0,0,1,1
2025-10-20,S009,Bulldozer,1,0,1.0,1.0,1.0,1.0,1.0,0.0,0.0,0,2025,10,4,43,4,4,1,1,0,1,1,0,0,1,1,0
2025-10-27,S009,Bulldozer,0,0,1.0,1.0,1.0,0.75,1.0,0.5,-1.0,1,2025,10,4,44,3,3,1,0,0,1,1,0,0,0,0,1
2025-11-03,S009,Bulldozer,0,0,0.0,1.0,1.0,0.5,1.0,0.5773502691896257,-1.0,2,2025,11,4,45,1,1,1,0,0,0,0,0,0,0,0,1
2025-11-10,S009,Bulldozer,0,0,0.0,0.0,1.0,0.25,1.0,0.5,-1.0,3,2025,11,4,46,2,2,1,0,0,0,1,0,0,0,0,0
2025-11-17,S009,Bulldozer,0,1,0.0,0.0,1.0,0.0,0.0,0.0,-1.0,4,2025,11,4,47,2,2,1,0,0,0,1,0,0,0,0,0
2025-11-24,S009,Bulldozer,1,1,0.0,0.0,0.0,0.25,1.0,0.5,1.0,0,2025,11,4,48,2,2,0,1,1,0,0,0,1,0,0,0
2025-12-01,S009,Bulldozer,1,1,1.0,0.0,0.0,0.5,1.0,0.5773502691896257,1.0,0,2025,12,4,49,2,2,0,1,1,0,0,0,0,0,1,0
2025-12-08,S009,Bulldozer,1,1,1.0,1.0,0.0,0.75,1.0,0.5,1.0,0,2025,12,4,50,4,3,0,1,2,0,0,1,0,0,1,0
2025-12-15,S009,Bulldozer,1,1,1.0,1.0,0.0,1.0,1.0,0.0,1.0,0,2025,12,4,51,6,5,1,1,2,0,1,1,0,0,0,0
2024-01-01,S009,Crane,0,0,0.0,0.0,0.0,0.0,0.0,0.0,0.0,1,2024,1,1,1,1,1,0,1,0,0,0,0,0,0,0,0
2024-01-08,S009,Crane,0,0,0.0,0.0,0.0,0.0,0.0,0.0,0.0,2,2024,1,1,2,2,2,1,1,0,0,0,0,0,0,0,0
2024-01-15,S009,Crane,0,0,0.0,0.0,0.0,0.0,0.0,0.0,0.0,3,2024,1,1,3,4,2,2,0,0,0,2,0,0,0,0,0
2024-01-22,S009,Crane,0,0,0.0,0.0,0.0,0.0,0.0,0.0,0.0,4,2024,1,1,4,8,5,2,1,1,0,3,1,0,0,0,0
2024-01-29,S009,Crane,0,0,0.0,0.0,0.0,0.0,0.0,0.0,0.0,5,2024,1,1,5,9,5,2,2,1,0,3,1,0,0,0,0
2024-02-05,S009,Crane,0,0,0.0,0.0,0.0,0.0,0.0,0.0,0.0,6,2024,2,1,6,7,5,2,2,1,0,1,1,0,0,0,0
2024-02-12,S009,Crane,0,1,0.0,0.0,0.0,0.0,0.0,0.0,0.0,7,2024,2,1,7,5,4,2,1,1,0,0,1,0,0,0,0
2024-02-19,S009,Crane,1,3,0.0,0.0,0.0,0.25,1.0,0.5,1.0,0,2024,2,1,8,7,6,1,2,1,1,1,1,1,0,0,0
2024-02-26,S009,Crane,3,3,1.0,0.0,0.0,1.0,3.0,1.4142135623730951,3.0,0,2024,2,1,9,7,4,0,2,0,3,1,1,2,0,1,0
2024-03-04,S009,Crane,3,0,3.0,1.0,0.0,1.75,3.0,1.5,3.0,0,2024,3,1,10,7,4,0,2,1,3,0,1,0,3,3,0
2024-03-11,S009,Crane,0,0,3.0,3.0,0.0,1.75,3.0,1.5,0.0,1,2024,3,1,11,4,3,0,0,1,0,2,1,0,0,2,3
2024-03-18,S009,Crane,0,0,0.0,3.0,1.0,1.5,3.0,1.7320508075688772,-1.0,2,2024,3,1,12,4,3,0,0,1,0,2,1,0,0,0,3
2024-03-25,S009,Crane,0,0,0.0,0.0,3.0,0.75,3.0,1.5,-3.0,3,2024,3,1,13,3,2,0,0,0,0,2,1,0,0,0,0
2024-04-01,S009,Crane,0,0,0.0,0.0,3.0,0.0,0.0,0.0,-3.0,4,2024,4,2,14,1,1,0,0,0,0,1,0,0,0,0,0
2024-04-08,S009,Crane,0,0,0.0,0.0,0.0,0.0,0.0,0.0,0.0,5,2024,4,2,15,1,1,0,1,0,0,0,0,0,0,0,0
2024-04-15,S009,Crane,0,1,0.0,0.0,0.0,0.0,0.0,0.0,0.0,6,2024,4,2,16,5,5,1,1,1,0,1,1,0,0,0,0
2024-04-22,S009,Crane,1,1,0.0,0.0,0.0,0.25,1.0,0.5,1.0,0,2024,4,2,17,6,6,1,1,1,1,1,1,1,0,0,0
2024-04-29,S009,Crane,1,1,1.0,0.0,0.0,0.5,1.0,0.5773502691896257,1.0,0,2024,4,2,18,6,6,1,1,1,1,1,1,0,1,1,0
2024-05-06,S009,Crane,1,1,1.0,1.0,0.0,0.75,1.0,0.5,1.0,0,2024,5,2,19,9,6,2,1,2,1,2,1,1,0,1,1
2024-05-13,S009,Crane,1,0,1.0,1.0,0.0,1.0,1.0,0.0,1.0,0,2024,5,2,20,11,6,3,2,2,1,2,1,0,1,1,1
2024-05-20,S009,Crane,0,0,1.0,1.0,1.0,0.75,1.0,0.5,-1.0,1,2024,5,2,21,12,5,4,2,2,0,3,1,0,0,1,1
2024-05-27,S009,Crane,0,0,0.0,1.0,1.0,0.5,1.0,0.5773502691896257,-1.0,2,2024,5,2,22,12,5,4,2,2,0,3,1,0,0,0,1
2024-06-03,S009,Crane,0,1,0.0,0.0,1.0,0.25,1.0,0.5,-1.0,3,2024,6,2,23,11,5,5,2,1,0,2,1,0,0,0,0
2024-06-10,S009,Crane,1,1,0.0,0.0,1.0,0.25,1.0,0.5,0.0,0,2024,6,2,24,12,6,5,2,2,1,1,1,1,0,0,0
2024-06-17,S009,Crane,1,0,1.0,0.0,0.0,0.5,1.0,0.5773502691896257,1.0,0,2024,6,2,25,10,6,3,2,2,1,1,1,0,1,1,0
2024-06-24,S009,Crane,0,0,1.0,1.0,0.0,0.5,1.0,0.5773502691896257,0.0,1,2024,6,2,26,8,5,3,2,1,0,1,1,0,0,1,1
2024-07-01,S009,Crane,0,0,0.0,1.0,0.0,0.5,1.0,0.5773502691896257,0.0,2,2024,7,3,27,6,5,2,1,1,0,1,1,0,0,0,1
2024-07-08,S009,Crane,0,0,0.0,0.0,1.0,0.25,1.0,0.5,-1.0,3,2024,7,3,28,7,4,2,1,3,0,1,0,0,0,0,0
2024-07-15,S009,Crane,0,1,0.0,0.0,1.0,0.0,0.0,0.0,-1.0,4,2024,7,3,29,5,3,1,1,3,0,0,0,0,0,0,0
2024-07-22,S009,Crane,1,1,0.0,0.0,0.0,0.25,1.0,0.5,1.0,0,2024,7,3,30,5,4,2,1,1,1,0,0,1,0,0,0
2024-07-29,S009,Crane,1,0,1.0,0.0,0.0,0.5,1.0,0.5773502691896257,1.0,0,2024,7,3,31,3,2,2,0,0,1,0,0,0,1,1,0
2024-08-05,S009,Crane,0,0,1.0,1.0,0.0,0.5,1.0,0.5773502691896257,0.0,1,2024,8,3,32,6,2,2,4,0,0,0,0,0,0,1,1
2024-08-12,S009,Crane,0,0,0.0,1.0,0.0,0.5,1.0,0.5773502691896257,0.0,2,2024,8,3,33,7,4,1,4,1,0,1,0,0,0,0,1
2024-08-19,S009,Crane,0,0,0.0,0.0,1.0,0.25,1.0,0.5,-1.0,3,2024,8,3,34,6,5,1,2,1,0,1,1,0,0,0,0
2024-08-26,S009,Crane,0,0,0.0,0.0,1.0,0.0,0.0,0.0,-1.0,4,2024,8,3,35,4,4,0,1,1,0,1,1,0,0,0,0
2024-09-02,S009,Crane,0,0,0.0,0.0,0.0,0.0,0.0,0.0,0.0,5,2024,9,3,36,5,4,0,2,1,0,1,1,0,0,0,0
2024-09-09,S009,Crane,0,0,0.0,0.0,0.0,0.0,0.0,0.0,0.0,6,2024,9,3,37,6,3,0,3,0,0,2,1,0,0,0,0
2024-09-16,S009,Crane,0,0,0.0,0.0,0.0,0.0,0.0,0.0,0.0,7,2024,9,3,38,6,3,0,3,0,0,2,1,0,0,0,0
2024-09-23,S009,Crane,0,0,0.0,0.0,0.0,0.0,0.0,0.0,0.0,8,2024,9,3,39,4,4,0,1,1,0,1,1,0,0,0,0
2024-09-30,S009,Crane,0,0,0.0,0.0,0.0,0.0,0.0,0.0,0.0,9,2024,9,3,40,4,4,0,1,1,0,1,1,0,0,0,0
2024-10-07,S009,Crane,0,0,0.0,0.0,0.0,0.0,0.0,0.0,0.0,10,2024,10,4,41,2,2,0,0,1,0,0,1,0,0,0,0
2024-10-14,S009,Crane,0,0,0.0,0.0,0.0,0.0,0.0,0.0,0.0,11,2024,10,4,42,1,1,0,0,1,0,0,0,0,0,0,0
2024-10-21,S009,Crane,0,0,0.0,0.0,0.0,0.0,0.0,0.0,0.0,12,2024,10,4,43,0,0,0,0,0,0,0,0,0,0,0,0
2024-10-28,S009,Crane,0,0,0.0,0.0,0.0,0.0,0.0,0.0,0.0,13,2024,10,4,44,3,1,0,0,0,0,3,0,0,0,0,0
2024-11-04,S009,Crane,0,0,0.0,0.0,0.0,0.0,0.0,0.0,0.0,14,2024,11,4,45,3,1,0,0,0,0,3,0,0,0,0,0
2024-11-11,S009,Crane,0,0,0.0,0.0,0.0,0.0,0.0,0.0,0.0,15,2024,11,4,46,3,2,0,1,0,0,2,0,0,0,0,0
2024-11-18,S009,Crane,0,0,0.0,0.0,0.0,0.0,0.0,0.0,0.0,16,2024,11,4,47,2,2,0,1,0,0,1,0,0,0,0,0
2024-11-25,S009,Crane,0,0,0.0,0.0,0.0,0.0,0.0,0.0,0.0,17,2024,11,4,48,1,1,1,0,0,0,0,0,0,0,0,0
2024-12-02,S009,Crane,0,0,0.0,0.0,0.0,0.0,0.0,0.0,0.0,18,2024,12,4,49,1,1,1,0,0,0,0,0,0,0,0,0
2024-12-09,S009,Crane,0,1,0.0,0.0,0.0,0.0,0.0,0.0,0.0,19,2024,12,4,50,0,0,0,0,0,0,0,0,0,0,0,0
2024-12-16,S009,Crane,1,1,0.0,0.0,0.0,0.25,1.0,0.5,1.0,0,2024,12,4,51,1,1,0,0,0,1,0,0,1,0,0,0
2024-12-23,S009,Crane,1,1,1.0,0.0,0.0,0.5,1.0,0.5773502691896257,1.0,0,2024,12,4,52,2,2,1,0,0,1,0,0,0,0,1,0
2024-12-30,S009,Crane,1,0,1.0,1.0,0.0,0.75,1.0,0.5,1.0,0,2024,12,4,1,3,3,1,0,0,1,1,0,0,1,1,0
2025-01-06,S009,Crane,0,0,1.0,1.0,0.0,0.75,1.0,0.5,0.0,1,2025,1,1,2,3,2,1,0,0,0,2,0,0,0,0,1
2025-01-13,S009,Crane,0,1,0.0,1.0,1.0,0.5,1.0,0.5773502691896257,-1.0,2,2025,1,1,3,6,4,2,0,1,0,2,1,0,0,0,1
2025-01-20,S009,Crane,1,1,0.0,0.0,1.0,0.5,1.0,0.5773502691896257,0.0,0,2025,1,1,4,7,5,2,0,1,1,2,1,1,0,0,0
2025-01-27,S009,Crane,1,0,1.0,0.0,1.0,0.5,1.0,0.5773502691896257,0.0,0,2025,1,1,5,10,6,2,2,1,1,2,2,0,1,1,0
2025-02-03,S009,Crane,0,0,1.0,1.0,0.0,0.5,1.0,0.5773502691896257,0.0,1,2025,2,1,6,9,5,1,2,1,0,3,2,0,0,1,1
2025-02-10,S009,Crane,0,1,0.0,1.0,0.0,0.5,1.0,0.5773502691896257,0.0,2,2025,2,1,7,9,4,4,1,1,0,3,0,0,0,0,1
2025-02-17,S009,Crane,1,1,0.0,0.0,1.0,0.5,1.0,0.5773502691896257,0.0,0,2025,2,1,8,9,5,4,2,1,1,1,0,1,0,0,0
2025-02-24,S009,Crane,1,0,1.0,0.0,1.0,0.5,1.0,0.5773502691896257,0.0,0,2025,2,1,9,5,3,2,2,0,1,0,0,0,1,1,0
2025-03-03,S009,Crane,0,0,1.0,1.0,0.0,0.5,1.0,0.5773502691896257,0.0,1,2025,3,1,10,6,3,4,1,1,0,0,0,0,0,1,1
2025-03-10,S009,Crane,0,0,0.0,1.0,0.0,0.5,1.0,0.5773502691896257,0.0,2,2025,3,1,11,7,3,4,0,1,0,0,2,0,0,0,1
2025-03-17,S009,Crane,0,0,0.0,0.0,1.0,0.25,1.0,0.5,-1.0,3,2025,3,1,12,5,3,2,0,1,0,0,2,0,0,0,0
2025-03-24,S009,Crane,0,0,0.0,0.0,1.0,0.0,0.0,0.0,-1.0,4,2025,3,1,13,4,3,2,0,1,0,0,1,0,0,0,0
2025-03-31,S009,Crane,0,0,0.0,0.0,0.0,0.0,0.0,0.0,0.0,5,2025,3,1,14,2,2,0,0,1,0,0,1,0,0,0,0
2025-04-07,S009,Crane,0,1,0.0,0.0,0.0,0.0,0.0,0.0,0.0,6,2025,4,2,15,2,2,0,1,0,0,0,1,0,0,0,0
2025-04-14,S009,Crane,1,1,0.0,0.0,0.0,0.25,1.0,0.5,1.0,0,2025,4,2,16,3,3,0,1,0,1,0,1,1,0,0,0
2025-04-21,S009,Crane,1,0,1.0,0.0,0.0,0.5,1.0,0.5773502691896257,1.0,0,2025,4,2,17,2,2,0,0,0,1,1,0,0,1,1,0
2025-04-28,S009,Crane,0,0,1.0,1.0,0.0,0.5,1.0,0.5773502691896257,0.0,1,2025,4,2,18,1,1,0,0,0,0,1,0,0,0,1,1
2025-05-05,S009,Crane,0,0,0.0,1.0,0.0,0.5,1.0,0.5773502691896257,0.0,2,2025,5,2,19,1,1,0,0,0,0,1,0,0,0,0,1
2025-05-12,S009,Crane,0,1,0.0,0.0,1.0,0.25,1.0,0.5,-1.0,3,2025,5,2,20,0,0,0,0,0,0,0,0,0,0,0,0
2025-05-19,S009,Crane,1,1,0.0,0.0,1.0,0.25,1.0,0.5,0.0,0,2025,5,2,21,1,1,0,0,0,1,0,0,1,0,0,0
2025-05-26,S009,Crane,1,0,1.0,0.0,0.0,0.5,1.0,0.5773502691896257,1.0,0,2025,5,2,22,2,2,0,1,0,1,0,0,0,1,1,0
2025-06-02,S009,Crane,0,0,1.0,1.0,0.0,0.5,1.0,0.5773502691896257,0.0,1,2025,6,2,23,2,1,0,2,0,0,0,0,0,0,1,1
2025-06-09,S009,Crane,0,0,0.0,1.0,0.0,0.5,1.0,0.5773502691896257,0.0,2,2025,6,2,24,3,2,0,2,0,0,1,0,0,0,0,1
2025-06-16,S009,Crane,0,0,0.0,0.0,1.0,0.25,1.0,0.5,-1.0,3,2025,6,2,25,2,2,0,0,1,0,1,0,0,0,0,0
2025-06-23,S009,Crane,0,0,0.0,0.0,1.0,0.0,0.0,0.0,-1.0,4,2025,6,2,26,2,2,0,0,1,0,1,0,0,0,0,0
2025-06-30,S009,Crane,0,0,0.0,0.0,0.0,0.0,0.0,0.0,0.0,5,2025,6,2,27,4,2,1,0,3,0,0,0,0,0,0,0
2025-07-07,S009,Crane,0,0,0.0,0.0,0.0,0.0,0.0,0.0,0.0,6,2025,7,3,28,5,3,1,0,3,0,0,1,0,0,0,0
2025-07-14,S009,Crane,0,0,0.0,0.0,0.0,0.0,0.0,0.0,0.0,7,2025,7,3,29,6,4,1,1,3,0,0,1,0,0,0,0
2025-07-21,S009,Crane,0,0,0.0,0.0,0.0,0.0,0.0,0.0,0.0,8,2025,7,3,30,5,4,1,1,2,0,0,1,0,0,0,0
2025-07-28,S009,Crane,0,0,0.0,0.0,0.0,0.0,0.0,0.0,0.0,9,2025,7,3,31,5,4,0,1,2,0,1,1,0,0,0,0
2025-08-04,S009,Crane,0,0,0.0,0.0,0.0,0.0,0.0,0.0,0.0,10,2025,8,3,32,7,5,2,1,2,0,1,1,0,0,0,0
2025-08-11,S009,Crane,0,0,0.0,0.0,0.0,0.0,0.0,0.0,0.0,11,2025,8,3,33,8,4,2,4,0,0,1,1,0,0,0,0
2025-08-18,S009,Crane,0,0,0.0,0.0,0.0,0.0,0.0,0.0,0.0,12,2025,8,3,34,7,3,2,4,0,0,1,0,0,0,0,0
2025-08-25,S009,Crane,0,0,0.0,0.0,0.0,0.0,0.0,0.0,0.0,13,2025,8,3,35,3,3,1,1,1,0,0,0,0,0,0,0
2025-09-01,S009,Crane,0,0,0.0,0.0,0.0,0.0,0.0,0.0,0.0,14,2025,9,3,36,8,5,2,1,1,0,2,2,0,0,0,0
2025-09-08,S009,Crane,0,1,0.0,0.0,0.0,0.0,0.0,0.0,0.0,15,2025,9,3,37,7,4,2,1,0,0,2,2,0,0,0,0
2025-09-15,S009,Crane,1,1,0.0,0.0,0.0,0.25,1.0,0.5,1.0,0,2025,9,3,38,4,3,2,0,0,1,1,0,1,0,0,0
2025-09-22,S009,Crane,1,0,1.0,0.0,0.0,0.5,1.0,0.5773502691896257,1.0,0,2025,9,3,39,2,2,0,1,0,1,0,0,0,1,1,0
2025-09-29,S009,Crane,0,1,1.0,1.0,0.0,0.5,1.0,0.5773502691896257,0.0,1,2025,9,3,40,1,1,0,1,0,0,0,0,0,0,1,1
2025-10-06,S009,Crane,1,1,0.0,1.0,0.0,0.75,1.0,0.5,1.0,0,2025,10,4,41,3,3,0,1,0,1,0,1,1,0,0,1
2025-10-13,S009,Crane,1,1,1.0,0.0,1.0,0.75,1.0,0.5,0.0,0,2025,10,4,42,3,3,0,1,0,1,0,1,0,1,1,0
2025-10-20,S009,Crane,1,1,1.0,1.0,1.0,0.75,1.0,0.5,0.0,0,2025,10,4,43,4,4,1,1,0,1,1,0,1,0,1,1
2025-10-27,S009,Crane,1,0,1.0,1.0,0.0,1.0,1.0,0.0,1.0,0,2025,10,4,44,3,3,1,0,0,1,1,0,0,1,1,1
2025-11-03,S009,Crane,0,0,1.0,1.0,1.0,0.75,1.0,0.5,-1.0,1,2025,11,4,45,1,1,1,0,0,0,0,0,0,0,1,1
2025-11-10,S009,Crane,0,0,0.0,1.0,1.0,0.5,1.0,0.5773502691896257,-1.0,2,2025,11,4,46,2,2,1,0,0,0,1,0,0,0,0,1
2025-11-17,S009,Crane,0,0,0.0,0.0,1.0,0.25,1.0,0.5,-1.0,3,2025,11,4,47,2,2,1,0,0,0,1,0,0,0,0,0
2025-11-24,S009,Crane,0,0,0.0,0.0,1.0,0.0,0.0,0.0,-1.0,4,2025,11,4,48,2,2,0,1,1,0,0,0,0,0,0,0
2025-12-01,S009,Crane,0,0,0.0,0.0,0.0,0.0,0.0,0.0,0.0,5,2025,12,4,49,2,2,0,1,1,0,0,0,0,0,0,0
2025-12-08,S009,Crane,0,0,0.0,0.0,0.0,0.0,0.0,0.0,0.0,6,2025,12,4,50,4,3,0,1,2,0,0,1,0,0,0,0
2025-12-15,S009,Crane,0,0,0.0,0.0,0.0,0.0,0.0,0.0,0.0,7,2025,12,4,51,6,5,1,1,2,0,1,1,0,0,0,0
2024-01-01,S009,Excavator,0,1,0.0,0.0,0.0,0.0,0.0,0.0,0.0,1,2024,1,1,1,1,1,0,1,0,0,0,0,0,0,0,0
2024-01-08,S009,Excavator,1,2,0.0,0.0,0.0,0.0,0.0,0.0,0.0,0,2024,1,1,2,2,2,1,1,0,0,0,0,1,0,0,0
2024-01-15,S009,Excavator,2,2,1.0,0.0,0.0,0.0,0.0,0.0,0.0,0,2024,1,1,3,4,2,2,0,0,0,2,0,1,0,1,0
2024-01-22,S009,Excavator,2,2,2.0,1.0,0.0,1.25,2.0,0.9574271077563381,0.0,0,2024,1,1,4,8,5,2,1,1,0,3,1,0,0,2,0
2024-01-29,S009,Excavator,2,2,2.0,2.0,0.0,1.75,2.0,0.4999999999999999,2.0,0,2024,1,1,5,9,5,2,2,1,0,3,1,0,2,1,0
2024-02-05,S009,Excavator,2,2,2.0,2.0,1.0,2.0,2.0,0.0,1.0,0,2024,2,1,6,7,5,2,2,1,0,1,1,2,0,0,2
2024-02-12,S009,Excavator,2,1,2.0,2.0,2.0,2.0,2.0,0.0,0.0,0,2024,2,1,7,5,4,2,1,1,0,0,1,0,1,2,2
2024-02-19,S009,Excavator,1,0,2.0,2.0,2.0,1.75,2.0,0.5,-1.0,0,2024,2,1,8,7,6,1,2,1,1,1,1,0,1,2,1
2024-02-26,S009,Excavator,0,0,1.0,2.0,2.0,1.25,2.0,0.9574271077563381,-2.0,1,2024,2,1,9,7,4,0,2,0,3,1,1,0,0,0,2
2024-03-04,S009,Excavator,0,0,0.0,1.0,2.0,0.75,2.0,0.9574271077563381,-2.0,2,2024,3,1,10,7,4,0,2,1,3,0,1,0,0,0,1
2024-03-11,S009,Excavator,0,0,0.0,0.0,2.0,0.25,1.0,0.49999999999999994,-2.0,3,2024,3,1,11,4,3,0,0,1,0,2,1,0,0,0,0
2024-03-18,S009,Excavator,0,0,0.0,0.0,1.0,0.0,0.0,0.0,-1.0,4,2024,3,1,12,4,3,0,0,1,0,2,1,0,0,0,0
2024-03-25,S009,Excavator,0,0,0.0,0.0,0.0,0.0,0.0,0.0,0.0,5,2024,3,1,13,3,2,0,0,0,0,2,1,0,0,0,0
2024-04-01,S009,Excavator,0,0,0.0,0.0,0.0,0.0,0.0,0.0,0.0,6,2024,4,2,14,1,1,0,0,0,0,1,0,0,0,0,0
2024-04-08,S009,Excavator,0,1,0.0,0.0,0.0,0.0,0.0,0.0,0.0,7,2024,4,2,15,1,1,0,1,0,0,0,0,0,0,0,0
2024-04-15,S009,Excavator,1,1,0.0,0.0,0.0,0.25,1.0,0.5,1.0,0,2024,4,2,16,5,5,1,1,1,0,1,1,1,0,0,0
2024-04-22,S009,Excavator,1,1,1.0,0.0,0.0,0.5,1.0,0.5773502691896257,1.0,0,2024,4,2,17,6,6,1,1,1,1,1,1,0,1,1,0
2024-04-29,S009,Excavator,1,2,1.0,1.0,0.0,0.75,1.0,0.5,1.0,0,2024,4,2,18,6,6,1,1,1,1,1,1,1,0,1,1
2024-05-06,S009,Excavator,2,3,1.0,1.0,0.0,1.25,2.0,0.5,2.0,0,2024,5,2,19,9,6,2,1,2,1,2,1,1,0,1,1
2024-05-13,S009,Excavator,3,4,2.0,1.0,1.0,1.75,3.0,0.9574271077563381,2.0,0,2024,5,2,20,11,6,3,2,2,1,2,1,1,0,2,0
2024-05-20,S009,Excavator,4,4,3.0,2.0,1.0,2.5,4.0,1.2909944487358056,3.0,0,2024,5,2,21,12,5,4,2,2,0,3,1,1,0,2,0
2024-05-27,S009,Excavator,4,5,4.0,3.0,1.0,3.25,4.0,0.9574271077563381,3.0,0,2024,5,2,22,12,5,4,2,2,0,3,1,0,0,2,0
2024-06-03,S009,Excavator,5,5,4.0,4.0,2.0,4.0,5.0,0.8164965809277261,3.0,0,2024,6,2,23,11,5,5,2,1,0,2,1,1,0,1,0
2024-06-10,S009,Excavator,5,3,5.0,4.0,3.0,4.5,5.0,0.5773502691896261,2.0,0,2024,6,2,24,12,6,5,2,2,1,1,1,0,3,1,0
2024-06-17,S009,Excavator,3,3,5.0,5.0,4.0,4.25,5.0,0.9574271077563383,-1.0,0,2024,6,2,25,10,6,3,2,2,1,1,1,1,0,1,3
2024-06-24,S009,Excavator,3,2,3.0,5.0,4.0,4.0,5.0,1.1547005383792517,-1.0,0,2024,6,2,26,8,5,3,2,1,0,1,1,0,2,1,3
2024-07-01,S009,Excavator,2,2,3.0,3.0,5.0,3.25,5.0,1.2583057392117916,-3.0,0,2024,7,3,27,6,5,2,1,1,0,1,1,1,0,1,2
2024-07-08,S009,Excavator,2,1,2.0,3.0,5.0,2.5,3.0,0.5773502691896255,-3.0,0,2024,7,3,28,7,4,2,1,3,0,1,0,0,1,1,2
2024-07-15,S009,Excavator,1,2,2.0,2.0,3.0,2.0,3.0,0.8164965809277259,-2.0,0,2024,7,3,29,5,3,1,1,3,0,0,0,0,0,1,1
2024-07-22,S009,Excavator,2,2,1.0,2.0,3.0,1.75,2.0,0.49999999999999983,-1.0,0,2024,7,3,30,5,4,2,1,1,1,0,0,1,0,0,1
2024-07-29,S009,Excavator,2,2,2.0,1.0,2.0,1.75,2.0,0.49999999999999983,0.0,0,2024,7,3,31,3,2,2,0,0,1,0,0,0,0,1,0
2024-08-05,S009,Excavator,2,1,2.0,2.0,2.0,1.75,2.0,0.49999999999999983,0.0,0,2024,8,3,32,6,2,2,4,0,0,0,0,0,1,1,0
2024-08-12,S009,Excavator,1,1,2.0,2.0,1.0,1.75,2.0,0.5,0.0,0,2024,8,3,33,7,4,1,4,1,0,1,0,0,0,0,1
2024-08-19,S009,Excavator,1,0,1.0,2.0,2.0,1.5,2.0,0.5773502691896257,-1.0,0,2024,8,3,34,6,5,1,2,1,0,1,1,0,1,0,1
2024-08-26,S009,Excavator,0,0,1.0,1.0,2.0,1.0,2.0,0.816496580927726,-2.0,1,2024,8,3,35,4,4,0,1,1,0,1,1,0,0,0,1
2024-09-02,S009,Excavator,0,0,0.0,1.0,2.0,0.5,1.0,0.5773502691896257,-2.0,2,2024,9,3,36,5,4,0,2,1,0,1,1,0,0,0,1
2024-09-09,S009,Excavator,0,0,0.0,0.0,1.0,0.25,1.0,0.5,-1.0,3,2024,9,3,37,6,3,0,3,0,0,2,1,0,0,0,0
2024-09-16,S009,Excavator,0,0,0.0,0.0,1.0,0.0,0.0,0.0,-1.0,4,2024,9,3,38,6,3,0,3,0,0,2,1,0,0,0,0
2024-09-23,S009,Excavator,0,0,0.0,0.0,0.0,0.0,0.0,0.0,0.0,5,2024,9,3,39,4,4,0,1,1,0,1,1,0,0,0,0
2024-09-30,S009,Excavator,0,0,0.0,0.0,0.0,0.0,0.0,0.0,0.0,6,2024,9,3,40,4,4,0,1,1,0,1,1,0,0,0,0
2024-10-07,S009,Excavator,0,0,0.0,0.0,0.0,0.0,0.0,0.0,0.0,7,2024,10,4,41,2,2,0,0,1,0,0,1,0,0,0,0
2024-10-14,S009,Excavator,0,0,0.0,0.0,0.0,0.0,0.0,0.0,0.0,8,2024,10,4,42,1,1,0,0,1,0,0,0,0,0,0,0
2024-10-21,S009,Excavator,0,0,0.0,0.0,0.0,0.0,0.0,0.0,0.0,9,2024,10,4,43,0,0,0,0,0,0,0,0,0,0,0,0
2024-10-28,S009,Excavator,0,0,0.0,0.0,0.0,0.0,0.0,0.0,0.0,10,2024,10,4,44,3,1,0,0,0,0,3,0,0,0,0,0
2024-11-04,S009,Excavator,0,0,0.0,0.0,0.0,0.0,0.0,0.0,0.0,11,2024,11,4,45,3,1,0,0,0,0,3,0,0,0,0,0
2024-11-11,S009,Excavator,0,0,0.0,0.0,0.0,0.0,0.0,0.0,0.0,12,2024,11,4,46,3,2,0,1,0,0,2,0,0,0,0,0
2024-11-18,S009,Excavator,0,1,0.0,0.0,0.0,0.0,0.0,0.0,0.0,13,2024,11,4,47,2,2,0,1,0,0,1,0,0,0,0,0
2024-11-25,S009,Excavator,1,1,0.0,0.0,0.0,0.25,1.0,0.5,1.0,0,2024,11,4,48,1,1,1,0,0,0,0,0,1,0,0,0
2024-12-02,S009,Excavator,1,0,1.0,0.0,0.0,0.5,1.0,0.5773502691896257,1.0,0,2024,12,4,49,1,1,1,0,0,0,0,0,0,1,1,0
2024-12-09,S009,Excavator,0,0,1.0,1.0,0.0,0.5,1.0,0.5773502691896257,0.0,1,2024,12,4,50,0,0,0,0,0,0,0,0,0,0,1,1
2024-12-16,S009,Excavator,0,1,0.0,1.0,0.0,0.5,1.0,0.5773502691896257,0.0,2,2024,12,4,51,1,1,0,0,0,1,0,0,0,0,0,1
2024-12-23,S009,Excavator,1,1,0.0,0.0,1.0,0.5,1.0,0.5773502691896257,0.0,0,2024,12,4,52,2,2,1,0,0,1,0,0,1,0,0,0
2024-12-30,S009,Excavator,1,1,1.0,0.0,1.0,0.5,1.0,0.5773502691896257,0.0,0,2024,12,4,1,3,3,1,0,0,1,1,0,0,1,1,0
2025-01-06,S009,Excavator,1,2,1.0,1.0,0.0,0.75,1.0,0.5,1.0,0,2025,1,1,2,3,2,1,0,0,0,2,0,1,0,1,1
2025-01-13,S009,Excavator,2,2,1.0,1.0,0.0,1.25,2.0,0.5,2.0,0,2025,1,1,3,6,4,2,0,1,0,2,1,1,0,1,1
2025-01-20,S009,Excavator,2,2,2.0,1.0,1.0,1.5,2.0,0.5773502691896257,1.0,0,2025,1,1,4,7,5,2,0,1,1,2,1,0,0,2,0
2025-01-27,S009,Excavator,2,1,2.0,2.0,1.0,1.75,2.0,0.5,1.0,0,2025,1,1,5,10,6,2,2,1,1,2,2,0,1,1,0
2025-02-03,S009,Excavator,1,4,2.0,2.0,1.0,1.75,2.0,0.5,0.0,0,2025,2,1,6,9,5,1,2,1,0,3,2,0,0,0,1
2025-02-10,S009,Excavator,4,4,1.0,2.0,2.0,2.25,4.0,1.2583057392117916,2.0,0,2025,2,1,7,9,4,4,1,1,0,3,0,3,0,0,1
2025-02-17,S009,Excavator,4,2,4.0,1.0,2.0,2.75,4.0,1.5,2.0,0,2025,2,1,8,9,5,4,2,1,1,1,0,0,2,3,0
2025-02-24,S009,Excavator,2,4,4.0,4.0,2.0,2.75,4.0,1.5,0.0,0,2025,2,1,9,5,3,2,2,0,1,0,0,0,1,3,2
2025-03-03,S009,Excavator,4,4,2.0,4.0,1.0,3.5,4.0,0.9999999999999998,3.0,0,2025,3,1,10,6,3,4,1,1,0,0,0,3,0,0,3
2025-03-10,S009,Excavator,4,2,4.0,2.0,4.0,3.5,4.0,0.9999999999999998,0.0,0,2025,3,1,11,7,3,4,0,1,0,0,2,0,3,3,1
2025-03-17,S009,Excavator,2,2,4.0,4.0,4.0,3.0,4.0,1.1547005383792515,-2.0,0,2025,3,1,12,5,3,2,0,1,0,0,2,1,0,3,3
2025-03-24,S009,Excavator,2,0,2.0,4.0,2.0,3.0,4.0,1.1547005383792515,0.0,0,2025,3,1,13,4,3,2,0,1,0,0,1,0,2,1,3
2025-03-31,S009,Excavator,0,0,2.0,2.0,4.0,2.0,4.0,1.632993161855452,-4.0,1,2025,3,1,14,2,2,0,0,1,0,0,1,0,0,1,2
2025-04-07,S009,Excavator,0,0,0.0,2.0,4.0,1.0,2.0,1.1547005383792515,-4.0,2,2025,4,2,15,2,2,0,1,0,0,0,1,0,0,0,2
2025-04-14,S009,Excavator,0,0,0.0,0.0,2.0,0.5,2.0,0.9999999999999999,-2.0,3,2025,4,2,16,3,3,0,1,0,1,0,1,0,0,0,0
2025-04-21,S009,Excavator,0,0,0.0,0.0,2.0,0.0,0.0,0.0,-2.0,4,2025,4,2,17,2,2,0,0,0,1,1,0,0,0,0,0
2025-04-28,S009,Excavator,0,0,0.0,0.0,0.0,0.0,0.0,0.0,0.0,5,2025,4,2,18,1,1,0,0,0,0,1,0,0,0,0,0
2025-05-05,S009,Excavator,0,0,0.0,0.0,0.0,0.0,0.0,0.0,0.0,6,2025,5,2,19,1,1,0,0,0,0,1,0,0,0,0,0
2025-05-12,S009,Excavator,0,0,0.0,0.0,0.0,0.0,0.0,0.0,0.0,7,2025,5,2,20,0,0,0,0,0,0,0,0,0,0,0,0
2025-05-19,S009,Excavator,0,0,0.0,0.0,0.0,0.0,0.0,0.0,0.0,8,2025,5,2,21,1,1,0,0,0,1,0,0,0,0,0,0
2025-05-26,S009,Excavator,0,0,0.0,0.0,0.0,0.0,0.0,0.0,0.0,9,2025,5,2,22,2,2,0,1,0,1,0,0,0,0,0,0
2025-06-02,S009,Excavator,0,0,0.0,0.0,0.0,0.0,0.0,0.0,0.0,10,2025,6,2,23,2,1,0,2,0,0,0,0,0,0,0,0
2025-06-09,S009,Excavator,0,0,0.0,0.0,0.0,0.0,0.0,0.0,0.0,11,2025,6,2,24,3,2,0,2,0,0,1,0,0,0,0,0
2025-06-16,S009,Excavator,0,0,0.0,0.0,0.0,0.0,0.0,0.0,0.0,12,2025,6,2,25,2,2,0,0,1,0,1,0,0,0,0,0
2025-06-23,S009,Excavator,0,1,0.0,0.0,0.0,0.0,0.0,0.0,0.0,13,2025,6,2,26,2,2,0,0,1,0,1,0,0,0,0,0
2025-06-30,S009,Excavator,1,1,0.0,0.0,0.0,0.25,1.0,0.5,1.0,0,2025,6,2,27,4,2,1,0,3,0,0,0,1,0,0,0
2025-07-07,S009,Excavator,1,1,1.0,0.0,0.0,0.5,1.0,0.5773502691896257,1.0,0,2025,7,3,28,5,3,1,0,3,0,0,1,0,0,1,0
2025-07-14,S009,Excavator,1,1,1.0,1.0,0.0,0.75,1.0,0.5,1.0,0,2025,7,3,29,6,4,1,1,3,0,0,1,0,0,1,0
2025-07-21,S009,Excavator,1,0,1.0,1.0,0.0,1.0,1.0,0.0,1.0,0,2025,7,3,30,5,4,1,1,2,0,0,1,0,1,0,0
2025-07-28,S009,Excavator,0,2,1.0,1.0,1.0,0.75,1.0,0.5,-1.0,1,2025,7,3,31,5,4,0,1,2,0,1,1,0,0,0,1
2025-08-04,S009,Excavator,2,2,0.0,1.0,1.0,1.0,2.0,0.816496580927726,1.0,0,2025,8,3,32,7,5,2,1,2,0,1,1,2,0,0,1
2025-08-11,S009,Excavator,2,2,2.0,0.0,1.0,1.25,2.0,0.9574271077563381,1.0,0,2025,8,3,33,8,4,2,4,0,0,1,1,0,0,2,0
2025-08-18,S009,Excavator,2,1,2.0,2.0,1.0,1.5,2.0,1.0,1.0,0,2025,8,3,34,7,3,2,4,0,0,1,0,0,1,2,0
2025-08-25,S009,Excavator,1,2,2.0,2.0,0.0,1.75,2.0,0.5,1.0,0,2025,8,3,35,3,3,1,1,1,0,0,0,0,0,0,1
2025-09-01,S009,Excavator,2,2,1.0,2.0,2.0,1.75,2.0,0.5,0.0,0,2025,9,3,36,8,5,2,1,1,0,2,2,1,0,0,1
2025-09-08,S009,Excavator,2,2,2.0,1.0,2.0,1.75,2.0,0.5,0.0,0,2025,9,3,37,7,4,2,1,0,0,2,2,0,0,1,0
2025-09-15,S009,Excavator,2,0,2.0,2.0,2.0,1.75,2.0,0.5,0.0,0,2025,9,3,38,4,3,2,0,0,1,1,0,0,2,1,0
2025-09-22,S009,Excavator,0,0,2.0,2.0,1.0,1.5,2.0,1.0,-1.0,1,2025,9,3,39,2,2,0,1,0,1,0,0,0,0,0,2
2025-09-29,S009,Excavator,0,0,0.0,2.0,2.0,1.0,2.0,1.1547005383792515,-2.0,2,2025,9,3,40,1,1,0,1,0,0,0,0,0,0,0,2
2025-10-06,S009,Excavator,0,0,0.0,0.0,2.0,0.5,2.0,1.0,-2.0,3,2025,10,4,41,3,3,0,1,0,1,0,1,0,0,0,0
2025-10-13,S009,Excavator,0,1,0.0,0.0,2.0,0.0,0.0,0.0,-2.0,4,2025,10,4,42,3,3,0,1,0,1,0,1,0,0,0,0
2025-10-20,S009,Excavator,1,1,0.0,0.0,0.0,0.25,1.0,0.5,1.0,0,2025,10,4,43,4,4,1,1,0,1,1,0,1,0,0,0
2025-10-27,S009,Excavator,1,1,1.0,0.0,0.0,0.5,1.0,0.5773502691896257,1.0,0,2025,10,4,44,3,3,1,0,0,1,1,0,0,0,1,0
2025-11-03,S009,Excavator,1,1,1.0,1.0,0.0,0.75,1.0,0.5,1.0,0,2025,11,4,45,1,1,1,0,0,0,0,0,0,1,1,0
2025-11-10,S009,Excavator,1,1,1.0,1.0,0.0,1.0,1.0,0.0,1.0,0,2025,11,4,46,2,2,1,0,0,0,1,0,1,0,0,1
2025-11-17,S009,Excavator,1,0,1.0,1.0,1.0,1.0,1.0,0.0,0.0,0,2025,11,4,47,2,2,1,0,0,0,1,0,0,1,1,1
2025-11-24,S009,Excavator,0,0,1.0,1.0,1.0,0.75,1.0,0.5,-1.0,1,2025,11,4,48,2,2,0,1,1,0,0,0,0,0,1,1
2025-12-01,S009,Excavator,0,0,0.0,1.0,1.0,0.5,1.0,0.5773502691896257,-1.0,2,2025,12,4,49,2,2,0,1,1,0,0,0,0,0,0,1
2025-12-08,S009,Excavator,0,1,0.0,0.0,1.0,0.25,1.0,0.5,-1.0,3,2025,12,4,50,4,3,0,1,2,0,0,1,0,0,0,0
2025-12-15,S009,Excavator,1,1,0.0,0.0,1.0,0.25,1.0,0.5,0.0,0,2025,12,4,51,6,5,1,1,2,0,1,1,1,0,0,0
2024-01-01,S009,Grader,0,0,0.0,0.0,0.0,0.0,0.0,0.0,0.0,1,2024,1,1,1,1,1,0,1,0,0,0,0,0,0,0,0
2024-01-08,S009,Grader,0,0,0.0,0.0,0.0,0.0,0.0,0.0,0.0,2,2024,1,1,2,2,2,1,1,0,0,0,0,0,0,0,0
2024-01-15,S009,Grader,0,1,0.0,0.0,0.0,0.0,0.0,0.0,0.0,3,2024,1,1,3,4,2,2,0,0,0,2,0,0,0,0,0
2024-01-22,S009,Grader,1,1,0.0,0.0,0.0,0.25,1.0,0.5,0.0,0,2024,1,1,4,8,5,2,1,1,0,3,1,1,0,0,0
2024-01-29,S009,Grader,1,1,1.0,0.0,0.0,0.5,1.0,0.5773502691896257,1.0,0,2024,1,1,5,9,5,2,2,1,0,3,1,0,0,1,0
2024-02-05,S009,Grader,1,1,1.0,1.0,0.0,0.75,1.0,0.5,1.0,0,2024,2,1,6,7,5,2,2,1,0,1,1,0,1,1,0
2024-02-12,S009,Grader,1,1,1.0,1.0,0.0,1.0,1.0,0.0,1.0,0,2024,2,1,7,5,4,2,1,1,0,0,1,1,0,0,1
2024-02-19,S009,Grader,1,0,1.0,1.0,1.0,1.0,1.0,0.0,0.0,0,2024,2,1,8,7,6,1,2,1,1,1,1,0,1,1,1
2024-02-26,S009,Grader,0,1,1.0,1.0,1.0,0.75,1.0,0.5,-1.0,1,2024,2,1,9,7,4,0,2,0,3,1,1,0,0,1,1
2024-03-04,S009,Grader,1,1,0.0,1.0,1.0,0.75,1.0,0.5,0.0,0,2024,3,1,10,7,4,0,2,1,3,0,1,1,0,0,1
2024-03-11,S009,Grader,1,1,1.0,0.0,1.0,0.75,1.0,0.5,0.0,0,2024,3,1,11,4,3,0,0,1,0,2,1,0,0,1,0
2024-03-18,S009,Grader,1,0,1.0,1.0,1.0,0.75,1.0,0.5,0.0,0,2024,3,1,12,4,3,0,0,1,0,2,1,0,1,1,0
2024-03-25,S009,Grader,0,0,1.0,1.0,0.0,0.75,1.0,0.5,0.0,1,2024,3,1,13,3,2,0,0,0,0,2,1,0,0,0,1
2024-04-01,S009,Grader,0,0,0.0,1.0,1.0,0.5,1.0,0.5773502691896257,-1.0,2,2024,4,2,14,1,1,0,0,0,0,1,0,0,0,0,1
2024-04-08,S009,Grader,0,1,0.0,0.0,1.0,0.25,1.0,0.5,-1.0,3,2024,4,2,15,1,1,0,1,0,0,0,0,0,0,0,0
2024-04-15,S009,Grader,1,1,0.0,0.0,1.0,0.25,1.0,0.5,0.0,0,2024,4,2,16,5,5,1,1,1,0,1,1,1,0,0,0
2024-04-22,S009,Grader,1,1,1.0,0.0,0.0,0.5,1.0,0.5773502691896257,1.0,0,2024,4,2,17,6,6,1,1,1,1,1,1,0,1,1,0
2024-04-29,S009,Grader,1,2,1.0,1.0,0.0,0.75,1.0,0.5,1.0,0,2024,4,2,18,6,6,1,1,1,1,1,1,1,0,1,1
2024-05-06,S009,Grader,2,2,1.0,1.0,0.0,1.25,2.0,0.5,2.0,0,2024,5,2,19,9,6,2,1,2,1,2,1,1,0,1,1
2024-05-13,S009,Grader,2,2,2.0,1.0,1.0,1.5,2.0,0.5773502691896257,1.0,0,2024,5,2,20,11,6,3,2,2,1,2,1,0,1,2,0
2024-05-20,S009,Grader,2,2,2.0,2.0,1.0,1.75,2.0,0.5,1.0,0,2024,5,2,21,12,5,4,2,2,0,3,1,1,0,1,1
2024-05-27,S009,Grader,2,1,2.0,2.0,1.0,2.0,2.0,0.0,1.0,0,2024,5,2,22,12,5,4,2,2,0,3,1,0,2,1,1
2024-06-03,S009,Grader,1,2,2.0,2.0,2.0,1.75,2.0,0.5,-1.0,0,2024,6,2,23,11,5,5,2,1,0,2,1,1,0,1,2
2024-06-10,S009,Grader,2,2,1.0,2.0,2.0,1.75,2.0,0.5,0.0,0,2024,6,2,24,12,6,5,2,2,1,1,1,1,0,1,2
2024-06-17,S009,Grader,2,1,2.0,1.0,2.0,1.75,2.0,0.5,0.0,0,2024,6,2,25,10,6,3,2,2,1,1,1,0,1,2,0
2024-06-24,S009,Grader,1,1,2.0,2.0,2.0,1.5,2.0,0.5773502691896257,-1.0,0,2024,6,2,26,8,5,3,2,1,0,1,1,0,0,1,1
2024-07-01,S009,Grader,1,3,1.0,2.0,1.0,1.5,2.0,0.5773502691896257,0.0,0,2024,7,3,27,6,5,2,1,1,0,1,1,0,0,0,1
2024-07-08,S009,Grader,3,3,1.0,1.0,2.0,1.75,3.0,0.9574271077563381,1.0,0,2024,7,3,28,7,4,2,1,3,0,1,0,2,0,0,0
2024-07-15,S009,Grader,3,1,3.0,1.0,2.0,2.0,3.0,1.1547005383792515,1.0,0,2024,7,3,29,5,3,1,1,3,0,0,0,0,2,2,0
2024-07-22,S009,Grader,1,0,3.0,3.0,1.0,2.0,3.0,1.1547005383792515,0.0,0,2024,7,3,30,5,4,2,1,1,1,0,0,0,1,2,2
2024-07-29,S009,Grader,0,0,1.0,3.0,1.0,1.75,3.0,1.5,-1.0,1,2024,7,3,31,3,2,2,0,0,1,0,0,0,0,0,3
2024-08-05,S009,Grader,0,1,0.0,1.0,3.0,1.0,3.0,1.414213562373095,-3.0,2,2024,8,3,32,6,2,2,4,0,0,0,0,0,0,0,1
2024-08-12,S009,Grader,1,1,0.0,0.0,3.0,0.5,1.0,0.5773502691896255,-2.0,0,2024,8,3,33,7,4,1,4,1,0,1,0,1,0,0,0
2024-08-19,S009,Grader,1,1,1.0,0.0,1.0,0.5,1.0,0.5773502691896255,0.0,0,2024,8,3,34,6,5,1,2,1,0,1,1,0,1,1,0
2024-08-26,S009,Grader,1,1,1.0,1.0,0.0,0.75,1.0,0.4999999999999998,1.0,0,2024,8,3,35,4,4,0,1,1,0,1,1,1,0,1,1
2024-09-02,S009,Grader,1,0,1.0,1.0,0.0,1.0,1.0,0.0,1.0,0,2024,9,3,36,5,4,0,2,1,0,1,1,0,1,1,1
2024-09-09,S009,Grader,0,0,1.0,1.0,1.0,0.75,1.0,0.5,-1.0,1,2024,9,3,37,6,3,0,3,0,0,2,1,0,0,1,1
2024-09-16,S009,Grader,0,1,0.0,1.0,1.0,0.5,1.0,0.5773502691896257,-1.0,2,2024,9,3,38,6,3,0,3,0,0,2,1,0,0,0,1
2024-09-23,S009,Grader,1,1,0.0,0.0,1.0,0.5,1.0,0.5773502691896257,0.0,0,2024,9,3,39,4,4,0,1,1,0,1,1,1,0,0,0
2024-09-30,S009,Grader,1,1,1.0,0.0,1.0,0.5,1.0,0.5773502691896257,0.0,0,2024,9,3,40,4,4,0,1,1,0,1,1,0,1,1,0
2024-10-07,S009,Grader,1,1,1.0,1.0,0.0,0.75,1.0,0.5,1.0,0,2024,10,4,41,2,2,0,0,1,0,0,1,1,0,1,1
2024-10-14,S009,Grader,1,0,1.0,1.0,0.0,1.0,1.0,0.0,1.0,0,2024,10,4,42,1,1,0,0,1,0,0,0,0,1,1,1
2024-10-21,S009,Grader,0,0,1.0,1.0,1.0,0.75,1.0,0.5,-1.0,1,2024,10,4,43,0,0,0,0,0,0,0,0,0,0,1,1
2024-10-28,S009,Grader,0,0,0.0,1.0,1.0,0.5,1.0,0.5773502691896257,-1.0,2,2024,10,4,44,3,1,0,0,0,0,3,0,0,0,0,1
2024-11-04,S009,Grader,0,0,0.0,0.0,1.0,0.25,1.0,0.5,-1.0,3,2024,11,4,45,3,1,0,0,0,0,3,0,0,0,0,0
2024-11-11,S009,Grader,0,0,0.0,0.0,1.0,0.0,0.0,0.0,-1.0,4,2024,11,4,46,3,2,0,1,0,0,2,0,0,0,0,0
2024-11-18,S009,Grader,0,0,0.0,0.0,0.0,0.0,0.0,0.0,0.0,5,2024,11,4,47,2,2,0,1,0,0,1,0,0,0,0,0
2024-11-25,S009,Grader,0,0,0.0,0.0,0.0,0.0,0.0,0.0,0.0,6,2024,11,4,48,1,1,1,0,0,0,0,0,0,0,0,0
2024-12-02,S009,Grader,0,0,0.0,0.0,0.0,0.0,0.0,0.0,0.0,7,2024,12,4,49,1,1,1,0,0,0,0,0,0,0,0,0
2024-12-09,S009,Grader,0,0,0.0,0.0,0.0,0.0,0.0,0.0,0.0,8,2024,12,4,50,0,0,0,0,0,0,0,0,0,0,0,0
2024-12-16,S009,Grader,0,0,0.0,0.0,0.0,0.0,0.0,0.0,0.0,9,2024,12,4,51,1,1,0,0,0,1,0,0,0,0,0,0
2024-12-23,S009,Grader,0,0,0.0,0.0,0.0,0.0,0.0,0.0,0.0,10,2024,12,4,52,2,2,1,0,0,1,0,0,0,0,0,0
2024-12-30,S009,Grader,0,0,0.0,0.0,0.0,0.0,0.0,0.0,0.0,11,2024,12,4,1,3,3,1,0,0,1,1,0,0,0,0,0
2025-01-06,S009,Grader,0,1,0.0,0.0,0.0,0.0,0.0,0.0,0.0,12,2025,1,1,2,3,2,1,0,0,0,2,0,0,0,0,0
2025-01-13,S009,Grader,1,1,0.0,0.0,0.0,0.25,1.0,0.5,1.0,0,2025,1,1,3,6,4,2,0,1,0,2,1,1,0,0,0
2025-01-20,S009,Grader,1,1,1.0,0.0,0.0,0.5,1.0,0.5773502691896257,1.0,0,2025,1,1,4,7,5,2,0,1,1,2,1,0,0,1,0
2025-01-27,S009,Grader,1,1,1.0,1.0,0.0,0.75,1.0,0.5,1.0,0,2025,1,1,5,10,6,2,2,1,1,2,2,0,1,1,0
2025-02-03,S009,Grader,1,1,1.0,1.0,0.0,1.0,1.0,0.0,1.0,0,2025,2,1,6,9,5,1,2,1,0,3,2,1,0,0,1
2025-02-10,S009,Grader,1,1,1.0,1.0,1.0,1.0,1.0,0.0,0.0,0,2025,2,1,7,9,4,4,1,1,0,3,0,0,0,1,1
2025-02-17,S009,Grader,1,0,1.0,1.0,1.0,1.0,1.0,0.0,0.0,0,2025,2,1,8,9,5,4,2,1,1,1,0,0,1,1,0
2025-02-24,S009,Grader,0,1,1.0,1.0,1.0,0.75,1.0,0.5,-1.0,1,2025,2,1,9,5,3,2,2,0,1,0,0,0,0,0,1
2025-03-03,S009,Grader,1,1,0.0,1.0,1.0,0.75,1.0,0.5,0.0,0,2025,3,1,10,6,3,4,1,1,0,0,0,1,0,0,1
2025-03-10,S009,Grader,1,1,1.0,0.0,1.0,0.75,1.0,0.5,0.0,0,2025,3,1,11,7,3,4,0,1,0,0,2,0,0,1,0
2025-03-17,S009,Grader,1,1,1.0,1.0,1.0,0.75,1.0,0.5,0.0,0,2025,3,1,12,5,3,2,0,1,0,0,2,0,0,1,0
2025-03-24,S009,Grader,1,1,1.0,1.0,0.0,1.0,1.0,0.0,1.0,0,2025,3,1,13,4,3,2,0,1,0,0,1,0,0,0,0
2025-03-31,S009,Grader,1,0,1.0,1.0,1.0,1.0,1.0,0.0,0.0,0,2025,3,1,14,2,2,0,0,1,0,0,1,0,1,0,0
2025-04-07,S009,Grader,0,0,1.0,1.0,1.0,0.75,1.0,0.5,-1.0,1,2025,4,2,15,2,2,0,1,0,0,0,1,0,0,0,1
2025-04-14,S009,Grader,0,0,0.0,1.0,1.0,0.5,1.0,0.5773502691896257,-1.0,2,2025,4,2,16,3,3,0,1,0,1,0,1,0,0,0,1
2025-04-21,S009,Grader,0,0,0.0,0.0,1.0,0.25,1.0,0.5,-1.0,3,2025,4,2,17,2,2,0,0,0,1,1,0,0,0,0,0
2025-04-28,S009,Grader,0,0,0.0,0.0,1.0,0.0,0.0,0.0,-1.0,4,2025,4,2,18,1,1,0,0,0,0,1,0,0,0,0,0
2025-05-05,S009,Grader,0,0,0.0,0.0,0.0,0.0,0.0,0.0,0.0,5,2025,5,2,19,1,1,0,0,0,0,1,0,0,0,0,0
2025-05-12,S009,Grader,0,0,0.0,0.0,0.0,0.0,0.0,0.0,0.0,6,2025,5,2,20,0,0,0,0,0,0,0,0,0,0,0,0
2025-05-19,S009,Grader,0,0,0.0,0.0,0.0,0.0,0.0,0.0,0.0,7,2025,5,2,21,1,1,0,0,0,1,0,0,0,0,0,0
2025-05-26,S009,Grader,0,0,0.0,0.0,0.0,0.0,0.0,0.0,0.0,8,2025,5,2,22,2,2,0,1,0,1,0,0,0,0,0,0
2025-06-02,S009,Grader,0,0,0.0,0.0,0.0,0.0,0.0,0.0,0.0,9,2025,6,2,23,2,1,0,2,0,0,0,0,0,0,0,0
2025-06-09,S009,Grader,0,1,0.0,0.0,0.0,0.0,0.0,0.0,0.0,10,2025,6,2,24,3,2,0,2,0,0,1,0,0,0,0,0
2025-06-16,S009,Grader,1,1,0.0,0.0,0.0,0.25,1.0,0.5,1.0,0,2025,6,2,25,2,2,0,0,1,0,1,0,1,0,0,0
2025-06-23,S009,Grader,1,3,1.0,0.0,0.0,0.5,1.0,0.5773502691896257,1.0,0,2025,6,2,26,2,2,0,0,1,0,1,0,0,1,1,0
2025-06-30,S009,Grader,3,3,1.0,1.0,0.0,1.25,3.0,1.2583057392117918,3.0,0,2025,6,2,27,4,2,1,0,3,0,0,0,3,0,1,1
2025-07-07,S009,Grader,3,3,3.0,1.0,0.0,2.0,3.0,1.1547005383792517,3.0,0,2025,7,3,28,5,3,1,0,3,0,0,1,0,0,3,1
2025-07-14,S009,Grader,3,2,3.0,3.0,1.0,2.5,3.0,1.0,2.0,0,2025,7,3,29,6,4,1,1,3,0,0,1,0,2,3,0
2025-07-21,S009,Grader,2,2,3.0,3.0,1.0,2.75,3.0,0.5,1.0,0,2025,7,3,30,5,4,1,1,2,0,0,1,1,0,0,2
2025-07-28,S009,Grader,2,2,2.0,3.0,3.0,2.5,3.0,0.5773502691896257,-1.0,0,2025,7,3,31,5,4,0,1,2,0,1,1,0,0,1,2
2025-08-04,S009,Grader,2,0,2.0,2.0,3.0,2.25,3.0,0.5,-1.0,0,2025,8,3,32,7,5,2,1,2,0,1,1,0,2,1,0
2025-08-11,S009,Grader,0,0,2.0,2.0,3.0,1.5,2.0,1.0,-3.0,1,2025,8,3,33,8,4,2,4,0,0,1,1,0,0,0,2
2025-08-18,S009,Grader,0,1,0.0,2.0,2.0,1.0,2.0,1.1547005383792515,-2.0,2,2025,8,3,34,7,3,2,4,0,0,1,0,0,0,0,2
2025-08-25,S009,Grader,1,1,0.0,0.0,2.0,0.75,2.0,0.9574271077563382,-1.0,0,2025,8,3,35,3,3,1,1,1,0,0,0,1,0,0,0
2025-09-01,S009,Grader,1,0,1.0,0.0,2.0,0.5,1.0,0.5773502691896258,-1.0,0,2025,9,3,36,8,5,2,1,1,0,2,2,0,1,1,0
2025-09-08,S009,Grader,0,0,1.0,1.0,0.0,0.5,1.0,0.5773502691896258,0.0,1,2025,9,3,37,7,4,2,1,0,0,2,2,0,0,1,1
2025-09-15,S009,Grader,0,0,0.0,1.0,0.0,0.5,1.0,0.5773502691896258,0.0,2,2025,9,3,38,4,3,2,0,0,1,1,0,0,0,0,1
2025-09-22,S009,Grader,0,0,0.0,0.0,1.0,0.25,1.0,0.5000000000000001,-1.0,3,2025,9,3,39,2,2,0,1,0,1,0,0,0,0,0,0
2025-09-29,S009,Grader,0,0,0.0,0.0,1.0,0.0,0.0,0.0,-1.0,4,2025,9,3,40,1,1,0,1,0,0,0,0,0,0,0,0
2025-10-06,S009,Grader,0,0,0.0,0.0,0.0,0.0,0.0,0.0,0.0,5,2025,10,4,41,3,3,0,1,0,1,0,1,0,0,0,0
2025-10-13,S009,Grader,0,0,0.0,0.0,0.0,0.0,0.0,0.0,0.0,6,2025,10,4,42,3,3,0,1,0,1,0,1,0,0,0,0
2025-10-20,S009,Grader,0,0,0.0,0.0,0.0,0.0,0.0,0.0,0.0,7,2025,10,4,43,4,4,1,1,0,1,1,0,0,0,0,0
2025-10-27,S009,Grader,0,0,0.0,0.0,0.0,0.0,0.0,0.0,0.0,8,2025,10,4,44,3,3,1,0,0,1,1,0,0,0,0,0
2025-11-03,S009,Grader,0,0,0.0,0.0,0.0,0.0,0.0,0.0,0.0,9,2025,11,4,45,1,1,1,0,0,0,0,0,0,0,0,0
2025-11-10,S009,Grader,0,0,0.0,0.0,0.0,0.0,0.0,0.0,0.0,10,2025,11,4,46,2,2,1,0,0,0,1,0,0,0,0,0
2025-11-17,S009,Grader,0,1,0.0,0.0,0.0,0.0,0.0,0.0,0.0,11,2025,11,4,47,2,2,1,0,0,0,1,0,0,0,0,0
2025-11-24,S009,Grader,1,1,0.0,0.0,0.0,0.25,1.0,0.5,1.0,0,2025,11,4,48,2,2,0,1,1,0,0,0,1,0,0,0
2025-12-01,S009,Grader,1,2,1.0,0.0,0.0,0.5,1.0,0.5773502691896257,1.0,0,2025,12,4,49,2,2,0,1,1,0,0,0,0,1,1,0
2025-12-08,S009,Grader,2,2,1.0,1.0,0.0,1.0,2.0,0.816496580927726,2.0,0,2025,12,4,50,4,3,0,1,2,0,0,1,2,0,1,1
2025-12-15,S009,Grader,2,1,2.0,1.0,0.0,1.5,2.0,0.5773502691896257,2.0,0,2025,12,4,51,6,5,1,1,2,0,1,1,0,1,2,1
2024-01-01,S009,Loader,0,0,0.0,0.0,0.0,0.0,0.0,0.0,0.0,1,2024,1,1,1,1,1,0,1,0,0,0,0,0,0,0,0
2024-01-08,S009,Loader,0,2,0.0,0.0,0.0,0.0,0.0,0.0,0.0,2,2024,1,1,2,2,2,1,1,0,0,0,0,0,0,0,0
2024-01-15,S009,Loader,2,3,0.0,0.0,0.0,0.0,0.0,0.0,0.0,0,2024,1,1,3,4,2,2,0,0,0,2,0,2,0,0,0
2024-01-22,S009,Loader,3,3,2.0,0.0,0.0,1.25,3.0,1.5000000000000002,0.0,0,2024,1,1,4,8,5,2,1,1,0,3,1,1,0,2,0
2024-01-29,S009,Loader,3,1,3.0,2.0,0.0,2.0,3.0,1.4142135623730951,3.0,0,2024,1,1,5,9,5,2,2,1,0,3,1,0,2,3,0
2024-02-05,S009,Loader,1,0,3.0,3.0,0.0,2.25,3.0,0.9574271077563382,1.0,0,2024,2,1,6,7,5,2,2,1,0,1,1,0,1,1,2
2024-02-12,S009,Loader,0,1,1.0,3.0,2.0,1.75,3.0,1.5000000000000002,-2.0,1,2024,2,1,7,5,4,2,1,1,0,0,1,0,0,0,3
2024-02-19,S009,Loader,1,1,0.0,1.0,3.0,1.25,3.0,1.2583057392117918,-2.0,0,2024,2,1,8,7,6,1,2,1,1,1,1,1,0,0,1
2024-02-26,S009,Loader,1,0,1.0,0.0,3.0,0.75,1.0,0.5000000000000001,-2.0,0,2024,2,1,9,7,4,0,2,0,3,1,1,0,1,1,0
2024-03-04,S009,Loader,0,2,1.0,1.0,1.0,0.5,1.0,0.5773502691896258,-1.0,1,2024,3,1,10,7,4,0,2,1,3,0,1,0,0,1,1
2024-03-11,S009,Loader,2,2,0.0,1.0,0.0,1.0,2.0,0.8164965809277261,2.0,0,2024,3,1,11,4,3,0,0,1,0,2,1,2,0,0,1
2024-03-18,S009,Loader,2,2,2.0,0.0,1.0,1.25,2.0,0.9574271077563382,1.0,0,2024,3,1,12,4,3,0,0,1,0,2,1,0,0,2,0
2024-03-25,S009,Loader,2,1,2.0,2.0,1.0,1.5,2.0,1.0,1.0,0,2024,3,1,13,3,2,0,0,0,0,2,1,0,1,2,0
2024-04-01,S009,Loader,1,0,2.0,2.0,0.0,1.75,2.0,0.5,1.0,0,2024,4,2,14,1,1,0,0,0,0,1,0,0,1,0,1
2024-04-08,S009,Loader,0,1,1.0,2.0,2.0,1.25,2.0,0.9574271077563381,-2.0,1,2024,4,2,15,1,1,0,1,0,0,0,0,0,0,0,2
2024-04-15,S009,Loader,1,1,0.0,1.0,2.0,1.0,2.0,0.816496580927726,-1.0,0,2024,4,2,16,5,5,1,1,1,0,1,1,1,0,0,1
2024-04-22,S009,Loader,1,1,1.0,0.0,2.0,0.75,1.0,0.5,-1.0,0,2024,4,2,17,6,6,1,1,1,1,1,1,0,0,1,0
2024-04-29,S009,Loader,1,2,1.0,1.0,1.0,0.75,1.0,0.5,0.0,0,2024,4,2,18,6,6,1,1,1,1,1,1,0,0,1,0
2024-05-06,S009,Loader,2,2,1.0,1.0,0.0,1.25,2.0,0.5,2.0,0,2024,5,2,19,9,6,2,1,2,1,2,1,1,0,0,0
2024-05-13,S009,Loader,2,3,2.0,1.0,1.0,1.5,2.0,0.5773502691896257,1.0,0,2024,5,2,20,11,6,3,2,2,1,2,1,0,0,1,0
2024-05-20,S009,Loader,3,3,2.0,2.0,1.0,2.0,3.0,0.816496580927726,2.0,0,2024,5,2,21,12,5,4,2,2,0,3,1,1,0,1,0
2024-05-27,S009,Loader,3,2,3.0,2.0,1.0,2.5,3.0,0.5773502691896257,2.0,0,2024,5,2,22,12,5,4,2,2,0,3,1,0,1,1,0
2024-06-03,S009,Loader,2,1,3.0,3.0,2.0,2.5,3.0,0.5773502691896257,0.0,0,2024,6,2,23,11,5,5,2,1,0,2,1,0,1,1,1
2024-06-10,S009,Loader,1,1,2.0,3.0,2.0,2.25,3.0,0.957427107756338,-1.0,0,2024,6,2,24,12,6,5,2,2,1,1,1,0,0,0,2
2024-06-17,S009,Loader,1,1,1.0,2.0,3.0,1.75,3.0,0.957427107756338,-2.0,0,2024,6,2,25,10,6,3,2,2,1,1,1,0,0,0,1
2024-06-24,S009,Loader,1,1,1.0,1.0,3.0,1.25,2.0,0.4999999999999998,-2.0,0,2024,6,2,26,8,5,3,2,1,0,1,1,0,1,0,0
2024-07-01,S009,Loader,1,1,1.0,1.0,2.0,1.0,1.0,0.0,-1.0,0,2024,7,3,27,6,5,2,1,1,0,1,1,1,0,0,1
2024-07-08,S009,Loader,1,0,1.0,1.0,1.0,1.0,1.0,0.0,0.0,0,2024,7,3,28,7,4,2,1,3,0,1,0,0,1,1,1
2024-07-15,S009,Loader,0,0,1.0,1.0,1.0,0.75,1.0,0.5,-1.0,1,2024,7,3,29,5,3,1,1,3,0,0,0,0,0,1,1
2024-07-22,S009,Loader,0,0,0.0,1.0,1.0,0.5,1.0,0.5773502691896257,-1.0,2,2024,7,3,30,5,4,2,1,1,1,0,0,0,0,0,1
2024-07-29,S009,Loader,0,0,0.0,0.0,1.0,0.25,1.0,0.5,-1.0,3,2024,7,3,31,3,2,2,0,0,1,0,0,0,0,0,0
2024-08-05,S009,Loader,0,1,0.0,0.0,1.0,0.0,0.0,0.0,-1.0,4,2024,8,3,32,6,2,2,4,0,0,0,0,0,0,0,0
2024-08-12,S009,Loader,1,1,0.0,0.0,0.0,0.25,1.0,0.5,1.0,0,2024,8,3,33,7,4,1,4,1,0,1,0,1,0,0,0
2024-08-19,S009,Loader,1,1,1.0,0.0,0.0,0.5,1.0,0.5773502691896257,1.0,0,2024,8,3,34,6,5,1,2,1,0,1,1,0,1,1,0
2024-08-26,S009,Loader,1,1,1.0,1.0,0.0,0.75,1.0,0.5,1.0,0,2024,8,3,35,4,4,0,1,1,0,1,1,1,0,1,1
2024-09-02,S009,Loader,1,2,1.0,1.0,0.0,1.0,1.0,0.0,1.0,0,2024,9,3,36,5,4,0,2,1,0,1,1,0,1,1,1
2024-09-09,S009,Loader,2,2,1.0,1.0,1.0,1.25,2.0,0.5,1.0,0,2024,9,3,37,6,3,0,3,0,0,2,1,2,0,1,1
2024-09-16,S009,Loader,2,1,2.0,1.0,1.0,1.5,2.0,0.5773502691896257,1.0,0,2024,9,3,38,6,3,0,3,0,0,2,1,0,1,2,1
2024-09-23,S009,Loader,1,1,2.0,2.0,1.0,1.5,2.0,0.5773502691896257,0.0,0,2024,9,3,39,4,4,0,1,1,0,1,1,0,0,2,1
2024-09-30,S009,Loader,1,0,1.0,2.0,1.0,1.5,2.0,0.5773502691896257,0.0,0,2024,9,3,40,4,4,0,1,1,0,1,1,0,1,0,1
2024-10-07,S009,Loader,0,0,1.0,1.0,2.0,1.0,2.0,0.816496580927726,-2.0,1,2024,10,4,41,2,2,0,0,1,0,0,1,0,0,0,1
2024-10-14,S009,Loader,0,0,0.0,1.0,2.0,0.5,1.0,0.5773502691896257,-2.0,2,2024,10,4,42,1,1,0,0,1,0,0,0,0,0,0,1
2024-10-21,S009,Loader,0,3,0.0,0.0,1.0,0.25,1.0,0.5,-1.0,3,2024,10,4,43,0,0,0,0,0,0,0,0,0,0,0,0
2024-10-28,S009,Loader,3,3,0.0,0.0,1.0,0.75,3.0,1.5,2.0,0,2024,10,4,44,3,1,0,0,0,0,3,0,3,0,0,0
2024-11-04,S009,Loader,3,2,3.0,0.0,0.0,1.5,3.0,1.7320508075688772,3.0,0,2024,11,4,45,3,1,0,0,0,0,3,0,0,1,3,0
2024-11-11,S009,Loader,2,1,3.0,3.0,0.0,2.0,3.0,1.4142135623730951,2.0,0,2024,11,4,46,3,2,0,1,0,0,2,0,0,1,3,1
2024-11-18,S009,Loader,1,0,2.0,3.0,0.0,2.25,3.0,0.9574271077563381,1.0,0,2024,11,4,47,2,2,0,1,0,0,1,0,0,1,0,2
2024-11-25,S009,Loader,0,0,1.0,2.0,3.0,1.5,3.0,1.2909944487358056,-3.0,1,2024,11,4,48,1,1,1,0,0,0,0,0,0,0,0,2
2024-12-02,S009,Loader,0,0,0.0,1.0,3.0,0.75,2.0,0.9574271077563381,-3.0,2,2024,12,4,49,1,1,1,0,0,0,0,0,0,0,0,1
2024-12-09,S009,Loader,0,0,0.0,0.0,2.0,0.25,1.0,0.49999999999999994,-2.0,3,2024,12,4,50,0,0,0,0,0,0,0,0,0,0,0,0
2024-12-16,S009,Loader,0,0,0.0,0.0,1.0,0.0,0.0,0.0,-1.0,4,2024,12,4,51,1,1,0,0,0,1,0,0,0,0,0,0
2024-12-23,S009,Loader,0,1,0.0,0.0,0.0,0.0,0.0,0.0,0.0,5,2024,12,4,52,2,2,1,0,0,1,0,0,0,0,0,0
2024-12-30,S009,Loader,1,2,0.0,0.0,0.0,0.25,1.0,0.5,1.0,0,2024,12,4,1,3,3,1,0,0,1,1,0,1,0,0,0
2025-01-06,S009,Loader,2,2,1.0,0.0,0.0,0.75,2.0,0.9574271077563381,2.0,0,2025,1,1,2,3,2,1,0,0,0,2,0,1,0,1,0
2025-01-13,S009,Loader,2,2,2.0,1.0,0.0,1.25,2.0,0.9574271077563381,2.0,0,2025,1,1,3,6,4,2,0,1,0,2,1,0,1,2,0
2025-01-20,S009,Loader,2,2,2.0,2.0,0.0,1.75,2.0,0.4999999999999999,2.0,0,2025,1,1,4,7,5,2,0,1,1,2,1,1,0,1,1
2025-01-27,S009,Loader,2,3,2.0,2.0,1.0,2.0,2.0,0.0,1.0,0,2025,1,1,5,10,6,2,2,1,1,2,2,0,0,1,1
2025-02-03,S009,Loader,3,3,2.0,2.0,2.0,2.25,3.0,0.5,1.0,0,2025,2,1,6,9,5,1,2,1,0,3,2,1,0,1,0
2025-02-10,S009,Loader,3,1,3.0,2.0,2.0,2.5,3.0,0.5773502691896257,1.0,0,2025,2,1,7,9,4,4,1,1,0,3,0,0,2,1,0
2025-02-17,S009,Loader,1,0,3.0,3.0,2.0,2.25,3.0,0.957427107756338,-1.0,0,2025,2,1,8,9,5,4,2,1,1,1,0,0,1,1,2
2025-02-24,S009,Loader,0,0,1.0,3.0,2.0,1.75,3.0,1.5,-2.0,1,2025,2,1,9,5,3,2,2,0,1,0,0,0,0,0,3
2025-03-03,S009,Loader,0,0,0.0,1.0,3.0,1.0,3.0,1.414213562373095,-3.0,2,2025,3,1,10,6,3,4,1,1,0,0,0,0,0,0,1
2025-03-10,S009,Loader,0,0,0.0,0.0,3.0,0.25,1.0,0.4999999999999998,-3.0,3,2025,3,1,11,7,3,4,0,1,0,0,2,0,0,0,0
2025-03-17,S009,Loader,0,0,0.0,0.0,1.0,0.0,0.0,0.0,-1.0,4,2025,3,1,12,5,3,2,0,1,0,0,2,0,0,0,0
2025-03-24,S009,Loader,0,0,0.0,0.0,0.0,0.0,0.0,0.0,0.0,5,2025,3,1,13,4,3,2,0,1,0,0,1,0,0,0,0
2025-03-31,S009,Loader,0,0,0.0,0.0,0.0,0.0,0.0,0.0,0.0,6,2025,3,1,14,2,2,0,0,1,0,0,1,0,0,0,0
2025-04-07,S009,Loader,0,0,0.0,0.0,0.0,0.0,0.0,0.0,0.0,7,2025,4,2,15,2,2,0,1,0,0,0,1,0,0,0,0
2025-04-14,S009,Loader,0,1,0.0,0.0,0.0,0.0,0.0,0.0,0.0,8,2025,4,2,16,3,3,0,1,0,1,0,1,0,0,0,0
2025-04-21,S009,Loader,1,1,0.0,0.0,0.0,0.25,1.0,0.5,1.0,0,2025,4,2,17,2,2,0,0,0,1,1,0,1,0,0,0
2025-04-28,S009,Loader,1,1,1.0,0.0,0.0,0.5,1.0,0.5773502691896257,1.0,0,2025,4,2,18,1,1,0,0,0,0,1,0,0,0,1,0
2025-05-05,S009,Loader,1,0,1.0,1.0,0.0,0.75,1.0,0.5,1.0,0,2025,5,2,19,1,1,0,0,0,0,1,0,0,1,1,0
2025-05-12,S009,Loader,0,0,1.0,1.0,0.0,0.75,1.0,0.5,0.0,1,2025,5,2,20,0,0,0,0,0,0,0,0,0,0,0,1
2025-05-19,S009,Loader,0,0,0.0,1.0,1.0,0.5,1.0,0.5773502691896257,-1.0,2,2025,5,2,21,1,1,0,0,0,1,0,0,0,0,0,1
2025-05-26,S009,Loader,0,0,0.0,0.0,1.0,0.25,1.0,0.5,-1.0,3,2025,5,2,22,2,2,0,1,0,1,0,0,0,0,0,0
2025-06-02,S009,Loader,0,1,0.0,0.0,1.0,0.0,0.0,0.0,-1.0,4,2025,6,2,23,2,1,0,2,0,0,0,0,0,0,0,0
2025-06-09,S009,Loader,1,1,0.0,0.0,0.0,0.25,1.0,0.5,1.0,0,2025,6,2,24,3,2,0,2,0,0,1,0,1,0,0,0
2025-06-16,S009,Loader,1,1,1.0,0.0,0.0,0.5,1.0,0.5773502691896257,1.0,0,2025,6,2,25,2,2,0,0,1,0,1,0,0,0,1,0
2025-06-23,S009,Loader,1,0,1.0,1.0,0.0,0.75,1.0,0.5,1.0,0,2025,6,2,26,2,2,0,0,1,0,1,0,0,1,1,0
2025-06-30,S009,Loader,0,0,1.0,1.0,0.0,0.75,1.0,0.5,0.0,1,2025,6,2,27,4,2,1,0,3,0,0,0,0,0,0,1
2025-07-07,S009,Loader,0,0,0.0,1.0,1.0,0.5,1.0,0.5773502691896257,-1.0,2,2025,7,3,28,5,3,1,0,3,0,0,1,0,0,0,1
2025-07-14,S009,Loader,0,0,0.0,0.0,1.0,0.25,1.0,0.5,-1.0,3,2025,7,3,29,6,4,1,1,3,0,0,1,0,0,0,0
2025-07-21,S009,Loader,0,1,0.0,0.0,1.0,0.0,0.0,0.0,-1.0,4,2025,7,3,30,5,4,1,1,2,0,0,1,0,0,0,0
2025-07-28,S009,Loader,1,1,0.0,0.0,0.0,0.25,1.0,0.5,1.0,0,2025,7,3,31,5,4,0,1,2,0,1,1,1,0,0,0
2025-08-04,S009,Loader,1,1,1.0,0.0,0.0,0.5,1.0,0.5773502691896257,1.0,0,2025,8,3,32,7,5,2,1,2,0,1,1,0,0,1,0
2025-08-11,S009,Loader,1,1,1.0,1.0,0.0,0.75,1.0,0.5,1.0,0,2025,8,3,33,8,4,2,4,0,0,1,1,0,0,1,0
2025-08-18,S009,Loader,1,0,1.0,1.0,0.0,1.0,1.0,0.0,1.0,0,2025,8,3,34,7,3,2,4,0,0,1,0,0,1,0,0
2025-08-25,S009,Loader,0,2,1.0,1.0,1.0,0.75,1.0,0.5,-1.0,1,2025,8,3,35,3,3,1,1,1,0,0,0,0,0,0,1
2025-09-01,S009,Loader,2,2,0.0,1.0,1.0,1.0,2.0,0.816496580927726,1.0,0,2025,9,3,36,8,5,2,1,1,0,2,2,2,0,0,1
2025-09-08,S009,Loader,2,1,2.0,0.0,1.0,1.25,2.0,0.9574271077563381,1.0,0,2025,9,3,37,7,4,2,1,0,0,2,2,0,1,2,0
2025-09-15,S009,Loader,1,0,2.0,2.0,1.0,1.25,2.0,0.9574271077563381,0.0,0,2025,9,3,38,4,3,2,0,0,1,1,0,0,1,2,1
2025-09-22,S009,Loader,0,0,1.0,2.0,0.0,1.25,2.0,0.9574271077563381,0.0,1,2025,9,3,39,2,2,0,1,0,1,0,0,0,0,0,2
2025-09-29,S009,Loader,0,0,0.0,1.0,2.0,0.75,2.0,0.9574271077563381,-2.0,2,2025,9,3,40,1,1,0,1,0,0,0,0,0,0,0,1
2025-10-06,S009,Loader,0,0,0.0,0.0,2.0,0.25,1.0,0.49999999999999994,-2.0,3,2025,10,4,41,3,3,0,1,0,1,0,1,0,0,0,0
2025-10-13,S009,Loader,0,1,0.0,0.0,1.0,0.0,0.0,0.0,-1.0,4,2025,10,4,42,3,3,0,1,0,1,0,1,0,0,0,0
2025-10-20,S009,Loader,1,1,0.0,0.0,0.0,0.25,1.0,0.5,1.0,0,2025,10,4,43,4,4,1,1,0,1,1,0,1,0,0,0
2025-10-27,S009,Loader,1,0,1.0,0.0,0.0,0.5,1.0,0.5773502691896257,1.0,0,2025,10,4,44,3,3,1,0,0,1,1,0,0,1,1,0
2025-11-03,S009,Loader,0,1,1.0,1.0,0.0,0.5,1.0,0.5773502691896257,0.0,1,2025,11,4,45,1,1,1,0,0,0,0,0,0,0,1,1
2025-11-10,S009,Loader,1,1,0.0,1.0,0.0,0.75,1.0,0.5,1.0,0,2025,11,4,46,2,2,1,0,0,0,1,0,1,0,0,1
2025-11-17,S009,Loader,1,0,1.0,0.0,1.0,0.75,1.0,0.5,0.0,0,2025,11,4,47,2,2,1,0,0,0,1,0,0,1,1,0
2025-11-24,S009,Loader,0,0,1.0,1.0,1.0,0.5,1.0,0.5773502691896257,-1.0,1,2025,11,4,48,2,2,0,1,1,0,0,0,0,0,1,1
2025-12-01,S009,Loader,0,0,0.0,1.0,0.0,0.5,1.0,0.5773502691896257,0.0,2,2025,12,4,49,2,2,0,1,1,0,0,0,0,0,0,1
2025-12-08,S009,Loader,0,1,0.0,0.0,1.0,0.25,1.0,0.5,-1.0,3,2025,12,4,50,4,3,0,1,2,0,0,1,0,0,0,0
2025-12-15,S009,Loader,1,1,0.0,0.0,1.0,0.25,1.0,0.5,0.0,0,2025,12,4,51,6,5,1,1,2,0,1,1,1,0,0,0
2024-01-01,S009,Roller,0,0,0.0,0.0,0.0,0.0,0.0,0.0,0.0,1,2024,1,1,1,1,1,0,1,0,0,0,0,0,0,0,0
2024-01-08,S009,Roller,0,0,0.0,0.0,0.0,0.0,0.0,0.0,0.0,2,2024,1,1,2,2,2,1,1,0,0,0,0,0,0,0,0
2024-01-15,S009,Roller,0,1,0.0,0.0,0.0,0.0,0.0,0.0,0.0,3,2024,1,1,3,4,2,2,0,0,0,2,0,0,0,0,0
2024-01-22,S009,Roller,1,1,0.0,0.0,0.0,0.25,1.0,0.5,0.0,0,2024,1,1,4,8,5,2,1,1,0,3,1,1,0,0,0
2024-01-29,S009,Roller,1,1,1.0,0.0,0.0,0.5,1.0,0.5773502691896257,1.0,0,2024,1,1,5,9,5,2,2,1,0,3,1,0,0,1,0
2024-02-05,S009,Roller,1,1,1.0,1.0,0.0,0.75,1.0,0.5,1.0,0,2024,2,1,6,7,5,2,2,1,0,1,1,0,0,1,0
2024-02-12,S009,Roller,1,1,1.0,1.0,0.0,1.0,1.0,0.0,1.0,0,2024,2,1,7,5,4,2,1,1,0,0,1,0,1,0,0
2024-02-19,S009,Roller,1,1,1.0,1.0,1.0,1.0,1.0,0.0,0.0,0,2024,2,1,8,7,6,1,2,1,1,1,1,1,0,0,1
2024-02-26,S009,Roller,1,1,1.0,1.0,1.0,1.0,1.0,0.0,0.0,0,2024,2,1,9,7,4,0,2,0,3,1,1,0,1,1,1
2024-03-04,S009,Roller,1,1,1.0,1.0,1.0,1.0,1.0,0.0,0.0,0,2024,3,1,10,7,4,0,2,1,3,0,1,1,0,1,1
2024-03-11,S009,Roller,1,1,1.0,1.0,1.0,1.0,1.0,0.0,0.0,0,2024,3,1,11,4,3,0,0,1,0,2,1,0,0,1,1
2024-03-18,S009,Roller,1,1,1.0,1.0,1.0,1.0,1.0,0.0,0.0,0,2024,3,1,12,4,3,0,0,1,0,2,1,0,0,1,0
2024-03-25,S009,Roller,1,0,1.0,1.0,1.0,1.0,1.0,0.0,0.0,0,2024,3,1,13,3,2,0,0,0,0,2,1,0,1,0,0
2024-04-01,S009,Roller,0,0,1.0,1.0,1.0,0.75,1.0,0.5,-1.0,1,2024,4,2,14,1,1,0,0,0,0,1,0,0,0,0,1
2024-04-08,S009,Roller,0,1,0.0,1.0,1.0,0.5,1.0,0.5773502691896257,-1.0,2,2024,4,2,15,1,1,0,1,0,0,0,0,0,0,0,1
2024-04-15,S009,Roller,1,1,0.0,0.0,1.0,0.5,1.0,0.5773502691896257,0.0,0,2024,4,2,16,5,5,1,1,1,0,1,1,1,0,0,0
2024-04-22,S009,Roller,1,1,1.0,0.0,1.0,0.5,1.0,0.5773502691896257,0.0,0,2024,4,2,17,6,6,1,1,1,1,1,1,0,0,1,0
2024-04-29,S009,Roller,1,1,1.0,1.0,0.0,0.75,1.0,0.5,1.0,0,2024,4,2,18,6,6,1,1,1,1,1,1,0,0,1,0
2024-05-06,S009,Roller,1,1,1.0,1.0,0.0,1.0,1.0,0.0,1.0,0,2024,5,2,19,9,6,2,1,2,1,2,1,0,0,0,0
2024-05-13,S009,Roller,1,1,1.0,1.0,1.0,1.0,1.0,0.0,0.0,0,2024,5,2,20,11,6,3,2,2,1,2,1,0,0,0,0
2024-05-20,S009,Roller,1,1,1.0,1.0,1.0,1.0,1.0,0.0,0.0,0,2024,5,2,21,12,5,4,2,2,0,3,1,0,0,0,0
2024-05-27,S009,Roller,1,1,1.0,1.0,1.0,1.0,1.0,0.0,0.0,0,2024,5,2,22,12,5,4,2,2,0,3,1,0,1,0,0
2024-06-03,S009,Roller,1,1,1.0,1.0,1.0,1.0,1.0,0.0,0.0,0,2024,6,2,23,11,5,5,2,1,0,2,1,1,0,0,1
2024-06-10,S009,Roller,1,1,1.0,1.0,1.0,1.0,1.0,0.0,0.0,0,2024,6,2,24,12,6,5,2,2,1,1,1,0,0,1,1
2024-06-17,S009,Roller,1,1,1.0,1.0,1.0,1.0,1.0,0.0,0.0,0,2024,6,2,25,10,6,3,2,2,1,1,1,0,1,1,0
2024-06-24,S009,Roller,1,1,1.0,1.0,1.0,1.0,1.0,0.0,0.0,0,2024,6,2,26,8,5,3,2,1,0,1,1,1,0,0,1
2024-07-01,S009,Roller,1,0,1.0,1.0,1.0,1.0,1.0,0.0,0.0,0,2024,7,3,27,6,5,2,1,1,0,1,1,0,1,1,1
2024-07-08,S009,Roller,0,0,1.0,1.0,1.0,0.75,1.0,0.5,-1.0,1,2024,7,3,28,7,4,2,1,3,0,1,0,0,0,1,1
2024-07-15,S009,Roller,0,0,0.0,1.0,1.0,0.5,1.0,0.5773502691896257,-1.0,2,2024,7,3,29,5,3,1,1,3,0,0,0,0,0,0,1
2024-07-22,S009,Roller,0,0,0.0,0.0,1.0,0.25,1.0,0.5,-1.0,3,2024,7,3,30,5,4,2,1,1,1,0,0,0,0,0,0
2024-07-29,S009,Roller,0,0,0.0,0.0,1.0,0.0,0.0,0.0,-1.0,4,2024,7,3,31,3,2,2,0,0,1,0,0,0,0,0,0
2024-08-05,S009,Roller,0,0,0.0,0.0,0.0,0.0,0.0,0.0,0.0,5,2024,8,3,32,6,2,2,4,0,0,0,0,0,0,0,0
2024-08-12,S009,Roller,0,1,0.0,0.0,0.0,0.0,0.0,0.0,0.0,6,2024,8,3,33,7,4,1,4,1,0,1,0,0,0,0,0
2024-08-19,S009,Roller,1,1,0.0,0.0,0.0,0.25,1.0,0.5,1.0,0,2024,8,3,34,6,5,1,2,1,0,1,1,1,0,0,0
2024-08-26,S009,Roller,1,1,1.0,0.0,0.0,0.5,1.0,0.5773502691896257,1.0,0,2024,8,3,35,4,4,0,1,1,0,1,1,0,1,1,0
2024-09-02,S009,Roller,1,1,1.0,1.0,0.0,0.75,1.0,0.5,1.0,0,2024,9,3,36,5,4,0,2,1,0,1,1,1,0,1,1
2024-09-09,S009,Roller,1,1,1.0,1.0,0.0,1.0,1.0,0.0,1.0,0,2024,9,3,37,6,3,0,3,0,0,2,1,0,0,1,1
2024-09-16,S009,Roller,1,1,1.0,1.0,1.0,1.0,1.0,0.0,0.0,0,2024,9,3,38,6,3,0,3,0,0,2,1,0,0,1,0
2024-09-23,S009,Roller,1,1,1.0,1.0,1.0,1.0,1.0,0.0,0.0,0,2024,9,3,39,4,4,0,1,1,0,1,1,0,0,0,0
2024-09-30,S009,Roller,1,1,1.0,1.0,1.0,1.0,1.0,0.0,0.0,0,2024,9,3,40,4,4,0,1,1,0,1,1,0,0,0,0
2024-10-07,S009,Roller,1,0,1.0,1.0,1.0,1.0,1.0,0.0,0.0,0,2024,10,4,41,2,2,0,0,1,0,0,1,0,1,0,0
2024-10-14,S009,Roller,0,0,1.0,1.0,1.0,0.75,1.0,0.5,-1.0,1,2024,10,4,42,1,1,0,0,1,0,0,0,0,0,0,1
2024-10-21,S009,Roller,0,0,0.0,1.0,1.0,0.5,1.0,0.5773502691896257,-1.0,2,2024,10,4,43,0,0,0,0,0,0,0,0,0,0,0,1
2024-10-28,S009,Roller,0,0,0.0,0.0,1.0,0.25,1.0,0.5,-1.0,3,2024,10,4,44,3,1,0,0,0,0,3,0,0,0,0,0
2024-11-04,S009,Roller,0,0,0.0,0.0,1.0,0.0,0.0,0.0,-1.0,4,2024,11,4,45,3,1,0,0,0,0,3,0,0,0,0,0
2024-11-11,S009,Roller,0,0,0.0,0.0,0.0,0.0,0.0,0.0,0.0,5,2024,11,4,46,3,2,0,1,0,0,2,0,0,0,0,0
2024-11-18,S009,Roller,0,0,0.0,0.0,0.0,0.0,0.0,0.0,0.0,6,2024,11,4,47,2,2,0,1,0,0,1,0,0,0,0,0
2024-11-25,S009,Roller,0,0,0.0,0.0,0.0,0.0,0.0,0.0,0.0,7,2024,11,4,48,1,1,1,0,0,0,0,0,0,0,0,0
2024-12-02,S009,Roller,0,0,0.0,0.0,0.0,0.0,0.0,0.0,0.0,8,2024,12,4,49,1,1,1,0,0,0,0,0,0,0,0,0
2024-12-09,S009,Roller,0,0,0.0,0.0,0.0,0.0,0.0,0.0,0.0,9,2024,12,4,50,0,0,0,0,0,0,0,0,0,0,0,0
2024-12-16,S009,Roller,0,0,0.0,0.0,0.0,0.0,0.0,0.0,0.0,10,2024,12,4,51,1,1,0,0,0,1,0,0,0,0,0,0
2024-12-23,S009,Roller,0,0,0.0,0.0,0.0,0.0,0.0,0.0,0.0,11,2024,12,4,52,2,2,1,0,0,1,0,0,0,0,0,0
2024-12-30,S009,Roller,0,0,0.0,0.0,0.0,0.0,0.0,0.0,0.0,12,2024,12,4,1,3,3,1,0,0,1,1,0,0,0,0,0
2025-01-06,S009,Roller,0,1,0.0,0.0,0.0,0.0,0.0,0.0,0.0,13,2025,1,1,2,3,2,1,0,0,0,2,0,0,0,0,0
2025-01-13,S009,Roller,1,1,0.0,0.0,0.0,0.25,1.0,0.5,1.0,0,2025,1,1,3,6,4,2,0,1,0,2,1,1,0,0,0
2025-01-20,S009,Roller,1,2,1.0,0.0,0.0,0.5,1.0,0.5773502691896257,1.0,0,2025,1,1,4,7,5,2,0,1,1,2,1,0,1,1,0
2025-01-27,S009,Roller,2,2,1.0,1.0,0.0,1.0,2.0,0.816496580927726,2.0,0,2025,1,1,5,10,6,2,2,1,1,2,2,2,0,1,1
2025-02-03,S009,Roller,2,0,2.0,1.0,0.0,1.5,2.0,0.5773502691896257,2.0,0,2025,2,1,6,9,5,1,2,1,0,3,2,0,2,2,1
2025-02-10,S009,Roller,0,0,2.0,2.0,1.0,1.25,2.0,0.9574271077563381,-1.0,1,2025,2,1,7,9,4,4,1,1,0,3,0,0,0,2,2
2025-02-17,S009,Roller,0,0,0.0,2.0,1.0,1.0,2.0,1.1547005383792515,-1.0,2,2025,2,1,8,9,5,4,2,1,1,1,0,0,0,0,2
2025-02-24,S009,Roller,0,0,0.0,0.0,2.0,0.5,2.0,1.0,-2.0,3,2025,2,1,9,5,3,2,2,0,1,0,0,0,0,0,0
2025-03-03,S009,Roller,0,2,0.0,0.0,2.0,0.0,0.0,0.0,-2.0,4,2025,3,1,10,6,3,4,1,1,0,0,0,0,0,0,0
2025-03-10,S009,Roller,2,2,0.0,0.0,0.0,0.5,2.0,1.0,2.0,0,2025,3,1,11,7,3,4,0,1,0,0,2,2,0,0,0
2025-03-17,S009,Roller,2,1,2.0,0.0,0.0,1.0,2.0,1.1547005383792515,2.0,0,2025,3,1,12,5,3,2,0,1,0,0,2,0,1,2,0
2025-03-24,S009,Roller,1,1,2.0,2.0,0.0,1.25,2.0,0.9574271077563382,1.0,0,2025,3,1,13,4,3,2,0,1,0,0,1,0,0,2,1
2025-03-31,S009,Roller,1,1,1.0,2.0,0.0,1.5,2.0,0.5773502691896258,1.0,0,2025,3,1,14,2,2,0,0,1,0,0,1,0,1,0,1
2025-04-07,S009,Roller,1,1,1.0,1.0,2.0,1.25,2.0,0.5000000000000001,-1.0,0,2025,4,2,15,2,2,0,1,0,0,0,1,1,0,0,1
2025-04-14,S009,Roller,1,0,1.0,1.0,2.0,1.0,1.0,0.0,-1.0,0,2025,4,2,16,3,3,0,1,0,1,0,1,0,1,1,1
2025-04-21,S009,Roller,0,0,1.0,1.0,1.0,0.75,1.0,0.5,-1.0,1,2025,4,2,17,2,2,0,0,0,1,1,0,0,0,1,1
2025-04-28,S009,Roller,0,0,0.0,1.0,1.0,0.5,1.0,0.5773502691896257,-1.0,2,2025,4,2,18,1,1,0,0,0,0,1,0,0,0,0,1
2025-05-05,S009,Roller,0,0,0.0,0.0,1.0,0.25,1.0,0.5,-1.0,3,2025,5,2,19,1,1,0,0,0,0,1,0,0,0,0,0
2025-05-12,S009,Roller,0,0,0.0,0.0,1.0,0.0,0.0,0.0,-1.0,4,2025,5,2,20,0,0,0,0,0,0,0,0,0,0,0,0
2025-05-19,S009,Roller,0,0,0.0,0.0,0.0,0.0,0.0,0.0,0.0,5,2025,5,2,21,1,1,0,0,0,1,0,0,0,0,0,0
2025-05-26,S009,Roller,0,0,0.0,0.0,0.0,0.0,0.0,0.0,0.0,6,2025,5,2,22,2,2,0,1,0,1,0,0,0,0,0,0
2025-06-02,S009,Roller,0,0,0.0,0.0,0.0,0.0,0.0,0.0,0.0,7,2025,6,2,23,2,1,0,2,0,0,0,0,0,0,0,0
2025-06-09,S009,Roller,0,0,0.0,0.0,0.0,0.0,0.0,0.0,0.0,8,2025,6,2,24,3,2,0,2,0,0,1,0,0,0,0,0
2025-06-16,S009,Roller,0,0,0.0,0.0,0.0,0.0,0.0,0.0,0.0,9,2025,6,2,25,2,2,0,0,1,0,1,0,0,0,0,0
2025-06-23,S009,Roller,0,0,0.0,0.0,0.0,0.0,0.0,0.0,0.0,10,2025,6,2,26,2,2,0,0,1,0,1,0,0,0,0,0
2025-06-30,S009,Roller,0,1,0.0,0.0,0.0,0.0,0.0,0.0,0.0,11,2025,6,2,27,4,2,1,0,3,0,0,0,0,0,0,0
2025-07-07,S009,Roller,1,1,0.0,0.0,0.0,0.25,1.0,0.5,1.0,0,2025,7,3,28,5,3,1,0,3,0,0,1,1,0,0,0
2025-07-14,S009,Roller,1,1,1.0,0.0,0.0,0.5,1.0,0.5773502691896257,1.0,0,2025,7,3,29,6,4,1,1,3,0,0,1,0,0,1,0
2025-07-21,S009,Roller,1,1,1.0,1.0,0.0,0.75,1.0,0.5,1.0,0,2025,7,3,30,5,4,1,1,2,0,0,1,0,0,1,0
2025-07-28,S009,Roller,1,1,1.0,1.0,0.0,1.0,1.0,0.0,1.0,0,2025,7,3,31,5,4,0,1,2,0,1,1,0,0,0,0
2025-08-04,S009,Roller,1,1,1.0,1.0,1.0,1.0,1.0,0.0,0.0,0,2025,8,3,32,7,5,2,1,2,0,1,1,0,0,0,0
2025-08-11,S009,Roller,1,0,1.0,1.0,1.0,1.0,1.0,0.0,0.0,0,2025,8,3,33,8,4,2,4,0,0,1,1,0,1,0,0
2025-08-18,S009,Roller,0,0,1.0,1.0,1.0,0.75,1.0,0.5,-1.0,1,2025,8,3,34,7,3,2,4,0,0,1,0,0,0,0,1
2025-08-25,S009,Roller,0,2,0.0,1.0,1.0,0.5,1.0,0.5773502691896257,-1.0,2,2025,8,3,35,3,3,1,1,1,0,0,0,0,0,0,1
2025-09-01,S009,Roller,2,2,0.0,0.0,1.0,0.75,2.0,0.9574271077563381,1.0,0,2025,9,3,36,8,5,2,1,1,0,2,2,2,0,0,0
2025-09-08,S009,Roller,2,0,2.0,0.0,1.0,1.0,2.0,1.1547005383792515,1.0,0,2025,9,3,37,7,4,2,1,0,0,2,2,0,2,2,0
2025-09-15,S009,Roller,0,0,2.0,2.0,0.0,1.0,2.0,1.1547005383792515,0.0,1,2025,9,3,38,4,3,2,0,0,1,1,0,0,0,2,2
2025-09-22,S009,Roller,0,0,0.0,2.0,0.0,1.0,2.0,1.1547005383792515,0.0,2,2025,9,3,39,2,2,0,1,0,1,0,0,0,0,0,2
2025-09-29,S009,Roller,0,1,0.0,0.0,2.0,0.5,2.0,1.0,-2.0,3,2025,9,3,40,1,1,0,1,0,0,0,0,0,0,0,0
2025-10-06,S009,Roller,1,1,0.0,0.0,2.0,0.25,1.0,0.5,-1.0,0,2025,10,4,41,3,3,0,1,0,1,0,1,1,0,0,0
2025-10-13,S009,Roller,1,0,1.0,0.0,0.0,0.5,1.0,0.5773502691896257,1.0,0,2025,10,4,42,3,3,0,1,0,1,0,1,0,1,1,0
2025-10-20,S009,Roller,0,0,1.0,1.0,0.0,0.5,1.0,0.5773502691896257,0.0,1,2025,10,4,43,4,4,1,1,0,1,1,0,0,0,1,1
2025-10-27,S009,Roller,0,0,0.0,1.0,0.0,0.5,1.0,0.5773502691896257,0.0,2,2025,10,4,44,3,3,1,0,0,1,1,0,0,0,0,1
2025-11-03,S009,Roller,0,0,0.0,0.0,1.0,0.25,1.0,0.5,-1.0,3,2025,11,4,45,1,1,1,0,0,0,0,0,0,0,0,0
2025-11-10,S009,Roller,0,0,0.0,0.0,1.0,0.0,0.0,0.0,-1.0,4,2025,11,4,46,2,2,1,0,0,0,1,0,0,0,0,0
2025-11-17,S009,Roller,0,0,0.0,0.0,0.0,0.0,0.0,0.0,0.0,5,2025,11,4,47,2,2,1,0,0,0,1,0,0,0,0,0
2025-11-24,S009,Roller,0,0,0.0,0.0,0.0,0.0,0.0,0.0,0.0,6,2025,11,4,48,2,2,0,1,1,0,0,0,0,0,0,0
2025-12-01,S009,Roller,0,1,0.0,0.0,0.0,0.0,0.0,0.0,0.0,7,2025,12,4,49,2,2,0,1,1,0,0,0,0,0,0,0
2025-12-08,S009,Roller,1,1,0.0,0.0,0.0,0.25,1.0,0.5,1.0,0,2025,12,4,50,4,3,0,1,2,0,0,1,1,0,0,0
2025-12-15,S009,Roller,1,0,1.0,0.0,0.0,0.5,1.0,0.5773502691896257,1.0,0,2025,12,4,51,6,5,1,1,2,0,1,1,0,1,1,0
2024-01-01,S010,Bulldozer,0,0,0.0,0.0,0.0,0.0,0.0,0.0,0.0,1,2024,1,1,1,0,0,0,0,0,0,0,0,0,0,0,0
2024-01-08,S010,Bulldozer,0,0,0.0,0.0,0.0,0.0,0.0,0.0,0.0,2,2024,1,1,2,2,2,1,0,0,1,0,0,0,0,0,0
2024-01-15,S010,Bulldozer,0,1,0.0,0.0,0.0,0.0,0.0,0.0,0.0,3,2024,1,1,3,3,3,1,0,0,1,1,0,0,0,0,0
2024-01-22,S010,Bulldozer,1,1,0.0,0.0,0.0,0.25,1.0,0.5,0.0,0,2024,1,1,4,3,3,1,1,0,0,1,0,1,0,0,0
2024-01-29,S010,Bulldozer,1,0,1.0,0.0,0.0,0.5,1.0,0.5773502691896257,1.0,0,2024,1,1,5,1,1,0,1,0,0,0,0,0,1,1,0
2024-02-05,S010,Bulldozer,0,1,1.0,1.0,0.0,0.5,1.0,0.5773502691896257,0.0,1,2024,2,1,6,2,2,1,0,0,0,1,0,0,0,1,1
2024-02-12,S010,Bulldozer,1,1,0.0,1.0,0.0,0.75,1.0,0.5,1.0,0,2024,2,1,7,5,5,1,1,0,1,1,1,1,0,0,1
2024-02-19,S010,Bulldozer,1,1,1.0,0.0,1.0,0.75,1.0,0.5,0.0,0,2024,2,1,8,7,6,1,1,2,1,1,1,0,0,1,0
2024-02-26,S010,Bulldozer,1,1,1.0,1.0,1.0,0.75,1.0,0.5,0.0,0,2024,2,1,9,5,4,1,1,2,0,1,0,0,0,1,0
2024-03-04,S010,Bulldozer,1,1,1.0,1.0,0.0,1.0,1.0,0.0,1.0,0,2024,3,1,10,4,3,1,1,2,0,0,0,0,0,0,0
2024-03-11,S010,Bulldozer,1,0,1.0,1.0,1.0,1.0,1.0,0.0,0.0,0,2024,3,1,11,5,4,0,1,2,0,1,1,0,1,0,0
2024-03-18,S010,Bulldozer,0,0,1.0,1.0,1.0,0.75,1.0,0.5,-1.0,1,2024,3,1,12,2,2,0,0,0,0,1,1,0,0,0,1
2024-03-25,S010,Bulldozer,0,0,0.0,1.0,1.0,0.5,1.0,0.5773502691896257,-1.0,2,2024,3,1,13,0,0,0,0,0,0,0,0,0,0,0,1
2024-04-01,S010,Bulldozer,0,1,0.0,0.0,1.0,0.25,1.0,0.5,-1.0,3,2024,4,2,14,0,0,0,0,0,0,0,0,0,0,0,0
2024-04-08,S010,Bulldozer,1,1,0.0,0.0,1.0,0.25,1.0,0.5,0.0,0,2024,4,2,15,1,1,0,1,0,0,0,0,1,0,0,0
2024-04-15,S010,Bulldozer,1,1,1.0,0.0,0.0,0.5,1.0,0.5773502691896257,1.0,0,2024,4,2,16,1,1,0,1,0,0,0,0,0,1,1,0
2024-04-22,S010,Bulldozer,1,1,1.0,1.0,0.0,0.75,1.0,0.5,1.0,0,2024,4,2,17,1,1,0,1,0,0,0,0,1,0,1,1
2024-04-29,S010,Bulldozer,1,0,1.0,1.0,0.0,1.0,1.0,0.0,1.0,0,2024,4,2,18,1,1,0,1,0,0,0,0,0,1,1,1
2024-05-06,S010,Bulldozer,0,1,1.0,1.0,1.0,0.75,1.0,0.5,-1.0,1,2024,5,2,19,2,2,1,0,0,0,1,0,0,0,1,1
2024-05-13,S010,Bulldozer,1,1,0.0,1.0,1.0,0.75,1.0,0.5,0.0,0,2024,5,2,20,3,3,1,1,0,0,1,0,1,0,0,1
2024-05-20,S010,Bulldozer,1,0,1.0,0.0,1.0,0.75,1.0,0.5,0.0,0,2024,5,2,21,2,2,0,1,0,0,1,0,0,1,1,0
2024-05-27,S010,Bulldozer,0,0,1.0,1.0,1.0,0.5,1.0,0.5773502691896257,-1.0,1,2024,5,2,22,3,3,1,0,0,0,1,1,0,0,1,1
2024-06-03,S010,Bulldozer,0,0,0.0,1.0,0.0,0.5,1.0,0.5773502691896257,0.0,2,2024,6,2,23,3,3,1,0,0,0,1,1,0,0,0,1
2024-06-10,S010,Bulldozer,0,0,0.0,0.0,1.0,0.25,1.0,0.5,-1.0,3,2024,6,2,24,1,1,0,0,0,0,1,0,0,0,0,0
2024-06-17,S010,Bulldozer,0,0,0.0,0.0,1.0,0.0,0.0,0.0,-1.0,4,2024,6,2,25,2,2,0,0,0,1,1,0,0,0,0,0
2024-06-24,S010,Bulldozer,0,0,0.0,0.0,0.0,0.0,0.0,0.0,0.0,5,2024,6,2,26,2,2,0,0,0,1,1,0,0,0,0,0
2024-07-01,S010,Bulldozer,0,0,0.0,0.0,0.0,0.0,0.0,0.0,0.0,6,2024,7,3,27,3,1,0,0,0,3,0,0,0,0,0,0
2024-07-08,S010,Bulldozer,0,1,0.0,0.0,0.0,0.0,0.0,0.0,0.0,7,2024,7,3,28,3,1,0,0,0,3,0,0,0,0,0,0
2024-07-15,S010,Bulldozer,1,1,0.0,0.0,0.0,0.25,1.0,0.5,1.0,0,2024,7,3,29,2,2,1,1,0,0,0,0,1,0,0,0
2024-07-22,S010,Bulldozer,1,0,1.0,0.0,0.0,0.5,1.0,0.5773502691896257,1.0,0,2024,7,3,30,3,2,2,1,0,0,0,0,0,1,1,0
2024-07-29,S010,Bulldozer,0,0,1.0,1.0,0.0,0.5,1.0,0.5773502691896257,0.0,1,2024,7,3,31,3,2,2,0,1,0,0,0,0,0,1,1
2024-08-05,S010,Bulldozer,0,0,0.0,1.0,0.0,0.5,1.0,0.5773502691896257,0.0,2,2024,8,3,32,3,3,1,0,1,0,0,1,0,0,0,1
2024-08-12,S010,Bulldozer,0,0,0.0,0.0,1.0,0.25,1.0,0.5,-1.0,3,2024,8,3,33,2,2,0,0,0,0,1,1,0,0,0,0
2024-08-19,S010,Bulldozer,0,0,0.0,0.0,1.0,0.0,0.0,0.0,-1.0,4,2024,8,3,34,2,2,0,0,1,0,1,0,0,0,0,0
2024-08-26,S010,Bulldozer,0,0,0.0,0.0,0.0,0.0,0.0,0.0,0.0,5,2024,8,3,35,2,2,0,0,1,0,1,0,0,0,0,0
2024-09-02,S010,Bulldozer,0,0,0.0,0.0,0.0,0.0,0.0,0.0,0.0,6,2024,9,3,36,1,1,0,0,0,1,0,0,0,0,0,0
2024-09-09,S010,Bulldozer,0,1,0.0,0.0,0.0,0.0,0.0,0.0,0.0,7,2024,9,3,37,2,2,1,0,0,1,0,0,0,0,0,0
2024-09-16,S010,Bulldozer,1,1,0.0,0.0,0.0,0.25,1.0,0.5,1.0,0,2024,9,3,38,4,3,2,1,0,1,0,0,1,0,0,0
2024-09-23,S010,Bulldozer,1,1,1.0,0.0,0.0,0.5,1.0,0.5773502691896257,1.0,0,2024,9,3,39,5,4,2,1,1,1,0,0,0,1,1,0
2024-09-30,S010,Bulldozer,1,1,1.0,1.0,0.0,0.75,1.0,0.5,1.0,0,2024,9,3,40,5,5,1,1,1,1,1,0,1,0,1,1
2024-10-07,S010,Bulldozer,1,0,1.0,1.0,0.0,1.0,1.0,0.0,1.0,0,2024,10,4,41,2,2,0,1,0,0,1,0,0,1,1,1
2024-10-14,S010,Bulldozer,0,1,1.0,1.0,1.0,0.75,1.0,0.5,-1.0,1,2024,10,4,42,1,1,0,0,0,0,1,0,0,0,1,1
2024-10-21,S010,Bulldozer,1,1,0.0,1.0,1.0,0.75,1.0,0.5,0.0,0,2024,10,4,43,4,4,1,1,1,0,1,0,1,0,0,1
2024-10-28,S010,Bulldozer,1,3,1.0,0.0,1.0,0.75,1.0,0.5,0.0,0,2024,10,4,44,4,4,1,1,1,0,1,0,0,0,1,0
2024-11-04,S010,Bulldozer,3,3,1.0,1.0,1.0,1.25,3.0,1.2583057392117918,2.0,0,2024,11,4,45,6,4,1,3,0,0,1,1,2,0,1,0
2024-11-11,S010,Bulldozer,3,4,3.0,1.0,0.0,2.0,3.0,1.1547005383792517,3.0,0,2024,11,4,46,6,3,2,3,0,0,0,1,0,0,2,0
2024-11-18,S010,Bulldozer,4,4,3.0,3.0,1.0,2.75,4.0,1.2583057392117916,3.0,0,2024,11,4,47,9,5,2,4,1,1,0,1,1,0,2,0
2024-11-25,S010,Bulldozer,4,2,4.0,3.0,1.0,3.5,4.0,0.5773502691896255,3.0,0,2024,11,4,48,8,5,1,4,1,1,0,1,0,2,1,0
2024-12-02,S010,Bulldozer,2,2,4.0,4.0,3.0,3.25,4.0,0.957427107756338,-1.0,0,2024,12,4,49,5,4,1,2,0,1,0,1,0,2,1,2
2024-12-09,S010,Bulldozer,2,2,2.0,4.0,3.0,3.0,4.0,1.1547005383792515,-1.0,0,2024,12,4,50,4,3,1,2,0,0,0,1,2,0,0,4
2024-12-16,S010,Bulldozer,2,1,2.0,2.0,4.0,2.5,4.0,0.9999999999999998,-2.0,0,2024,12,4,51,3,2,1,2,0,0,0,0,0,1,2,2
2024-12-23,S010,Bulldozer,1,0,2.0,2.0,4.0,1.75,2.0,0.5,-3.0,0,2024,12,4,52,5,4,0,1,1,1,0,2,0,1,2,1
2024-12-30,S010,Bulldozer,0,0,1.0,2.0,2.0,1.25,2.0,0.9574271077563381,-2.0,1,2024,12,4,1,4,3,0,0,1,1,0,2,0,0,0,2
2025-01-06,S010,Bulldozer,0,0,0.0,1.0,2.0,0.75,2.0,0.9574271077563381,-2.0,2,2025,1,1,2,4,3,1,0,0,0,1,2,0,0,0,1
2025-01-13,S010,Bulldozer,0,2,0.0,0.0,2.0,0.25,1.0,0.49999999999999994,-2.0,3,2025,1,1,3,3,3,1,0,0,1,1,0,0,0,0,0
2025-01-20,S010,Bulldozer,2,2,0.0,0.0,1.0,0.5,2.0,1.0,1.0,0,2025,1,1,4,5,3,1,2,0,2,0,0,2,0,0,0
2025-01-27,S010,Bulldozer,2,0,2.0,0.0,0.0,1.0,2.0,1.1547005383792515,2.0,0,2025,1,1,5,8,4,1,2,0,2,3,0,0,2,2,0
2025-02-03,S010,Bulldozer,0,0,2.0,2.0,0.0,1.0,2.0,1.1547005383792515,0.0,1,2025,2,1,6,6,4,1,0,1,1,3,0,0,0,2,2
2025-02-10,S010,Bulldozer,0,0,0.0,2.0,0.0,1.0,2.0,1.1547005383792515,0.0,2,2025,2,1,7,5,4,1,0,1,1,2,0,0,0,0,2
2025-02-17,S010,Bulldozer,0,0,0.0,0.0,2.0,0.5,2.0,1.0,-2.0,3,2025,2,1,8,3,3,0,0,1,1,1,0,0,0,0,0
2025-02-24,S010,Bulldozer,0,1,0.0,0.0,2.0,0.0,0.0,0.0,-2.0,4,2025,2,1,9,3,2,0,0,0,0,2,1,0,0,0,0
2025-03-03,S010,Bulldozer,1,1,0.0,0.0,0.0,0.25,1.0,0.5,1.0,0,2025,3,1,10,4,3,0,1,0,0,2,1,1,0,0,0
2025-03-10,S010,Bulldozer,1,1,1.0,0.0,0.0,0.5,1.0,0.5773502691896257,1.0,0,2025,3,1,11,4,3,0,1,2,0,1,0,0,0,1,0
2025-03-17,S010,Bulldozer,1,0,1.0,1.0,0.0,0.75,1.0,0.5,1.0,0,2025,3,1,12,3,2,0,1,2,0,0,0,0,1,1,0
2025-03-24,S010,Bulldozer,0,0,1.0,1.0,0.0,0.75,1.0,0.5,0.0,1,2025,3,1,13,1,1,0,0,1,0,0,0,0,0,0,1
2025-03-31,S010,Bulldozer,0,0,0.0,1.0,1.0,0.5,1.0,0.5773502691896257,-1.0,2,2025,3,1,14,2,2,0,0,1,1,0,0,0,0,0,1
2025-04-07,S010,Bulldozer,0,0,0.0,0.0,1.0,0.25,1.0,0.5,-1.0,3,2025,4,2,15,3,3,1,0,0,1,0,1,0,0,0,0
2025-04-14,S010,Bulldozer,0,2,0.0,0.0,1.0,0.0,0.0,0.0,-1.0,4,2025,4,2,16,4,4,1,0,0,1,1,1,0,0,0,0
2025-04-21,S010,Bulldozer,2,2,0.0,0.0,0.0,0.5,2.0,1.0,2.0,0,2025,4,2,17,5,4,0,2,0,1,1,1,2,0,0,0
2025-04-28,S010,Bulldozer,2,1,2.0,0.0,0.0,1.0,2.0,1.1547005383792515,2.0,0,2025,4,2,18,6,5,1,2,0,1,1,1,0,2,2,0
2025-05-05,S010,Bulldozer,1,1,2.0,2.0,0.0,1.25,2.0,0.9574271077563382,1.0,0,2025,5,2,19,6,5,1,1,0,1,2,1,1,0,2,2
2025-05-12,S010,Bulldozer,1,1,1.0,2.0,0.0,1.5,2.0,0.5773502691896258,1.0,0,2025,5,2,20,6,4,1,1,0,1,3,0,0,0,1,2
2025-05-19,S010,Bulldozer,1,1,1.0,1.0,2.0,1.25,2.0,0.5000000000000001,-1.0,0,2025,5,2,21,7,5,1,1,1,1,3,0,0,0,1,0
2025-05-26,S010,Bulldozer,1,0,1.0,1.0,2.0,1.0,1.0,0.0,-1.0,0,2025,5,2,22,3,3,0,1,1,1,0,0,0,1,0,0
2025-06-02,S010,Bulldozer,0,0,1.0,1.0,1.0,0.75,1.0,0.5,-1.0,1,2025,6,2,23,5,4,1,0,1,2,1,0,0,0,0,1
2025-06-09,S010,Bulldozer,0,1,0.0,1.0,1.0,0.5,1.0,0.5773502691896257,-1.0,2,2025,6,2,24,6,5,1,0,1,2,1,1,0,0,0,1
2025-06-16,S010,Bulldozer,1,1,0.0,0.0,1.0,0.5,1.0,0.5773502691896257,0.0,0,2025,6,2,25,4,4,1,1,0,0,1,1,1,0,0,0
2025-06-23,S010,Bulldozer,1,0,1.0,0.0,1.0,0.5,1.0,0.5773502691896257,0.0,0,2025,6,2,26,4,4,1,1,0,0,1,1,0,1,1,0
2025-06-30,S010,Bulldozer,0,1,1.0,1.0,0.0,0.5,1.0,0.5773502691896257,0.0,1,2025,6,2,27,2,2,1,0,0,0,0,1,0,0,1,1
2025-07-07,S010,Bulldozer,1,1,0.0,1.0,0.0,0.75,1.0,0.5,1.0,0,2025,7,3,28,5,5,1,1,1,0,1,1,1,0,0,1
2025-07-14,S010,Bulldozer,1,1,1.0,0.0,1.0,0.75,1.0,0.5,0.0,0,2025,7,3,29,4,4,1,1,1,0,1,0,0,1,1,0
2025-07-21,S010,Bulldozer,1,1,1.0,1.0,1.0,0.75,1.0,0.5,0.0,0,2025,7,3,30,5,5,1,1,1,0,1,1,1,0,1,1
2025-07-28,S010,Bulldozer,1,0,1.0,1.0,0.0,1.0,1.0,0.0,1.0,0,2025,7,3,31,4,4,0,1,1,1,0,1,0,1,1,1
2025-08-04,S010,Bulldozer,0,0,1.0,1.0,1.0,0.75,1.0,0.5,-1.0,1,2025,8,3,32,3,3,0,0,0,1,1,1,0,0,1,1
2025-08-11,S010,Bulldozer,0,0,0.0,1.0,1.0,0.5,1.0,0.5773502691896257,-1.0,2,2025,8,3,33,3,3,0,0,0,1,1,1,0,0,0,1
2025-08-18,S010,Bulldozer,0,0,0.0,0.0,1.0,0.25,1.0,0.5,-1.0,3,2025,8,3,34,1,1,0,0,0,0,0,1,0,0,0,0
2025-08-25,S010,Bulldozer,0,0,0.0,0.0,1.0,0.0,0.0,0.0,-1.0,4,2025,8,3,35,4,2,0,0,0,0,1,3,0,0,0,0
2025-09-01,S010,Bulldozer,0,0,0.0,0.0,0.0,0.0,0.0,0.0,0.0,5,2025,9,3,36,5,3,0,0,1,0,1,3,0,0,0,0
2025-09-08,S010,Bulldozer,0,0,0.0,0.0,0.0,0.0,0.0,0.0,0.0,6,2025,9,3,37,4,4,0,0,1,1,1,1,0,0,0,0
2025-09-15,S010,Bulldozer,0,0,0.0,0.0,0.0,0.0,0.0,0.0,0.0,7,2025,9,3,38,2,2,1,0,0,1,0,0,0,0,0,0
2025-09-22,S010,Bulldozer,0,0,0.0,0.0,0.0,0.0,0.0,0.0,0.0,8,2025,9,3,39,4,4,1,0,1,1,0,1,0,0,0,0
2025-09-29,S010,Bulldozer,0,0,0.0,0.0,0.0,0.0,0.0,0.0,0.0,9,2025,9,3,40,4,4,1,0,1,0,1,1,0,0,0,0
2025-10-06,S010,Bulldozer,0,0,0.0,0.0,0.0,0.0,0.0,0.0,0.0,10,2025,10,4,41,2,2,1,0,0,0,1,0,0,0,0,0
2025-10-13,S010,Bulldozer,0,0,0.0,0.0,0.0,0.0,0.0,0.0,0.0,11,2025,10,4,42,1,1,0,0,0,1,0,0,0,0,0,0
2025-10-20,S010,Bulldozer,0,0,0.0,0.0,0.0,0.0,0.0,0.0,0.0,12,2025,10,4,43,2,2,0,0,0,1,1,0,0,0,0,0
2025-10-27,S010,Bulldozer,0,0,0.0,0.0,0.0,0.0,0.0,0.0,0.0,13,2025,10,4,44,4,2,0,0,0,1,3,0,0,0,0,0
2025-11-03,S010,Bulldozer,0,0,0.0,0.0,0.0,0.0,0.0,0.0,0.0,14,2025,11,4,45,7,4,1,0,1,2,3,0,0,0,0,0
2025-11-10,S010,Bulldozer,0,1,0.0,0.0,0.0,0.0,0.0,0.0,0.0,15,2025,11,4,46,9,5,1,0,1,3,3,1,0,0,0,0
2025-11-17,S010,Bulldozer,1,1,0.0,0.0,0.0,0.25,1.0,0.5,1.0,0,2025,11,4,47,8,6,1,1,1,3,1,1,1,0,0,0
2025-11-24,S010,Bulldozer,1,1,1.0,0.0,0.0,0.5,1.0,0.5773502691896257,1.0,0,2025,11,4,48,4,4,0,1,1,1,1,0,0,0,1,0
2025-12-01,S010,Bulldozer,1,1,1.0,1.0,0.0,0.75,1.0,0.5,1.0,0,2025,12,4,49,4,4,1,1,1,0,1,0,0,0,1,0
2025-12-08,S010,Bulldozer,1,1,1.0,1.0,0.0,1.0,1.0,0.0,1.0,0,2025,12,4,50,3,3,1,1,1,0,0,0,0,0,0,0
2025-12-15,S010,Bulldozer,1,1,1.0,1.0,1.0,1.0,1.0,0.0,0.0,0,2025,12,4,51,5,3,0,1,1,3,0,0,0,0,0,0
2024-01-01,S010,Crane,0,1,0.0,0.0,0.0,0.0,0.0,0.0,0.0,1,2024,1,1,1,0,0,0,0,0,0,0,0,0,0,0,0
2024-01-08,S010,Crane,1,1,0.0,0.0,0.0,0.0,0.0,0.0,0.0,0,2024,1,1,2,2,2,1,0,0,1,0,0,1,0,0,0
2024-01-15,S010,Crane,1,0,1.0,0.0,0.0,0.0,0.0,0.0,0.0,0,2024,1,1,3,3,3,1,0,0,1,1,0,0,1,1,0
2024-01-22,S010,Crane,0,0,1.0,1.0,0.0,0.5,1.0,0.5773502691896257,0.0,1,2024,1,1,4,3,3,1,1,0,0,1,0,0,0,1,1
2024-01-29,S010,Crane,0,0,0.0,1.0,0.0,0.5,1.0,0.5773502691896257,0.0,2,2024,1,1,5,1,1,0,1,0,0,0,0,0,0,0,1
2024-02-05,S010,Crane,0,1,0.0,0.0,1.0,0.25,1.0,0.5,-1.0,3,2024,2,1,6,2,2,1,0,0,0,1,0,0,0,0,0
2024-02-12,S010,Crane,1,1,0.0,0.0,1.0,0.25,1.0,0.5,0.0,0,2024,2,1,7,5,5,1,1,0,1,1,1,1,0,0,0
2024-02-19,S010,Crane,1,0,1.0,0.0,0.0,0.5,1.0,0.5773502691896257,1.0,0,2024,2,1,8,7,6,1,1,2,1,1,1,0,1,1,0
2024-02-26,S010,Crane,0,0,1.0,1.0,0.0,0.5,1.0,0.5773502691896257,0.0,1,2024,2,1,9,5,4,1,1,2,0,1,0,0,0,1,1
2024-03-04,S010,Crane,0,0,0.0,1.0,0.0,0.5,1.0,0.5773502691896257,0.0,2,2024,3,1,10,4,3,1,1,2,0,0,0,0,0,0,1
2024-03-11,S010,Crane,0,0,0.0,0.0,1.0,0.25,1.0,0.5,-1.0,3,2024,3,1,11,5,4,0,1,2,0,1,1,0,0,0,0
2024-03-18,S010,Crane,0,0,0.0,0.0,1.0,0.0,0.0,0.0,-1.0,4,2024,3,1,12,2,2,0,0,0,0,1,1,0,0,0,0
2024-03-25,S010,Crane,0,0,0.0,0.0,0.0,0.0,0.0,0.0,0.0,5,2024,3,1,13,0,0,0,0,0,0,0,0,0,0,0,0
2024-04-01,S010,Crane,0,0,0.0,0.0,0.0,0.0,0.0,0.0,0.0,6,2024,4,2,14,0,0,0,0,0,0,0,0,0,0,0,0
2024-04-08,S010,Crane,0,0,0.0,0.0,0.0,0.0,0.0,0.0,0.0,7,2024,4,2,15,1,1,0,1,0,0,0,0,0,0,0,0
2024-04-15,S010,Crane,0,0,0.0,0.0,0.0,0.0,0.0,0.0,0.0,8,2024,4,2,16,1,1,0,1,0,0,0,0,0,0,0,0
2024-04-22,S010,Crane,0,0,0.0,0.0,0.0,0.0,0.0,0.0,0.0,9,2024,4,2,17,1,1,0,1,0,0,0,0,0,0,0,0
2024-04-29,S010,Crane,0,0,0.0,0.0,0.0,0.0,0.0,0.0,0.0,10,2024,4,2,18,1,1,0,1,0,0,0,0,0,0,0,0
2024-05-06,S010,Crane,0,0,0.0,0.0,0.0,0.0,0.0,0.0,0.0,11,2024,5,2,19,2,2,1,0,0,0,1,0,0,0,0,0
2024-05-13,S010,Crane,0,0,0.0,0.0,0.0,0.0,0.0,0.0,0.0,12,2024,5,2,20,3,3,1,1,0,0,1,0,0,0,0,0
2024-05-20,S010,Crane,0,0,0.0,0.0,0.0,0.0,0.0,0.0,0.0,13,2024,5,2,21,2,2,0,1,0,0,1,0,0,0,0,0
2024-05-27,S010,Crane,0,0,0.0,0.0,0.0,0.0,0.0,0.0,0.0,14,2024,5,2,22,3,3,1,0,0,0,1,1,0,0,0,0
2024-06-03,S010,Crane,0,0,0.0,0.0,0.0,0.0,0.0,0.0,0.0,15,2024,6,2,23,3,3,1,0,0,0,1,1,0,0,0,0
2024-06-10,S010,Crane,0,1,0.0,0.0,0.0,0.0,0.0,0.0,0.0,16,2024,6,2,24,1,1,0,0,0,0,1,0,0,0,0,0
2024-06-17,S010,Crane,1,1,0.0,0.0,0.0,0.25,1.0,0.5,1.0,0,2024,6,2,25,2,2,0,0,0,1,1,0,1,0,0,0
2024-06-24,S010,Crane,1,3,1.0,0.0,0.0,0.5,1.0,0.5773502691896257,1.0,0,2024,6,2,26,2,2,0,0,0,1,1,0,0,1,1,0
2024-07-01,S010,Crane,3,3,1.0,1.0,0.0,1.25,3.0,1.2583057392117918,3.0,0,2024,7,3,27,3,1,0,0,0,3,0,0,3,0,1,1
2024-07-08,S010,Crane,3,0,3.0,1.0,0.0,2.0,3.0,1.1547005383792517,3.0,0,2024,7,3,28,3,1,0,0,0,3,0,0,0,3,3,1
2024-07-15,S010,Crane,0,0,3.0,3.0,1.0,1.75,3.0,1.5000000000000002,-1.0,1,2024,7,3,29,2,2,1,1,0,0,0,0,0,0,3,3
2024-07-22,S010,Crane,0,0,0.0,3.0,1.0,1.5,3.0,1.7320508075688774,-1.0,2,2024,7,3,30,3,2,2,1,0,0,0,0,0,0,0,3
2024-07-29,S010,Crane,0,0,0.0,0.0,3.0,0.75,3.0,1.5000000000000002,-3.0,3,2024,7,3,31,3,2,2,0,1,0,0,0,0,0,0,0
2024-08-05,S010,Crane,0,0,0.0,0.0,3.0,0.0,0.0,0.0,-3.0,4,2024,8,3,32,3,3,1,0,1,0,0,1,0,0,0,0
2024-08-12,S010,Crane,0,0,0.0,0.0,0.0,0.0,0.0,0.0,0.0,5,2024,8,3,33,2,2,0,0,0,0,1,1,0,0,0,0
2024-08-19,S010,Crane,0,0,0.0,0.0,0.0,0.0,0.0,0.0,0.0,6,2024,8,3,34,2,2,0,0,1,0,1,0,0,0,0,0
2024-08-26,S010,Crane,0,1,0.0,0.0,0.0,0.0,0.0,0.0,0.0,7,2024,8,3,35,2,2,0,0,1,0,1,0,0,0,0,0
2024-09-02,S010,Crane,1,1,0.0,0.0,0.0,0.25,1.0,0.5,1.0,0,2024,9,3,36,1,1,0,0,0,1,0,0,1,0,0,0
2024-09-09,S010,Crane,1,1,1.0,0.0,0.0,0.5,1.0,0.5773502691896257,1.0,0,2024,9,3,37,2,2,1,0,0,1,0,0,0,0,1,0
2024-09-16,S010,Crane,1,1,1.0,1.0,0.0,0.75,1.0,0.5,1.0,0,2024,9,3,38,4,3,2,1,0,1,0,0,0,1,1,0
2024-09-23,S010,Crane,1,1,1.0,1.0,0.0,1.0,1.0,0.0,1.0,0,2024,9,3,39,5,4,2,1,1,1,0,0,1,0,0,1
2024-09-30,S010,Crane,1,0,1.0,1.0,1.0,1.0,1.0,0.0,0.0,0,2024,9,3,40,5,5,1,1,1,1,1,0,0,1,1,1
2024-10-07,S010,Crane,0,0,1.0,1.0,1.0,0.75,1.0,0.5,-1.0,1,2024,10,4,41,2,2,0,1,0,0,1,0,0,0,1,1
2024-10-14,S010,Crane,0,0,0.0,1.0,1.0,0.5,1.0,0.5773502691896257,-1.0,2,2024,10,4,42,1,1,0,0,0,0,1,0,0,0,0,1
2024-10-21,S010,Crane,0,0,0.0,0.0,1.0,0.25,1.0,0.5,-1.0,3,2024,10,4,43,4,4,1,1,1,0,1,0,0,0,0,0
2024-10-28,S010,Crane,0,0,0.0,0.0,1.0,0.0,0.0,0.0,-1.0,4,2024,10,4,44,4,4,1,1,1,0,1,0,0,0,0,0
2024-11-04,S010,Crane,0,0,0.0,0.0,0.0,0.0,0.0,0.0,0.0,5,2024,11,4,45,6,4,1,3,0,0,1,1,0,0,0,0
2024-11-11,S010,Crane,0,1,0.0,0.0,0.0,0.0,0.0,0.0,0.0,6,2024,11,4,46,6,3,2,3,0,0,0,1,0,0,0,0
2024-11-18,S010,Crane,1,1,0.0,0.0,0.0,0.25,1.0,0.5,1.0,0,2024,11,4,47,9,5,2,4,1,1,0,1,1,0,0,0
2024-11-25,S010,Crane,1,1,1.0,0.0,0.0,0.5,1.0,0.5773502691896257,1.0,0,2024,11,4,48,8,5,1,4,1,1,0,1,0,0,1,0
2024-12-02,S010,Crane,1,0,1.0,1.0,0.0,0.75,1.0,0.5,1.0,0,2024,12,4,49,5,4,1,2,0,1,0,1,0,1,1,0
2024-12-09,S010,Crane,0,0,1.0,1.0,0.0,0.75,1.0,0.5,0.0,1,2024,12,4,50,4,3,1,2,0,0,0,1,0,0,0,1
2024-12-16,S010,Crane,0,1,0.0,1.0,1.0,0.5,1.0,0.5773502691896257,-1.0,2,2024,12,4,51,3,2,1,2,0,0,0,0,0,0,0,1
2024-12-23,S010,Crane,1,1,0.0,0.0,1.0,0.5,1.0,0.5773502691896257,0.0,0,2024,12,4,52,5,4,0,1,1,1,0,2,1,0,0,0
2024-12-30,S010,Crane,1,0,1.0,0.0,1.0,0.5,1.0,0.5773502691896257,0.0,0,2024,12,4,1,4,3,0,0,1,1,0,2,0,1,1,0
2025-01-06,S010,Crane,0,1,1.0,1.0,0.0,0.5,1.0,0.5773502691896257,0.0,1,2025,1,1,2,4,3,1,0,0,0,1,2,0,0,1,1
2025-01-13,S010,Crane,1,2,0.0,1.0,0.0,0.75,1.0,0.5,1.0,0,2025,1,1,3,3,3,1,0,0,1,1,0,1,0,0,1
2025-01-20,S010,Crane,2,2,1.0,0.0,1.0,1.0,2.0,0.816496580927726,1.0,0,2025,1,1,4,5,3,1,2,0,2,0,0,1,0,1,0
2025-01-27,S010,Crane,2,1,2.0,1.0,1.0,1.25,2.0,0.9574271077563381,1.0,0,2025,1,1,5,8,4,1,2,0,2,3,0,0,1,2,0
2025-02-03,S010,Crane,1,1,2.0,2.0,0.0,1.5,2.0,0.5773502691896257,1.0,0,2025,2,1,6,6,4,1,0,1,1,3,0,0,0,1,1
2025-02-10,S010,Crane,1,1,1.0,2.0,1.0,1.5,2.0,0.5773502691896257,0.0,0,2025,2,1,7,5,4,1,0,1,1,2,0,0,0,0,1
2025-02-17,S010,Crane,1,0,1.0,1.0,2.0,1.25,2.0,0.4999999999999999,-1.0,0,2025,2,1,8,3,3,0,0,1,1,1,0,0,1,0,0
2025-02-24,S010,Crane,0,0,1.0,1.0,2.0,0.75,1.0,0.5,-2.0,1,2025,2,1,9,3,2,0,0,0,0,2,1,0,0,0,1
2025-03-03,S010,Crane,0,0,0.0,1.0,1.0,0.5,1.0,0.5773502691896257,-1.0,2,2025,3,1,10,4,3,0,1,0,0,2,1,0,0,0,1
2025-03-10,S010,Crane,0,0,0.0,0.0,1.0,0.25,1.0,0.5,-1.0,3,2025,3,1,11,4,3,0,1,2,0,1,0,0,0,0,0
2025-03-17,S010,Crane,0,0,0.0,0.0,1.0,0.0,0.0,0.0,-1.0,4,2025,3,1,12,3,2,0,1,2,0,0,0,0,0,0,0
2025-03-24,S010,Crane,0,1,0.0,0.0,0.0,0.0,0.0,0.0,0.0,5,2025,3,1,13,1,1,0,0,1,0,0,0,0,0,0,0
2025-03-31,S010,Crane,1,1,0.0,0.0,0.0,0.25,1.0,0.5,1.0,0,2025,3,1,14,2,2,0,0,1,1,0,0,1,0,0,0
2025-04-07,S010,Crane,1,1,1.0,0.0,0.0,0.5,1.0,0.5773502691896257,1.0,0,2025,4,2,15,3,3,1,0,0,1,0,1,0,1,1,0
2025-04-14,S010,Crane,1,1,1.0,1.0,0.0,0.75,1.0,0.5,1.0,0,2025,4,2,16,4,4,1,0,0,1,1,1,1,0,1,1
2025-04-21,S010,Crane,1,1,1.0,1.0,0.0,1.0,1.0,0.0,1.0,0,2025,4,2,17,5,4,0,2,0,1,1,1,0,1,1,1
2025-04-28,S010,Crane,1,1,1.0,1.0,1.0,1.0,1.0,0.0,0.0,0,2025,4,2,18,6,5,1,2,0,1,1,1,1,0,1,1
2025-05-05,S010,Crane,1,1,1.0,1.0,1.0,1.0,1.0,0.0,0.0,0,2025,5,2,19,6,5,1,1,0,1,2,1,0,1,1,1
2025-05-12,S010,Crane,1,1,1.0,1.0,1.0,1.0,1.0,0.0,0.0,0,2025,5,2,20,6,4,1,1,0,1,3,0,1,0,1,1
2025-05-19,S010,Crane,1,1,1.0,1.0,1.0,1.0,1.0,0.0,0.0,0,2025,5,2,21,7,5,1,1,1,1,3,0,0,0,1,1
2025-05-26,S010,Crane,1,2,1.0,1.0,1.0,1.0,1.0,0.0,0.0,0,2025,5,2,22,3,3,0,1,1,1,0,0,0,0,1,0
2025-06-02,S010,Crane,2,2,1.0,1.0,1.0,1.25,2.0,0.5,1.0,0,2025,6,2,23,5,4,1,0,1,2,1,0,1,0,0,0
2025-06-09,S010,Crane,2,0,2.0,1.0,1.0,1.5,2.0,0.5773502691896257,1.0,0,2025,6,2,24,6,5,1,0,1,2,1,1,0,2,1,0
2025-06-16,S010,Crane,0,0,2.0,2.0,1.0,1.25,2.0,0.9574271077563381,-1.0,1,2025,6,2,25,4,4,1,1,0,0,1,1,0,0,1,2
2025-06-23,S010,Crane,0,0,0.0,2.0,1.0,1.0,2.0,1.1547005383792515,-1.0,2,2025,6,2,26,4,4,1,1,0,0,1,1,0,0,0,2
2025-06-30,S010,Crane,0,0,0.0,0.0,2.0,0.5,2.0,1.0,-2.0,3,2025,6,2,27,2,2,1,0,0,0,0,1,0,0,0,0
2025-07-07,S010,Crane,0,0,0.0,0.0,2.0,0.0,0.0,0.0,-2.0,4,2025,7,3,28,5,5,1,1,1,0,1,1,0,0,0,0
2025-07-14,S010,Crane,0,0,0.0,0.0,0.0,0.0,0.0,0.0,0.0,5,2025,7,3,29,4,4,1,1,1,0,1,0,0,0,0,0
2025-07-21,S010,Crane,0,1,0.0,0.0,0.0,0.0,0.0,0.0,0.0,6,2025,7,3,30,5,5,1,1,1,0,1,1,0,0,0,0
2025-07-28,S010,Crane,1,1,0.0,0.0,0.0,0.25,1.0,0.5,1.0,0,2025,7,3,31,4,4,0,1,1,1,0,1,1,0,0,0
2025-08-04,S010,Crane,1,1,1.0,0.0,0.0,0.5,1.0,0.5773502691896257,1.0,0,2025,8,3,32,3,3,0,0,0,1,1,1,0,0,1,0
2025-08-11,S010,Crane,1,0,1.0,1.0,0.0,0.75,1.0,0.5,1.0,0,2025,8,3,33,3,3,0,0,0,1,1,1,0,1,1,0
2025-08-18,S010,Crane,0,0,1.0,1.0,0.0,0.75,1.0,0.5,0.0,1,2025,8,3,34,1,1,0,0,0,0,0,1,0,0,0,1
2025-08-25,S010,Crane,0,0,0.0,1.0,1.0,0.5,1.0,0.5773502691896257,-1.0,2,2025,8,3,35,4,2,0,0,0,0,1,3,0,0,0,1
2025-09-01,S010,Crane,0,1,0.0,0.0,1.0,0.25,1.0,0.5,-1.0,3,2025,9,3,36,5,3,0,0,1,0,1,3,0,0,0,0
2025-09-08,S010,Crane,1,1,0.0,0.0,1.0,0.25,1.0,0.5,0.0,0,2025,9,3,37,4,4,0,0,1,1,1,1,1,0,0,0
2025-09-15,S010,Crane,1,1,1.0,0.0,0.0,0.5,1.0,0.5773502691896257,1.0,0,2025,9,3,38,2,2,1,0,0,1,0,0,0,0,1,0
2025-09-22,S010,Crane,1,0,1.0,1.0,0.0,0.75,1.0,0.5,1.0,0,2025,9,3,39,4,4,1,0,1,1,0,1,0,1,1,0
2025-09-29,S010,Crane,0,0,1.0,1.0,0.0,0.75,1.0,0.5,0.0,1,2025,9,3,40,4,4,1,0,1,0,1,1,0,0,0,1
2025-10-06,S010,Crane,0,1,0.0,1.0,1.0,0.5,1.0,0.5773502691896257,-1.0,2,2025,10,4,41,2,2,1,0,0,0,1,0,0,0,0,1
2025-10-13,S010,Crane,1,1,0.0,0.0,1.0,0.5,1.0,0.5773502691896257,0.0,0,2025,10,4,42,1,1,0,0,0,1,0,0,1,0,0,0
2025-10-20,S010,Crane,1,1,1.0,0.0,1.0,0.5,1.0,0.5773502691896257,0.0,0,2025,10,4,43,2,2,0,0,0,1,1,0,0,0,1,0
2025-10-27,S010,Crane,1,2,1.0,1.0,0.0,0.75,1.0,0.5,1.0,0,2025,10,4,44,4,2,0,0,0,1,3,0,0,0,1,0
2025-11-03,S010,Crane,2,3,1.0,1.0,0.0,1.25,2.0,0.5,2.0,0,2025,11,4,45,7,4,1,0,1,2,3,0,1,0,0,0
2025-11-10,S010,Crane,3,3,2.0,1.0,1.0,1.75,3.0,0.9574271077563381,2.0,0,2025,11,4,46,9,5,1,0,1,3,3,1,1,0,1,0
2025-11-17,S010,Crane,3,1,3.0,2.0,1.0,2.25,3.0,0.9574271077563381,2.0,0,2025,11,4,47,8,6,1,1,1,3,1,1,0,2,2,0
2025-11-24,S010,Crane,1,0,3.0,3.0,1.0,2.25,3.0,0.9574271077563381,0.0,0,2025,11,4,48,4,4,0,1,1,1,1,0,0,1,1,2
2025-12-01,S010,Crane,0,0,1.0,3.0,2.0,1.75,3.0,1.5,-2.0,1,2025,12,4,49,4,4,1,1,1,0,1,0,0,0,0,3
2025-12-08,S010,Crane,0,3,0.0,1.0,3.0,1.0,3.0,1.414213562373095,-3.0,2,2025,12,4,50,3,3,1,1,1,0,0,0,0,0,0,1
2025-12-15,S010,Crane,3,3,0.0,0.0,3.0,1.0,3.0,1.414213562373095,0.0,0,2025,12,4,51,5,3,0,1,1,3,0,0,3,0,0,0
2024-01-01,S010,Excavator,0,1,0.0,0.0,0.0,0.0,0.0,0.0,0.0,1,2024,1,1,1,0,0,0,0,0,0,0,0,0,0,0,0
2024-01-08,S010,Excavator,1,1,0.0,0.0,0.0,0.0,0.0,0.0,0.0,0,2024,1,1,2,2,2,1,0,0,1,0,0,1,0,0,0
2024-01-15,S010,Excavator,1,1,1.0,0.0,0.0,0.0,0.0,0.0,0.0,0,2024,1,1,3,3,3,1,0,0,1,1,0,0,0,1,0
2024-01-22,S010,Excavator,1,0,1.0,1.0,0.0,0.75,1.0,0.5,0.0,0,2024,1,1,4,3,3,1,1,0,0,1,0,0,1,1,0
2024-01-29,S010,Excavator,0,1,1.0,1.0,0.0,0.75,1.0,0.5,0.0,1,2024,1,1,5,1,1,0,1,0,0,0,0,0,0,0,1
2024-02-05,S010,Excavator,1,1,0.0,1.0,1.0,0.75,1.0,0.5,0.0,0,2024,2,1,6,2,2,1,0,0,0,1,0,1,0,0,1
2024-02-12,S010,Excavator,1,1,1.0,0.0,1.0,0.75,1.0,0.5,0.0,0,2024,2,1,7,5,5,1,1,0,1,1,1,0,0,1,0
2024-02-19,S010,Excavator,1,1,1.0,1.0,1.0,0.75,1.0,0.5,0.0,0,2024,2,1,8,7,6,1,1,2,1,1,1,0,0,1,0
2024-02-26,S010,Excavator,1,1,1.0,1.0,0.0,1.0,1.0,0.0,1.0,0,2024,2,1,9,5,4,1,1,2,0,1,0,0,0,0,0
2024-03-04,S010,Excavator,1,0,1.0,1.0,1.0,1.0,1.0,0.0,0.0,0,2024,3,1,10,4,3,1,1,2,0,0,0,0,1,0,0
2024-03-11,S010,Excavator,0,0,1.0,1.0,1.0,0.75,1.0,0.5,-1.0,1,2024,3,1,11,5,4,0,1,2,0,1,1,0,0,0,1
2024-03-18,S010,Excavator,0,0,0.0,1.0,1.0,0.5,1.0,0.5773502691896257,-1.0,2,2024,3,1,12,2,2,0,0,0,0,1,1,0,0,0,1
2024-03-25,S010,Excavator,0,0,0.0,0.0,1.0,0.25,1.0,0.5,-1.0,3,2024,3,1,13,0,0,0,0,0,0,0,0,0,0,0,0
2024-04-01,S010,Excavator,0,0,0.0,0.0,1.0,0.0,0.0,0.0,-1.0,4,2024,4,2,14,0,0,0,0,0,0,0,0,0,0,0,0
2024-04-08,S010,Excavator,0,0,0.0,0.0,0.0,0.0,0.0,0.0,0.0,5,2024,4,2,15,1,1,0,1,0,0,0,0,0,0,0,0
2024-04-15,S010,Excavator,0,0,0.0,0.0,0.0,0.0,0.0,0.0,0.0,6,2024,4,2,16,1,1,0,1,0,0,0,0,0,0,0,0
2024-04-22,S010,Excavator,0,0,0.0,0.0,0.0,0.0,0.0,0.0,0.0,7,2024,4,2,17,1,1,0,1,0,0,0,0,0,0,0,0
2024-04-29,S010,Excavator,0,1,0.0,0.0,0.0,0.0,0.0,0.0,0.0,8,2024,4,2,18,1,1,0,1,0,0,0,0,0,0,0,0
2024-05-06,S010,Excavator,1,1,0.0,0.0,0.0,0.25,1.0,0.5,1.0,0,2024,5,2,19,2,2,1,0,0,0,1,0,1,0,0,0
2024-05-13,S010,Excavator,1,0,1.0,0.0,0.0,0.5,1.0,0.5773502691896257,1.0,0,2024,5,2,20,3,3,1,1,0,0,1,0,0,1,1,0
2024-05-20,S010,Excavator,0,1,1.0,1.0,0.0,0.5,1.0,0.5773502691896257,0.0,1,2024,5,2,21,2,2,0,1,0,0,1,0,0,0,1,1
2024-05-27,S010,Excavator,1,1,0.0,1.0,0.0,0.75,1.0,0.5,1.0,0,2024,5,2,22,3,3,1,0,0,0,1,1,1,0,0,1
2024-06-03,S010,Excavator,1,0,1.0,0.0,1.0,0.75,1.0,0.5,0.0,0,2024,6,2,23,3,3,1,0,0,0,1,1,0,1,1,0
2024-06-10,S010,Excavator,0,0,1.0,1.0,1.0,0.5,1.0,0.5773502691896257,-1.0,1,2024,6,2,24,1,1,0,0,0,0,1,0,0,0,1,1
2024-06-17,S010,Excavator,0,0,0.0,1.0,0.0,0.5,1.0,0.5773502691896257,0.0,2,2024,6,2,25,2,2,0,0,0,1,1,0,0,0,0,1
2024-06-24,S010,Excavator,0,0,0.0,0.0,1.0,0.25,1.0,0.5,-1.0,3,2024,6,2,26,2,2,0,0,0,1,1,0,0,0,0,0
2024-07-01,S010,Excavator,0,0,0.0,0.0,1.0,0.0,0.0,0.0,-1.0,4,2024,7,3,27,3,1,0,0,0,3,0,0,0,0,0,0
2024-07-08,S010,Excavator,0,1,0.0,0.0,0.0,0.0,0.0,0.0,0.0,5,2024,7,3,28,3,1,0,0,0,3,0,0,0,0,0,0
2024-07-15,S010,Excavator,1,2,0.0,0.0,0.0,0.25,1.0,0.5,1.0,0,2024,7,3,29,2,2,1,1,0,0,0,0,1,0,0,0
2024-07-22,S010,Excavator,2,2,1.0,0.0,0.0,0.75,2.0,0.9574271077563381,2.0,0,2024,7,3,30,3,2,2,1,0,0,0,0,1,0,1,0
2024-07-29,S010,Excavator,2,1,2.0,1.0,0.0,1.25,2.0,0.9574271077563381,2.0,0,2024,7,3,31,3,2,2,0,1,0,0,0,0,1,2,0
2024-08-05,S010,Excavator,1,0,2.0,2.0,0.0,1.5,2.0,0.5773502691896257,1.0,0,2024,8,3,32,3,3,1,0,1,0,0,1,0,1,1,1
2024-08-12,S010,Excavator,0,0,1.0,2.0,1.0,1.25,2.0,0.9574271077563381,-1.0,1,2024,8,3,33,2,2,0,0,0,0,1,1,0,0,0,2
2024-08-19,S010,Excavator,0,0,0.0,1.0,2.0,0.75,2.0,0.9574271077563381,-2.0,2,2024,8,3,34,2,2,0,0,1,0,1,0,0,0,0,1
2024-08-26,S010,Excavator,0,0,0.0,0.0,2.0,0.25,1.0,0.49999999999999994,-2.0,3,2024,8,3,35,2,2,0,0,1,0,1,0,0,0,0,0
2024-09-02,S010,Excavator,0,1,0.0,0.0,1.0,0.0,0.0,0.0,-1.0,4,2024,9,3,36,1,1,0,0,0,1,0,0,0,0,0,0
2024-09-09,S010,Excavator,1,2,0.0,0.0,0.0,0.25,1.0,0.5,1.0,0,2024,9,3,37,2,2,1,0,0,1,0,0,1,0,0,0
2024-09-16,S010,Excavator,2,2,1.0,0.0,0.0,0.75,2.0,0.9574271077563381,2.0,0,2024,9,3,38,4,3,2,1,0,1,0,0,1,0,1,0
2024-09-23,S010,Excavator,2,1,2.0,1.0,0.0,1.25,2.0,0.9574271077563381,2.0,0,2024,9,3,39,5,4,2,1,1,1,0,0,0,1,2,0
2024-09-30,S010,Excavator,1,0,2.0,2.0,0.0,1.5,2.0,0.5773502691896257,1.0,0,2024,9,3,40,5,5,1,1,1,1,1,0,0,1,1,1
2024-10-07,S010,Excavator,0,0,1.0,2.0,1.0,1.25,2.0,0.9574271077563381,-1.0,1,2024,10,4,41,2,2,0,1,0,0,1,0,0,0,0,2
2024-10-14,S010,Excavator,0,1,0.0,1.0,2.0,0.75,2.0,0.9574271077563381,-2.0,2,2024,10,4,42,1,1,0,0,0,0,1,0,0,0,0,1
2024-10-21,S010,Excavator,1,1,0.0,0.0,2.0,0.5,1.0,0.5773502691896257,-1.0,0,2024,10,4,43,4,4,1,1,1,0,1,0,1,0,0,0
2024-10-28,S010,Excavator,1,1,1.0,0.0,1.0,0.5,1.0,0.5773502691896257,0.0,0,2024,10,4,44,4,4,1,1,1,0,1,0,0,1,1,0
2024-11-04,S010,Excavator,1,2,1.0,1.0,0.0,0.75,1.0,0.49999999999999994,1.0,0,2024,11,4,45,6,4,1,3,0,0,1,1,1,0,1,1
2024-11-11,S010,Excavator,2,2,1.0,1.0,0.0,1.25,2.0,0.5,2.0,0,2024,11,4,46,6,3,2,3,0,0,0,1,1,0,1,1
2024-11-18,S010,Excavator,2,1,2.0,1.0,1.0,1.5,2.0,0.5773502691896257,1.0,0,2024,11,4,47,9,5,2,4,1,1,0,1,0,1,2,0
2024-11-25,S010,Excavator,1,1,2.0,2.0,1.0,1.5,2.0,0.5773502691896257,0.0,0,2024,11,4,48,8,5,1,4,1,1,0,1,0,1,1,1
2024-12-02,S010,Excavator,1,1,1.0,2.0,1.0,1.5,2.0,0.5773502691896257,0.0,0,2024,12,4,49,5,4,1,2,0,1,0,1,1,0,0,2
2024-12-09,S010,Excavator,1,1,1.0,1.0,2.0,1.25,2.0,0.5,-1.0,0,2024,12,4,50,4,3,1,2,0,0,0,1,0,0,1,1
2024-12-16,S010,Excavator,1,0,1.0,1.0,2.0,1.0,1.0,0.0,-1.0,0,2024,12,4,51,3,2,1,2,0,0,0,0,0,1,1,0
2024-12-23,S010,Excavator,0,0,1.0,1.0,1.0,0.75,1.0,0.5,-1.0,1,2024,12,4,52,5,4,0,1,1,1,0,2,0,0,0,1
2024-12-30,S010,Excavator,0,1,0.0,1.0,1.0,0.5,1.0,0.5773502691896257,-1.0,2,2024,12,4,1,4,3,0,0,1,1,0,2,0,0,0,1
2025-01-06,S010,Excavator,1,1,0.0,0.0,1.0,0.5,1.0,0.5773502691896257,0.0,0,2025,1,1,2,4,3,1,0,0,0,1,2,1,0,0,0
2025-01-13,S010,Excavator,1,1,1.0,0.0,1.0,0.5,1.0,0.5773502691896257,0.0,0,2025,1,1,3,3,3,1,0,0,1,1,0,0,0,1,0
2025-01-20,S010,Excavator,1,1,1.0,1.0,0.0,0.75,1.0,0.5,1.0,0,2025,1,1,4,5,3,1,2,0,2,0,0,0,0,1,0
2025-01-27,S010,Excavator,1,1,1.0,1.0,0.0,1.0,1.0,0.0,1.0,0,2025,1,1,5,8,4,1,2,0,2,3,0,0,1,0,0
2025-02-03,S010,Excavator,1,1,1.0,1.0,1.0,1.0,1.0,0.0,0.0,0,2025,2,1,6,6,4,1,0,1,1,3,0,1,0,0,1
2025-02-10,S010,Excavator,1,0,1.0,1.0,1.0,1.0,1.0,0.0,0.0,0,2025,2,1,7,5,4,1,0,1,1,2,0,0,1,1,1
2025-02-17,S010,Excavator,0,0,1.0,1.0,1.0,0.75,1.0,0.5,-1.0,1,2025,2,1,8,3,3,0,0,1,1,1,0,0,0,1,1
2025-02-24,S010,Excavator,0,0,0.0,1.0,1.0,0.5,1.0,0.5773502691896257,-1.0,2,2025,2,1,9,3,2,0,0,0,0,2,1,0,0,0,1
2025-03-03,S010,Excavator,0,0,0.0,0.0,1.0,0.25,1.0,0.5,-1.0,3,2025,3,1,10,4,3,0,1,0,0,2,1,0,0,0,0
2025-03-10,S010,Excavator,0,0,0.0,0.0,1.0,0.0,0.0,0.0,-1.0,4,2025,3,1,11,4,3,0,1,2,0,1,0,0,0,0,0
2025-03-17,S010,Excavator,0,0,0.0,0.0,0.0,0.0,0.0,0.0,0.0,5,2025,3,1,12,3,2,0,1,2,0,0,0,0,0,0,0
2025-03-24,S010,Excavator,0,0,0.0,0.0,0.0,0.0,0.0,0.0,0.0,6,2025,3,1,13,1,1,0,0,1,0,0,0,0,0,0,0
2025-03-31,S010,Excavator,0,1,0.0,0.0,0.0,0.0,0.0,0.0,0.0,7,2025,3,1,14,2,2,0,0,1,1,0,0,0,0,0,0
2025-04-07,S010,Excavator,1,1,0.0,0.0,0.0,0.25,1.0,0.5,1.0,0,2025,4,2,15,3,3,1,0,0,1,0,1,1,0,0,0
2025-04-14,S010,Excavator,1,0,1.0,0.0,0.0,0.5,1.0,0.5773502691896257,1.0,0,2025,4,2,16,4,4,1,0,0,1,1,1,0,1,1,0
2025-04-21,S010,Excavator,0,1,1.0,1.0,0.0,0.5,1.0,0.5773502691896257,0.0,1,2025,4,2,17,5,4,0,2,0,1,1,1,0,0,1,1
2025-04-28,S010,Excavator,1,1,0.0,1.0,0.0,0.75,1.0,0.5,1.0,0,2025,4,2,18,6,5,1,2,0,1,1,1,1,0,0,1
2025-05-05,S010,Excavator,1,1,1.0,0.0,1.0,0.75,1.0,0.5,0.0,0,2025,5,2,19,6,5,1,1,0,1,2,1,0,0,1,0
2025-05-12,S010,Excavator,1,1,1.0,1.0,1.0,0.75,1.0,0.5,0.0,0,2025,5,2,20,6,4,1,1,0,1,3,0,0,0,1,0
2025-05-19,S010,Excavator,1,0,1.0,1.0,0.0,1.0,1.0,0.0,1.0,0,2025,5,2,21,7,5,1,1,1,1,3,0,0,1,0,0
2025-05-26,S010,Excavator,0,1,1.0,1.0,1.0,0.75,1.0,0.5,-1.0,1,2025,5,2,22,3,3,0,1,1,1,0,0,0,0,0,1
2025-06-02,S010,Excavator,1,1,0.0,1.0,1.0,0.75,1.0,0.5,0.0,0,2025,6,2,23,5,4,1,0,1,2,1,0,1,0,0,1
2025-06-09,S010,Excavator,1,1,1.0,0.0,1.0,0.75,1.0,0.5,0.0,0,2025,6,2,24,6,5,1,0,1,2,1,1,0,0,1,0
2025-06-16,S010,Excavator,1,1,1.0,1.0,1.0,0.75,1.0,0.5,0.0,0,2025,6,2,25,4,4,1,1,0,0,1,1,0,1,1,0
2025-06-23,S010,Excavator,1,1,1.0,1.0,0.0,1.0,1.0,0.0,1.0,0,2025,6,2,26,4,4,1,1,0,0,1,1,1,0,0,1
2025-06-30,S010,Excavator,1,1,1.0,1.0,1.0,1.0,1.0,0.0,0.0,0,2025,6,2,27,2,2,1,0,0,0,0,1,0,1,1,1
2025-07-07,S010,Excavator,1,1,1.0,1.0,1.0,1.0,1.0,0.0,0.0,0,2025,7,3,28,5,5,1,1,1,0,1,1,1,0,1,1
2025-07-14,S010,Excavator,1,1,1.0,1.0,1.0,1.0,1.0,0.0,0.0,0,2025,7,3,29,4,4,1,1,1,0,1,0,0,0,1,1
2025-07-21,S010,Excavator,1,0,1.0,1.0,1.0,1.0,1.0,0.0,0.0,0,2025,7,3,30,5,5,1,1,1,0,1,1,0,1,1,0
2025-07-28,S010,Excavator,0,0,1.0,1.0,1.0,0.75,1.0,0.5,-1.0,1,2025,7,3,31,4,4,0,1,1,1,0,1,0,0,0,1
2025-08-04,S010,Excavator,0,0,0.0,1.0,1.0,0.5,1.0,0.5773502691896257,-1.0,2,2025,8,3,32,3,3,0,0,0,1,1,1,0,0,0,1
2025-08-11,S010,Excavator,0,0,0.0,0.0,1.0,0.25,1.0,0.5,-1.0,3,2025,8,3,33,3,3,0,0,0,1,1,1,0,0,0,0
2025-08-18,S010,Excavator,0,0,0.0,0.0,1.0,0.0,0.0,0.0,-1.0,4,2025,8,3,34,1,1,0,0,0,0,0,1,0,0,0,0
2025-08-25,S010,Excavator,0,0,0.0,0.0,0.0,0.0,0.0,0.0,0.0,5,2025,8,3,35,4,2,0,0,0,0,1,3,0,0,0,0
2025-09-01,S010,Excavator,0,0,0.0,0.0,0.0,0.0,0.0,0.0,0.0,6,2025,9,3,36,5,3,0,0,1,0,1,3,0,0,0,0
2025-09-08,S010,Excavator,0,1,0.0,0.0,0.0,0.0,0.0,0.0,0.0,7,2025,9,3,37,4,4,0,0,1,1,1,1,0,0,0,0
2025-09-15,S010,Excavator,1,1,0.0,0.0,0.0,0.25,1.0,0.5,1.0,0,2025,9,3,38,2,2,1,0,0,1,0,0,1,0,0,0
2025-09-22,S010,Excavator,1,1,1.0,0.0,0.0,0.5,1.0,0.5773502691896257,1.0,0,2025,9,3,39,4,4,1,0,1,1,0,1,0,0,1,0
2025-09-29,S010,Excavator,1,1,1.0,1.0,0.0,0.75,1.0,0.5,1.0,0,2025,9,3,40,4,4,1,0,1,0,1,1,0,0,1,0
2025-10-06,S010,Excavator,1,0,1.0,1.0,0.0,1.0,1.0,0.0,1.0,0,2025,10,4,41,2,2,1,0,0,0,1,0,0,1,0,0
2025-10-13,S010,Excavator,0,0,1.0,1.0,1.0,0.75,1.0,0.5,-1.0,1,2025,10,4,42,1,1,0,0,0,1,0,0,0,0,0,1
2025-10-20,S010,Excavator,0,0,0.0,1.0,1.0,0.5,1.0,0.5773502691896257,-1.0,2,2025,10,4,43,2,2,0,0,0,1,1,0,0,0,0,1
2025-10-27,S010,Excavator,0,1,0.0,0.0,1.0,0.25,1.0,0.5,-1.0,3,2025,10,4,44,4,2,0,0,0,1,3,0,0,0,0,0
2025-11-03,S010,Excavator,1,1,0.0,0.0,1.0,0.25,1.0,0.5,0.0,0,2025,11,4,45,7,4,1,0,1,2,3,0,1,0,0,0
2025-11-10,S010,Excavator,1,1,1.0,0.0,0.0,0.5,1.0,0.5773502691896257,1.0,0,2025,11,4,46,9,5,1,0,1,3,3,1,0,0,1,0
2025-11-17,S010,Excavator,1,0,1.0,1.0,0.0,0.75,1.0,0.5,1.0,0,2025,11,4,47,8,6,1,1,1,3,1,1,0,1,1,0
2025-11-24,S010,Excavator,0,1,1.0,1.0,0.0,0.75,1.0,0.5,0.0,1,2025,11,4,48,4,4,0,1,1,1,1,0,0,0,0,1
2025-12-01,S010,Excavator,1,1,0.0,1.0,1.0,0.75,1.0,0.5,0.0,0,2025,12,4,49,4,4,1,1,1,0,1,0,1,0,0,1
2025-12-08,S010,Excavator,1,0,1.0,0.0,1.0,0.75,1.0,0.5,0.0,0,2025,12,4,50,3,3,1,1,1,0,0,0,0,1,1,0
2025-12-15,S010,Excavator,0,1,1.0,1.0,1.0,0.5,1.0,0.5773502691896257,-1.0,1,2025,12,4,51,5,3,0,1,1,3,0,0,0,0,1,1
2024-01-01,S010,Grader,0,0,0.0,0.0,0.0,0.0,0.0,0.0,0.0,1,2024,1,1,1,0,0,0,0,0,0,0,0,0,0,0,0
2024-01-08,S010,Grader,0,0,0.0,0.0,0.0,0.0,0.0,0.0,0.0,2,2024,1,1,2,2,2,1,0,0,1,0,0,0,0,0,0
2024-01-15,S010,Grader,0,0,0.0,0.0,0.0,0.0,0.0,0.0,0.0,3,2024,1,1,3,3,3,1,0,0,1,1,0,0,0,0,0
2024-01-22,S010,Grader,0,0,0.0,0.0,0.0,0.0,0.0,0.0,0.0,4,2024,1,1,4,3,3,1,1,0,0,1,0,0,0,0,0
2024-01-29,S010,Grader,0,0,0.0,0.0,0.0,0.0,0.0,0.0,0.0,5,2024,1,1,5,1,1,0,1,0,0,0,0,0,0,0,0
2024-02-05,S010,Grader,0,0,0.0,0.0,0.0,0.0,0.0,0.0,0.0,6,2024,2,1,6,2,2,1,0,0,0,1,0,0,0,0,0
2024-02-12,S010,Grader,0,2,0.0,0.0,0.0,0.0,0.0,0.0,0.0,7,2024,2,1,7,5,5,1,1,0,1,1,1,0,0,0,0
2024-02-19,S010,Grader,2,2,0.0,0.0,0.0,0.5,2.0,1.0,2.0,0,2024,2,1,8,7,6,1,1,2,1,1,1,2,0,0,0
2024-02-26,S010,Grader,2,2,2.0,0.0,0.0,1.0,2.0,1.1547005383792515,2.0,0,2024,2,1,9,5,4,1,1,2,0,1,0,0,1,2,0
2024-03-04,S010,Grader,2,2,2.0,2.0,0.0,1.5,2.0,1.0,2.0,0,2024,3,1,10,4,3,1,1,2,0,0,0,1,0,2,1
2024-03-11,S010,Grader,2,0,2.0,2.0,0.0,2.0,2.0,0.0,2.0,0,2024,3,1,11,5,4,0,1,2,0,1,1,0,2,1,1
2024-03-18,S010,Grader,0,0,2.0,2.0,2.0,1.5,2.0,1.0,-2.0,1,2024,3,1,12,2,2,0,0,0,0,1,1,0,0,1,2
2024-03-25,S010,Grader,0,0,0.0,2.0,2.0,1.0,2.0,1.1547005383792515,-2.0,2,2024,3,1,13,0,0,0,0,0,0,0,0,0,0,0,2
2024-04-01,S010,Grader,0,0,0.0,0.0,2.0,0.5,2.0,1.0,-2.0,3,2024,4,2,14,0,0,0,0,0,0,0,0,0,0,0,0
2024-04-08,S010,Grader,0,0,0.0,0.0,2.0,0.0,0.0,0.0,-2.0,4,2024,4,2,15,1,1,0,1,0,0,0,0,0,0,0,0
2024-04-15,S010,Grader,0,0,0.0,0.0,0.0,0.0,0.0,0.0,0.0,5,2024,4,2,16,1,1,0,1,0,0,0,0,0,0,0,0
2024-04-22,S010,Grader,0,0,0.0,0.0,0.0,0.0,0.0,0.0,0.0,6,2024,4,2,17,1,1,0,1,0,0,0,0,0,0,0,0
2024-04-29,S010,Grader,0,0,0.0,0.0,0.0,0.0,0.0,0.0,0.0,7,2024,4,2,18,1,1,0,1,0,0,0,0,0,0,0,0
2024-05-06,S010,Grader,0,0,0.0,0.0,0.0,0.0,0.0,0.0,0.0,8,2024,5,2,19,2,2,1,0,0,0,1,0,0,0,0,0
2024-05-13,S010,Grader,0,0,0.0,0.0,0.0,0.0,0.0,0.0,0.0,9,2024,5,2,20,3,3,1,1,0,0,1,0,0,0,0,0
2024-05-20,S010,Grader,0,0,0.0,0.0,0.0,0.0,0.0,0.0,0.0,10,2024,5,2,21,2,2,0,1,0,0,1,0,0,0,0,0
2024-05-27,S010,Grader,0,0,0.0,0.0,0.0,0.0,0.0,0.0,0.0,11,2024,5,2,22,3,3,1,0,0,0,1,1,0,0,0,0
2024-06-03,S010,Grader,0,0,0.0,0.0,0.0,0.0,0.0,0.0,0.0,12,2024,6,2,23,3,3,1,0,0,0,1,1,0,0,0,0
2024-06-10,S010,Grader,0,0,0.0,0.0,0.0,0.0,0.0,0.0,0.0,13,2024,6,2,24,1,1,0,0,0,0,1,0,0,0,0,0
2024-06-17,S010,Grader,0,0,0.0,0.0,0.0,0.0,0.0,0.0,0.0,14,2024,6,2,25,2,2,0,0,0,1,1,0,0,0,0,0
2024-06-24,S010,Grader,0,0,0.0,0.0,0.0,0.0,0.0,0.0,0.0,15,2024,6,2,26,2,2,0,0,0,1,1,0,0,0,0,0
2024-07-01,S010,Grader,0,0,0.0,0.0,0.0,0.0,0.0,0.0,0.0,16,2024,7,3,27,3,1,0,0,0,3,0,0,0,0,0,0
2024-07-08,S010,Grader,0,0,0.0,0.0,0.0,0.0,0.0,0.0,0.0,17,2024,7,3,28,3,1,0,0,0,3,0,0,0,0,0,0
2024-07-15,S010,Grader,0,0,0.0,0.0,0.0,0.0,0.0,0.0,0.0,18,2024,7,3,29,2,2,1,1,0,0,0,0,0,0,0,0
2024-07-22,S010,Grader,0,1,0.0,0.0,0.0,0.0,0.0,0.0,0.0,19,2024,7,3,30,3,2,2,1,0,0,0,0,0,0,0,0
2024-07-29,S010,Grader,1,1,0.0,0.0,0.0,0.25,1.0,0.5,1.0,0,2024,7,3,31,3,2,2,0,1,0,0,0,1,0,0,0
2024-08-05,S010,Grader,1,0,1.0,0.0,0.0,0.5,1.0,0.5773502691896257,1.0,0,2024,8,3,32,3,3,1,0,1,0,0,1,0,1,1,0
2024-08-12,S010,Grader,0,1,1.0,1.0,0.0,0.5,1.0,0.5773502691896257,0.0,1,2024,8,3,33,2,2,0,0,0,0,1,1,0,0,1,1
2024-08-19,S010,Grader,1,1,0.0,1.0,0.0,0.75,1.0,0.5,1.0,0,2024,8,3,34,2,2,0,0,1,0,1,0,1,0,0,1
2024-08-26,S010,Grader,1,0,1.0,0.0,1.0,0.75,1.0,0.5,0.0,0,2024,8,3,35,2,2,0,0,1,0,1,0,0,1,1,0
2024-09-02,S010,Grader,0,0,1.0,1.0,1.0,0.5,1.0,0.5773502691896257,-1.0,1,2024,9,3,36,1,1,0,0,0,1,0,0,0,0,1,1
2024-09-09,S010,Grader,0,0,0.0,1.0,0.0,0.5,1.0,0.5773502691896257,0.0,2,2024,9,3,37,2,2,1,0,0,1,0,0,0,0,0,1
2024-09-16,S010,Grader,0,1,0.0,0.0,1.0,0.25,1.0,0.5,-1.0,3,2024,9,3,38,4,3,2,1,0,1,0,0,0,0,0,0
2024-09-23,S010,Grader,1,1,0.0,0.0,1.0,0.25,1.0,0.5,0.0,0,2024,9,3,39,5,4,2,1,1,1,0,0,1,0,0,0
2024-09-30,S010,Grader,1,0,1.0,0.0,0.0,0.5,1.0,0.5773502691896257,1.0,0,2024,9,3,40,5,5,1,1,1,1,1,0,0,1,1,0
2024-10-07,S010,Grader,0,0,1.0,1.0,0.0,0.5,1.0,0.5773502691896257,0.0,1,2024,10,4,41,2,2,0,1,0,0,1,0,0,0,1,1
2024-10-14,S010,Grader,0,1,0.0,1.0,0.0,0.5,1.0,0.5773502691896257,0.0,2,2024,10,4,42,1,1,0,0,0,0,1,0,0,0,0,1
2024-10-21,S010,Grader,1,1,0.0,0.0,1.0,0.5,1.0,0.5773502691896257,0.0,0,2024,10,4,43,4,4,1,1,1,0,1,0,1,0,0,0
2024-10-28,S010,Grader,1,0,1.0,0.0,1.0,0.5,1.0,0.5773502691896257,0.0,0,2024,10,4,44,4,4,1,1,1,0,1,0,0,1,1,0
2024-11-04,S010,Grader,0,0,1.0,1.0,0.0,0.5,1.0,0.5773502691896257,0.0,1,2024,11,4,45,6,4,1,3,0,0,1,1,0,0,1,1
2024-11-11,S010,Grader,0,1,0.0,1.0,0.0,0.5,1.0,0.5773502691896257,0.0,2,2024,11,4,46,6,3,2,3,0,0,0,1,0,0,0,1
2024-11-18,S010,Grader,1,1,0.0,0.0,1.0,0.5,1.0,0.5773502691896257,0.0,0,2024,11,4,47,9,5,2,4,1,1,0,1,1,0,0,0
2024-11-25,S010,Grader,1,0,1.0,0.0,1.0,0.5,1.0,0.5773502691896257,0.0,0,2024,11,4,48,8,5,1,4,1,1,0,1,0,1,1,0
2024-12-02,S010,Grader,0,0,1.0,1.0,0.0,0.5,1.0,0.5773502691896257,0.0,1,2024,12,4,49,5,4,1,2,0,1,0,1,0,0,1,1
2024-12-09,S010,Grader,0,0,0.0,1.0,0.0,0.5,1.0,0.5773502691896257,0.0,2,2024,12,4,50,4,3,1,2,0,0,0,1,0,0,0,1
2024-12-16,S010,Grader,0,1,0.0,0.0,1.0,0.25,1.0,0.5,-1.0,3,2024,12,4,51,3,2,1,2,0,0,0,0,0,0,0,0
2024-12-23,S010,Grader,1,1,0.0,0.0,1.0,0.25,1.0,0.5,0.0,0,2024,12,4,52,5,4,0,1,1,1,0,2,1,0,0,0
2024-12-30,S010,Grader,1,0,1.0,0.0,0.0,0.5,1.0,0.5773502691896257,1.0,0,2024,12,4,1,4,3,0,0,1,1,0,2,0,1,1,0
2025-01-06,S010,Grader,0,0,1.0,1.0,0.0,0.5,1.0,0.5773502691896257,0.0,1,2025,1,1,2,4,3,1,0,0,0,1,2,0,0,1,1
2025-01-13,S010,Grader,0,0,0.0,1.0,0.0,0.5,1.0,0.5773502691896257,0.0,2,2025,1,1,3,3,3,1,0,0,1,1,0,0,0,0,1
2025-01-20,S010,Grader,0,0,0.0,0.0,1.0,0.25,1.0,0.5,-1.0,3,2025,1,1,4,5,3,1,2,0,2,0,0,0,0,0,0
2025-01-27,S010,Grader,0,1,0.0,0.0,1.0,0.0,0.0,0.0,-1.0,4,2025,1,1,5,8,4,1,2,0,2,3,0,0,0,0,0
2025-02-03,S010,Grader,1,1,0.0,0.0,0.0,0.25,1.0,0.5,1.0,0,2025,2,1,6,6,4,1,0,1,1,3,0,1,0,0,0
2025-02-10,S010,Grader,1,1,1.0,0.0,0.0,0.5,1.0,0.5773502691896257,1.0,0,2025,2,1,7,5,4,1,0,1,1,2,0,0,0,1,0
2025-02-17,S010,Grader,1,0,1.0,1.0,0.0,0.75,1.0,0.5,1.0,0,2025,2,1,8,3,3,0,0,1,1,1,0,0,1,1,0
2025-02-24,S010,Grader,0,0,1.0,1.0,0.0,0.75,1.0,0.5,0.0,1,2025,2,1,9,3,2,0,0,0,0,2,1,0,0,0,1
2025-03-03,S010,Grader,0,2,0.0,1.0,1.0,0.5,1.0,0.5773502691896257,-1.0,2,2025,3,1,10,4,3,0,1,0,0,2,1,0,0,0,1
2025-03-10,S010,Grader,2,2,0.0,0.0,1.0,0.75,2.0,0.9574271077563381,1.0,0,2025,3,1,11,4,3,0,1,2,0,1,0,2,0,0,0
2025-03-17,S010,Grader,2,1,2.0,0.0,1.0,1.0,2.0,1.1547005383792515,1.0,0,2025,3,1,12,3,2,0,1,2,0,0,0,0,1,2,0
2025-03-24,S010,Grader,1,1,2.0,2.0,0.0,1.25,2.0,0.9574271077563382,1.0,0,2025,3,1,13,1,1,0,0,1,0,0,0,0,0,2,1
2025-03-31,S010,Grader,1,0,1.0,2.0,0.0,1.5,2.0,0.5773502691896258,1.0,0,2025,3,1,14,2,2,0,0,1,1,0,0,0,1,0,1
2025-04-07,S010,Grader,0,0,1.0,1.0,2.0,1.0,2.0,0.8164965809277261,-2.0,1,2025,4,2,15,3,3,1,0,0,1,0,1,0,0,0,1
2025-04-14,S010,Grader,0,0,0.0,1.0,2.0,0.5,1.0,0.5773502691896258,-2.0,2,2025,4,2,16,4,4,1,0,0,1,1,1,0,0,0,1
2025-04-21,S010,Grader,0,0,0.0,0.0,1.0,0.25,1.0,0.5000000000000001,-1.0,3,2025,4,2,17,5,4,0,2,0,1,1,1,0,0,0,0
2025-04-28,S010,Grader,0,0,0.0,0.0,1.0,0.0,0.0,0.0,-1.0,4,2025,4,2,18,6,5,1,2,0,1,1,1,0,0,0,0
2025-05-05,S010,Grader,0,0,0.0,0.0,0.0,0.0,0.0,0.0,0.0,5,2025,5,2,19,6,5,1,1,0,1,2,1,0,0,0,0
2025-05-12,S010,Grader,0,1,0.0,0.0,0.0,0.0,0.0,0.0,0.0,6,2025,5,2,20,6,4,1,1,0,1,3,0,0,0,0,0
2025-05-19,S010,Grader,1,1,0.0,0.0,0.0,0.25,1.0,0.5,1.0,0,2025,5,2,21,7,5,1,1,1,1,3,0,1,0,0,0
2025-05-26,S010,Grader,1,1,1.0,0.0,0.0,0.5,1.0,0.5773502691896257,1.0,0,2025,5,2,22,3,3,0,1,1,1,0,0,0,0,1,0
2025-06-02,S010,Grader,1,1,1.0,1.0,0.0,0.75,1.0,0.5,1.0,0,2025,6,2,23,5,4,1,0,1,2,1,0,0,0,1,0
2025-06-09,S010,Grader,1,0,1.0,1.0,0.0,1.0,1.0,0.0,1.0,0,2025,6,2,24,6,5,1,0,1,2,1,1,0,1,0,0
2025-06-16,S010,Grader,0,0,1.0,1.0,1.0,0.75,1.0,0.5,-1.0,1,2025,6,2,25,4,4,1,1,0,0,1,1,0,0,0,1
2025-06-23,S010,Grader,0,0,0.0,1.0,1.0,0.5,1.0,0.5773502691896257,-1.0,2,2025,6,2,26,4,4,1,1,0,0,1,1,0,0,0,1
2025-06-30,S010,Grader,0,1,0.0,0.0,1.0,0.25,1.0,0.5,-1.0,3,2025,6,2,27,2,2,1,0,0,0,0,1,0,0,0,0
2025-07-07,S010,Grader,1,1,0.0,0.0,1.0,0.25,1.0,0.5,0.0,0,2025,7,3,28,5,5,1,1,1,0,1,1,1,0,0,0
2025-07-14,S010,Grader,1,1,1.0,0.0,0.0,0.5,1.0,0.5773502691896257,1.0,0,2025,7,3,29,4,4,1,1,1,0,1,0,0,0,1,0
2025-07-21,S010,Grader,1,1,1.0,1.0,0.0,0.75,1.0,0.5,1.0,0,2025,7,3,30,5,5,1,1,1,0,1,1,0,0,1,0
2025-07-28,S010,Grader,1,0,1.0,1.0,0.0,1.0,1.0,0.0,1.0,0,2025,7,3,31,4,4,0,1,1,1,0,1,0,1,0,0
2025-08-04,S010,Grader,0,0,1.0,1.0,1.0,0.75,1.0,0.5,-1.0,1,2025,8,3,32,3,3,0,0,0,1,1,1,0,0,0,1
2025-08-11,S010,Grader,0,0,0.0,1.0,1.0,0.5,1.0,0.5773502691896257,-1.0,2,2025,8,3,33,3,3,0,0,0,1,1,1,0,0,0,1
2025-08-18,S010,Grader,0,0,0.0,0.0,1.0,0.25,1.0,0.5,-1.0,3,2025,8,3,34,1,1,0,0,0,0,0,1,0,0,0,0
2025-08-25,S010,Grader,0,1,0.0,0.0,1.0,0.0,0.0,0.0,-1.0,4,2025,8,3,35,4,2,0,0,0,0,1,3,0,0,0,0
2025-09-01,S010,Grader,1,1,0.0,0.0,0.0,0.25,1.0,0.5,1.0,0,2025,9,3,36,5,3,0,0,1,0,1,3,1,0,0,0
2025-09-08,S010,Grader,1,0,1.0,0.0,0.0,0.5,1.0,0.5773502691896257,1.0,0,2025,9,3,37,4,4,0,0,1,1,1,1,0,1,1,0
2025-09-15,S010,Grader,0,1,1.0,1.0,0.0,0.5,1.0,0.5773502691896257,0.0,1,2025,9,3,38,2,2,1,0,0,1,0,0,0,0,1,1
2025-09-22,S010,Grader,1,1,0.0,1.0,0.0,0.75,1.0,0.5,1.0,0,2025,9,3,39,4,4,1,0,1,1,0,1,1,0,0,1
2025-09-29,S010,Grader,1,0,1.0,0.0,1.0,0.75,1.0,0.5,0.0,0,2025,9,3,40,4,4,1,0,1,0,1,1,0,1,1,0
2025-10-06,S010,Grader,0,0,1.0,1.0,1.0,0.5,1.0,0.5773502691896257,-1.0,1,2025,10,4,41,2,2,1,0,0,0,1,0,0,0,1,1
2025-10-13,S010,Grader,0,0,0.0,1.0,0.0,0.5,1.0,0.5773502691896257,0.0,2,2025,10,4,42,1,1,0,0,0,1,0,0,0,0,0,1
2025-10-20,S010,Grader,0,0,0.0,0.0,1.0,0.25,1.0,0.5,-1.0,3,2025,10,4,43,2,2,0,0,0,1,1,0,0,0,0,0
2025-10-27,S010,Grader,0,1,0.0,0.0,1.0,0.0,0.0,0.0,-1.0,4,2025,10,4,44,4,2,0,0,0,1,3,0,0,0,0,0
2025-11-03,S010,Grader,1,1,0.0,0.0,0.0,0.25,1.0,0.5,1.0,0,2025,11,4,45,7,4,1,0,1,2,3,0,1,0,0,0
2025-11-10,S010,Grader,1,1,1.0,0.0,0.0,0.5,1.0,0.5773502691896257,1.0,0,2025,11,4,46,9,5,1,0,1,3,3,1,0,1,1,0
2025-11-17,S010,Grader,1,1,1.0,1.0,0.0,0.75,1.0,0.5,1.0,0,2025,11,4,47,8,6,1,1,1,3,1,1,1,0,1,1
2025-11-24,S010,Grader,1,1,1.0,1.0,0.0,1.0,1.0,0.0,1.0,0,2025,11,4,48,4,4,0,1,1,1,1,0,0,1,1,1
2025-12-01,S010,Grader,1,1,1.0,1.0,1.0,1.0,1.0,0.0,0.0,0,2025,12,4,49,4,4,1,1,1,0,1,0,1,0,1,1
2025-12-08,S010,Grader,1,1,1.0,1.0,1.0,1.0,1.0,0.0,0.0,0,2025,12,4,50,3,3,1,1,1,0,0,0,0,0,1,1
2025-12-15,S010,Grader,1,0,1.0,1.0,1.0,1.0,1.0,0.0,0.0,0,2025,12,4,51,5,3,0,1,1,3,0,0,0,1,1,0
2024-01-01,S010,Loader,0,0,0.0,0.0,0.0,0.0,0.0,0.0,0.0,1,2024,1,1,1,0,0,0,0,0,0,0,0,0,0,0,0
2024-01-08,S010,Loader,0,1,0.0,0.0,0.0,0.0,0.0,0.0,0.0,2,2024,1,1,2,2,2,1,0,0,1,0,0,0,0,0,0
2024-01-15,S010,Loader,1,1,0.0,0.0,0.0,0.0,0.0,0.0,0.0,0,2024,1,1,3,3,3,1,0,0,1,1,0,1,0,0,0
2024-01-22,S010,Loader,1,0,1.0,0.0,0.0,0.5,1.0,0.5773502691896257,0.0,0,2024,1,1,4,3,3,1,1,0,0,1,0,0,1,1,0
2024-01-29,S010,Loader,0,1,1.0,1.0,0.0,0.5,1.0,0.5773502691896257,0.0,1,2024,1,1,5,1,1,0,1,0,0,0,0,0,0,1,1
2024-02-05,S010,Loader,1,1,0.0,1.0,0.0,0.75,1.0,0.5,1.0,0,2024,2,1,6,2,2,1,0,0,0,1,0,1,0,0,1
2024-02-12,S010,Loader,1,1,1.0,0.0,1.0,0.75,1.0,0.5,0.0,0,2024,2,1,7,5,5,1,1,0,1,1,1,0,0,1,0
2024-02-19,S010,Loader,1,1,1.0,1.0,1.0,0.75,1.0,0.5,0.0,0,2024,2,1,8,7,6,1,1,2,1,1,1,0,0,1,0
2024-02-26,S010,Loader,1,0,1.0,1.0,0.0,1.0,1.0,0.0,1.0,0,2024,2,1,9,5,4,1,1,2,0,1,0,0,1,0,0
2024-03-04,S010,Loader,0,1,1.0,1.0,1.0,0.75,1.0,0.5,-1.0,1,2024,3,1,10,4,3,1,1,2,0,0,0,0,0,0,1
2024-03-11,S010,Loader,1,1,0.0,1.0,1.0,0.75,1.0,0.5,0.0,0,2024,3,1,11,5,4,0,1,2,0,1,1,1,0,0,1
2024-03-18,S010,Loader,1,0,1.0,0.0,1.0,0.75,1.0,0.5,0.0,0,2024,3,1,12,2,2,0,0,0,0,1,1,0,1,1,0
2024-03-25,S010,Loader,0,0,1.0,1.0,1.0,0.5,1.0,0.5773502691896257,-1.0,1,2024,3,1,13,0,0,0,0,0,0,0,0,0,0,1,1
2024-04-01,S010,Loader,0,0,0.0,1.0,0.0,0.5,1.0,0.5773502691896257,0.0,2,2024,4,2,14,0,0,0,0,0,0,0,0,0,0,0,1
2024-04-08,S010,Loader,0,0,0.0,0.0,1.0,0.25,1.0,0.5,-1.0,3,2024,4,2,15,1,1,0,1,0,0,0,0,0,0,0,0
2024-04-15,S010,Loader,0,0,0.0,0.0,1.0,0.0,0.0,0.0,-1.0,4,2024,4,2,16,1,1,0,1,0,0,0,0,0,0,0,0
2024-04-22,S010,Loader,0,0,0.0,0.0,0.0,0.0,0.0,0.0,0.0,5,2024,4,2,17,1,1,0,1,0,0,0,0,0,0,0,0
2024-04-29,S010,Loader,0,1,0.0,0.0,0.0,0.0,0.0,0.0,0.0,6,2024,4,2,18,1,1,0,1,0,0,0,0,0,0,0,0
2024-05-06,S010,Loader,1,1,0.0,0.0,0.0,0.25,1.0,0.5,1.0,0,2024,5,2,19,2,2,1,0,0,0,1,0,1,0,0,0
2024-05-13,S010,Loader,1,1,1.0,0.0,0.0,0.5,1.0,0.5773502691896257,1.0,0,2024,5,2,20,3,3,1,1,0,0,1,0,0,0,1,0
2024-05-20,S010,Loader,1,1,1.0,1.0,0.0,0.75,1.0,0.5,1.0,0,2024,5,2,21,2,2,0,1,0,0,1,0,0,0,1,0
2024-05-27,S010,Loader,1,1,1.0,1.0,0.0,1.0,1.0,0.0,1.0,0,2024,5,2,22,3,3,1,0,0,0,1,1,0,0,0,0
2024-06-03,S010,Loader,1,1,1.0,1.0,1.0,1.0,1.0,0.0,0.0,0,2024,6,2,23,3,3,1,0,0,0,1,1,0,0,0,0
2024-06-10,S010,Loader,1,1,1.0,1.0,1.0,1.0,1.0,0.0,0.0,0,2024,6,2,24,1,1,0,0,0,0,1,0,0,1,0,0
2024-06-17,S010,Loader,1,1,1.0,1.0,1.0,1.0,1.0,0.0,0.0,0,2024,6,2,25,2,2,0,0,0,1,1,0,1,0,0,1
2024-06-24,S010,Loader,1,0,1.0,1.0,1.0,1.0,1.0,0.0,0.0,0,2024,6,2,26,2,2,0,0,0,1,1,0,0,1,1,1
2024-07-01,S010,Loader,0,0,1.0,1.0,1.0,0.75,1.0,0.5,-1.0,1,2024,7,3,27,3,1,0,0,0,3,0,0,0,0,1,1
2024-07-08,S010,Loader,0,0,0.0,1.0,1.0,0.5,1.0,0.5773502691896257,-1.0,2,2024,7,3,28,3,1,0,0,0,3,0,0,0,0,0,1
2024-07-15,S010,Loader,0,0,0.0,0.0,1.0,0.25,1.0,0.5,-1.0,3,2024,7,3,29,2,2,1,1,0,0,0,0,0,0,0,0
2024-07-22,S010,Loader,0,0,0.0,0.0,1.0,0.0,0.0,0.0,-1.0,4,2024,7,3,30,3,2,2,1,0,0,0,0,0,0,0,0
2024-07-29,S010,Loader,0,0,0.0,0.0,0.0,0.0,0.0,0.0,0.0,5,2024,7,3,31,3,2,2,0,1,0,0,0,0,0,0,0
2024-08-05,S010,Loader,0,1,0.0,0.0,0.0,0.0,0.0,0.0,0.0,6,2024,8,3,32,3,3,1,0,1,0,0,1,0,0,0,0
2024-08-12,S010,Loader,1,1,0.0,0.0,0.0,0.25,1.0,0.5,1.0,0,2024,8,3,33,2,2,0,0,0,0,1,1,1,0,0,0
2024-08-19,S010,Loader,1,1,1.0,0.0,0.0,0.5,1.0,0.5773502691896257,1.0,0,2024,8,3,34,2,2,0,0,1,0,1,0,0,0,1,0
2024-08-26,S010,Loader,1,0,1.0,1.0,0.0,0.75,1.0,0.5,1.0,0,2024,8,3,35,2,2,0,0,1,0,1,0,0,1,1,0
2024-09-02,S010,Loader,0,0,1.0,1.0,0.0,0.75,1.0,0.5,0.0,1,2024,9,3,36,1,1,0,0,0,1,0,0,0,0,0,1
2024-09-09,S010,Loader,0,0,0.0,1.0,1.0,0.5,1.0,0.5773502691896257,-1.0,2,2024,9,3,37,2,2,1,0,0,1,0,0,0,0,0,1
2024-09-16,S010,Loader,0,0,0.0,0.0,1.0,0.25,1.0,0.5,-1.0,3,2024,9,3,38,4,3,2,1,0,1,0,0,0,0,0,0
2024-09-23,S010,Loader,0,1,0.0,0.0,1.0,0.0,0.0,0.0,-1.0,4,2024,9,3,39,5,4,2,1,1,1,0,0,0,0,0,0
2024-09-30,S010,Loader,1,1,0.0,0.0,0.0,0.25,1.0,0.5,1.0,0,2024,9,3,40,5,5,1,1,1,1,1,0,1,0,0,0
2024-10-07,S010,Loader,1,1,1.0,0.0,0.0,0.5,1.0,0.5773502691896257,1.0,0,2024,10,4,41,2,2,0,1,0,0,1,0,0,0,1,0
2024-10-14,S010,Loader,1,1,1.0,1.0,0.0,0.75,1.0,0.5,1.0,0,2024,10,4,42,1,1,0,0,0,0,1,0,0,1,1,0
2024-10-21,S010,Loader,1,1,1.0,1.0,0.0,1.0,1.0,0.0,1.0,0,2024,10,4,43,4,4,1,1,1,0,1,0,1,0,0,1
2024-10-28,S010,Loader,1,1,1.0,1.0,1.0,1.0,1.0,0.0,0.0,0,2024,10,4,44,4,4,1,1,1,0,1,0,0,0,1,1
2024-11-04,S010,Loader,1,0,1.0,1.0,1.0,1.0,1.0,0.0,0.0,0,2024,11,4,45,6,4,1,3,0,0,1,1,0,1,1,0
2024-11-11,S010,Loader,0,0,1.0,1.0,1.0,0.75,1.0,0.5,-1.0,1,2024,11,4,46,6,3,2,3,0,0,0,1,0,0,0,1
2024-11-18,S010,Loader,0,0,0.0,1.0,1.0,0.5,1.0,0.5773502691896257,-1.0,2,2024,11,4,47,9,5,2,4,1,1,0,1,0,0,0,1
2024-11-25,S010,Loader,0,0,0.0,0.0,1.0,0.25,1.0,0.5,-1.0,3,2024,11,4,48,8,5,1,4,1,1,0,1,0,0,0,0
2024-12-02,S010,Loader,0,0,0.0,0.0,1.0,0.0,0.0,0.0,-1.0,4,2024,12,4,49,5,4,1,2,0,1,0,1,0,0,0,0
2024-12-09,S010,Loader,0,0,0.0,0.0,0.0,0.0,0.0,0.0,0.0,5,2024,12,4,50,4,3,1,2,0,0,0,1,0,0,0,0
2024-12-16,S010,Loader,0,0,0.0,0.0,0.0,0.0,0.0,0.0,0.0,6,2024,12,4,51,3,2,1,2,0,0,0,0,0,0,0,0
2024-12-23,S010,Loader,0,0,0.0,0.0,0.0,0.0,0.0,0.0,0.0,7,2024,12,4,52,5,4,0,1,1,1,0,2,0,0,0,0
2024-12-30,S010,Loader,0,1,0.0,0.0,0.0,0.0,0.0,0.0,0.0,8,2024,12,4,1,4,3,0,0,1,1,0,2,0,0,0,0
2025-01-06,S010,Loader,1,1,0.0,0.0,0.0,0.25,1.0,0.5,1.0,0,2025,1,1,2,4,3,1,0,0,0,1,2,1,0,0,0
2025-01-13,S010,Loader,1,0,1.0,0.0,0.0,0.5,1.0,0.5773502691896257,1.0,0,2025,1,1,3,3,3,1,0,0,1,1,0,0,1,1,0
2025-01-20,S010,Loader,0,3,1.0,1.0,0.0,0.5,1.0,0.5773502691896257,0.0,1,2025,1,1,4,5,3,1,2,0,2,0,0,0,0,1,1
2025-01-27,S010,Loader,3,3,0.0,1.0,0.0,1.25,3.0,1.2583057392117918,3.0,0,2025,1,1,5,8,4,1,2,0,2,3,0,3,0,0,1
2025-02-03,S010,Loader,3,2,3.0,0.0,1.0,1.75,3.0,1.5000000000000002,2.0,0,2025,2,1,6,6,4,1,0,1,1,3,0,0,1,3,0
2025-02-10,S010,Loader,2,1,3.0,3.0,1.0,2.0,3.0,1.4142135623730951,1.0,0,2025,2,1,7,5,4,1,0,1,1,2,0,0,1,3,1
2025-02-17,S010,Loader,1,2,2.0,3.0,0.0,2.25,3.0,0.9574271077563384,1.0,0,2025,2,1,8,3,3,0,0,1,1,1,0,0,1,0,2
2025-02-24,S010,Loader,2,2,1.0,2.0,3.0,2.0,3.0,0.8164965809277264,-1.0,0,2025,2,1,9,3,2,0,0,0,0,2,1,2,0,0,2
2025-03-03,S010,Loader,2,1,2.0,1.0,3.0,1.75,2.0,0.5000000000000006,-1.0,0,2025,3,1,10,4,3,0,1,0,0,2,1,0,1,2,1
2025-03-10,S010,Loader,1,0,2.0,2.0,2.0,1.5,2.0,0.5773502691896263,-1.0,0,2025,3,1,11,4,3,0,1,2,0,1,0,0,1,2,1
2025-03-17,S010,Loader,0,0,1.0,2.0,1.0,1.25,2.0,0.9574271077563384,-1.0,1,2025,3,1,12,3,2,0,1,2,0,0,0,0,0,0,2
2025-03-24,S010,Loader,0,0,0.0,1.0,2.0,0.75,2.0,0.9574271077563384,-2.0,2,2025,3,1,13,1,1,0,0,1,0,0,0,0,0,0,1
2025-03-31,S010,Loader,0,0,0.0,0.0,2.0,0.25,1.0,0.5000000000000006,-2.0,3,2025,3,1,14,2,2,0,0,1,1,0,0,0,0,0,0
2025-04-07,S010,Loader,0,1,0.0,0.0,1.0,0.0,0.0,0.0,-1.0,4,2025,4,2,15,3,3,1,0,0,1,0,1,0,0,0,0
2025-04-14,S010,Loader,1,1,0.0,0.0,0.0,0.25,1.0,0.5,1.0,0,2025,4,2,16,4,4,1,0,0,1,1,1,1,0,0,0
2025-04-21,S010,Loader,1,1,1.0,0.0,0.0,0.5,1.0,0.5773502691896257,1.0,0,2025,4,2,17,5,4,0,2,0,1,1,1,0,1,1,0
2025-04-28,S010,Loader,1,2,1.0,1.0,0.0,0.75,1.0,0.5,1.0,0,2025,4,2,18,6,5,1,2,0,1,1,1,1,0,1,1
2025-05-05,S010,Loader,2,3,1.0,1.0,0.0,1.25,2.0,0.5,2.0,0,2025,5,2,19,6,5,1,1,0,1,2,1,1,0,1,1
2025-05-12,S010,Loader,3,3,2.0,1.0,1.0,1.75,3.0,0.9574271077563381,2.0,0,2025,5,2,20,6,4,1,1,0,1,3,0,1,0,2,0
2025-05-19,S010,Loader,3,0,3.0,2.0,1.0,2.25,3.0,0.9574271077563381,2.0,0,2025,5,2,21,7,5,1,1,1,1,3,0,0,3,2,0
2025-05-26,S010,Loader,0,1,3.0,3.0,1.0,2.0,3.0,1.4142135623730951,-1.0,1,2025,5,2,22,3,3,0,1,1,1,0,0,0,0,1,3
2025-06-02,S010,Loader,1,1,0.0,3.0,2.0,1.75,3.0,1.5,-1.0,0,2025,6,2,23,5,4,1,0,1,2,1,0,1,0,0,3
2025-06-09,S010,Loader,1,1,1.0,0.0,3.0,1.25,3.0,1.2583057392117916,-2.0,0,2025,6,2,24,6,5,1,0,1,2,1,1,0,0,1,0
2025-06-16,S010,Loader,1,1,1.0,1.0,3.0,0.75,1.0,0.4999999999999995,-2.0,0,2025,6,2,25,4,4,1,1,0,0,1,1,0,0,1,0
2025-06-23,S010,Loader,1,0,1.0,1.0,0.0,1.0,1.0,0.0,1.0,0,2025,6,2,26,4,4,1,1,0,0,1,1,0,1,0,0
2025-06-30,S010,Loader,0,1,1.0,1.0,1.0,0.75,1.0,0.5,-1.0,1,2025,6,2,27,2,2,1,0,0,0,0,1,0,0,0,1
2025-07-07,S010,Loader,1,1,0.0,1.0,1.0,0.75,1.0,0.5,0.0,0,2025,7,3,28,5,5,1,1,1,0,1,1,1,0,0,1
2025-07-14,S010,Loader,1,1,1.0,0.0,1.0,0.75,1.0,0.5,0.0,0,2025,7,3,29,4,4,1,1,1,0,1,0,0,0,1,0
2025-07-21,S010,Loader,1,0,1.0,1.0,1.0,0.75,1.0,0.5,0.0,0,2025,7,3,30,5,5,1,1,1,0,1,1,0,1,1,0
2025-07-28,S010,Loader,0,1,1.0,1.0,0.0,0.75,1.0,0.5,0.0,1,2025,7,3,31,4,4,0,1,1,1,0,1,0,0,0,1
2025-08-04,S010,Loader,1,1,0.0,1.0,1.0,0.75,1.0,0.5,0.0,0,2025,8,3,32,3,3,0,0,0,1,1,1,1,0,0,1
2025-08-11,S010,Loader,1,0,1.0,0.0,1.0,0.75,1.0,0.5,0.0,0,2025,8,3,33,3,3,0,0,0,1,1,1,0,1,1,0
2025-08-18,S010,Loader,0,1,1.0,1.0,1.0,0.5,1.0,0.5773502691896257,-1.0,1,2025,8,3,34,1,1,0,0,0,0,0,1,0,0,1,1
2025-08-25,S010,Loader,1,1,0.0,1.0,0.0,0.75,1.0,0.5,1.0,0,2025,8,3,35,4,2,0,0,0,0,1,3,1,0,0,1
2025-09-01,S010,Loader,1,1,1.0,0.0,1.0,0.75,1.0,0.5,0.0,0,2025,9,3,36,5,3,0,0,1,0,1,3,0,0,1,0
2025-09-08,S010,Loader,1,0,1.0,1.0,1.0,0.75,1.0,0.5,0.0,0,2025,9,3,37,4,4,0,0,1,1,1,1,0,1,1,0
2025-09-15,S010,Loader,0,0,1.0,1.0,0.0,0.75,1.0,0.5,0.0,1,2025,9,3,38,2,2,1,0,0,1,0,0,0,0,0,1
2025-09-22,S010,Loader,0,1,0.0,1.0,1.0,0.5,1.0,0.5773502691896257,-1.0,2,2025,9,3,39,4,4,1,0,1,1,0,1,0,0,0,1
2025-09-29,S010,Loader,1,1,0.0,0.0,1.0,0.5,1.0,0.5773502691896257,0.0,0,2025,9,3,40,4,4,1,0,1,0,1,1,1,0,0,0
2025-10-06,S010,Loader,1,0,1.0,0.0,1.0,0.5,1.0,0.5773502691896257,0.0,0,2025,10,4,41,2,2,1,0,0,0,1,0,0,1,1,0
2025-10-13,S010,Loader,0,1,1.0,1.0,0.0,0.5,1.0,0.5773502691896257,0.0,1,2025,10,4,42,1,1,0,0,0,1,0,0,0,0,1,1
2025-10-20,S010,Loader,1,3,0.0,1.0,0.0,0.75,1.0,0.5,1.0,0,2025,10,4,43,2,2,0,0,0,1,1,0,1,0,0,1
2025-10-27,S010,Loader,3,3,1.0,0.0,1.0,1.25,3.0,1.2583057392117918,2.0,0,2025,10,4,44,4,2,0,0,0,1,3,0,2,0,1,0
2025-11-03,S010,Loader,3,3,3.0,1.0,1.0,1.75,3.0,1.5000000000000002,2.0,0,2025,11,4,45,7,4,1,0,1,2,3,0,0,0,3,0
2025-11-10,S010,Loader,3,1,3.0,3.0,0.0,2.5,3.0,1.0,3.0,0,2025,11,4,46,9,5,1,0,1,3,3,1,0,2,2,0
2025-11-17,S010,Loader,1,1,3.0,3.0,1.0,2.5,3.0,1.0,0.0,0,2025,11,4,47,8,6,1,1,1,3,1,1,0,1,0,2
2025-11-24,S010,Loader,1,1,1.0,3.0,3.0,2.0,3.0,1.1547005383792515,-2.0,0,2025,11,4,48,4,4,0,1,1,1,1,0,1,0,0,3
2025-12-01,S010,Loader,1,0,1.0,1.0,3.0,1.5,3.0,1.0,-2.0,0,2025,12,4,49,4,4,1,1,1,0,1,0,0,1,1,1
2025-12-08,S010,Loader,0,0,1.0,1.0,3.0,0.75,1.0,0.5,-3.0,1,2025,12,4,50,3,3,1,1,1,0,0,0,0,0,1,1
2025-12-15,S010,Loader,0,0,0.0,1.0,1.0,0.5,1.0,0.5773502691896257,-1.0,2,2025,12,4,51,5,3,0,1,1,3,0,0,0,0,0,1
2024-01-01,S010,Roller,0,0,0.0,0.0,0.0,0.0,0.0,0.0,0.0,1,2024,1,1,1,0,0,0,0,0,0,0,0,0,0,0,0
2024-01-08,S010,Roller,0,0,0.0,0.0,0.0,0.0,0.0,0.0,0.0,2,2024,1,1,2,2,2,1,0,0,1,0,0,0,0,0,0
2024-01-15,S010,Roller,0,0,0.0,0.0,0.0,0.0,0.0,0.0,0.0,3,2024,1,1,3,3,3,1,0,0,1,1,0,0,0,0,0
2024-01-22,S010,Roller,0,0,0.0,0.0,0.0,0.0,0.0,0.0,0.0,4,2024,1,1,4,3,3,1,1,0,0,1,0,0,0,0,0
2024-01-29,S010,Roller,0,0,0.0,0.0,0.0,0.0,0.0,0.0,0.0,5,2024,1,1,5,1,1,0,1,0,0,0,0,0,0,0,0
2024-02-05,S010,Roller,0,1,0.0,0.0,0.0,0.0,0.0,0.0,0.0,6,2024,2,1,6,2,2,1,0,0,0,1,0,0,0,0,0
2024-02-12,S010,Roller,1,1,0.0,0.0,0.0,0.25,1.0,0.5,1.0,0,2024,2,1,7,5,5,1,1,0,1,1,1,1,0,0,0
2024-02-19,S010,Roller,1,0,1.0,0.0,0.0,0.5,1.0,0.5773502691896257,1.0,0,2024,2,1,8,7,6,1,1,2,1,1,1,0,1,1,0
2024-02-26,S010,Roller,0,0,1.0,1.0,0.0,0.5,1.0,0.5773502691896257,0.0,1,2024,2,1,9,5,4,1,1,2,0,1,0,0,0,1,1
2024-03-04,S010,Roller,0,1,0.0,1.0,0.0,0.5,1.0,0.5773502691896257,0.0,2,2024,3,1,10,4,3,1,1,2,0,0,0,0,0,0,1
2024-03-11,S010,Roller,1,1,0.0,0.0,1.0,0.5,1.0,0.5773502691896257,0.0,0,2024,3,1,11,5,4,0,1,2,0,1,1,1,0,0,0
2024-03-18,S010,Roller,1,0,1.0,0.0,1.0,0.5,1.0,0.5773502691896257,0.0,0,2024,3,1,12,2,2,0,0,0,0,1,1,0,1,1,0
2024-03-25,S010,Roller,0,0,1.0,1.0,0.0,0.5,1.0,0.5773502691896257,0.0,1,2024,3,1,13,0,0,0,0,0,0,0,0,0,0,1,1
2024-04-01,S010,Roller,0,0,0.0,1.0,0.0,0.5,1.0,0.5773502691896257,0.0,2,2024,4,2,14,0,0,0,0,0,0,0,0,0,0,0,1
2024-04-08,S010,Roller,0,0,0.0,0.0,1.0,0.25,1.0,0.5,-1.0,3,2024,4,2,15,1,1,0,1,0,0,0,0,0,0,0,0
2024-04-15,S010,Roller,0,0,0.0,0.0,1.0,0.0,0.0,0.0,-1.0,4,2024,4,2,16,1,1,0,1,0,0,0,0,0,0,0,0
2024-04-22,S010,Roller,0,0,0.0,0.0,0.0,0.0,0.0,0.0,0.0,5,2024,4,2,17,1,1,0,1,0,0,0,0,0,0,0,0
2024-04-29,S010,Roller,0,0,0.0,0.0,0.0,0.0,0.0,0.0,0.0,6,2024,4,2,18,1,1,0,1,0,0,0,0,0,0,0,0
2024-05-06,S010,Roller,0,0,0.0,0.0,0.0,0.0,0.0,0.0,0.0,7,2024,5,2,19,2,2,1,0,0,0,1,0,0,0,0,0
2024-05-13,S010,Roller,0,0,0.0,0.0,0.0,0.0,0.0,0.0,0.0,8,2024,5,2,20,3,3,1,1,0,0,1,0,0,0,0,0
2024-05-20,S010,Roller,0,1,0.0,0.0,0.0,0.0,0.0,0.0,0.0,9,2024,5,2,21,2,2,0,1,0,0,1,0,0,0,0,0
2024-05-27,S010,Roller,1,1,0.0,0.0,0.0,0.25,1.0,0.5,1.0,0,2024,5,2,22,3,3,1,0,0,0,1,1,1,0,0,0
2024-06-03,S010,Roller,1,0,1.0,0.0,0.0,0.5,1.0,0.5773502691896257,1.0,0,2024,6,2,23,3,3,1,0,0,0,1,1,0,1,1,0
2024-06-10,S010,Roller,0,0,1.0,1.0,0.0,0.5,1.0,0.5773502691896257,0.0,1,2024,6,2,24,1,1,0,0,0,0,1,0,0,0,1,1
2024-06-17,S010,Roller,0,0,0.0,1.0,0.0,0.5,1.0,0.5773502691896257,0.0,2,2024,6,2,25,2,2,0,0,0,1,1,0,0,0,0,1
2024-06-24,S010,Roller,0,0,0.0,0.0,1.0,0.25,1.0,0.5,-1.0,3,2024,6,2,26,2,2,0,0,0,1,1,0,0,0,0,0
2024-07-01,S010,Roller,0,0,0.0,0.0,1.0,0.0,0.0,0.0,-1.0,4,2024,7,3,27,3,1,0,0,0,3,0,0,0,0,0,0
2024-07-08,S010,Roller,0,0,0.0,0.0,0.0,0.0,0.0,0.0,0.0,5,2024,7,3,28,3,1,0,0,0,3,0,0,0,0,0,0
2024-07-15,S010,Roller,0,0,0.0,0.0,0.0,0.0,0.0,0.0,0.0,6,2024,7,3,29,2,2,1,1,0,0,0,0,0,0,0,0
2024-07-22,S010,Roller,0,0,0.0,0.0,0.0,0.0,0.0,0.0,0.0,7,2024,7,3,30,3,2,2,1,0,0,0,0,0,0,0,0
2024-07-29,S010,Roller,0,1,0.0,0.0,0.0,0.0,0.0,0.0,0.0,8,2024,7,3,31,3,2,2,0,1,0,0,0,0,0,0,0
2024-08-05,S010,Roller,1,1,0.0,0.0,0.0,0.25,1.0,0.5,1.0,0,2024,8,3,32,3,3,1,0,1,0,0,1,1,0,0,0
2024-08-12,S010,Roller,1,0,1.0,0.0,0.0,0.5,1.0,0.5773502691896257,1.0,0,2024,8,3,33,2,2,0,0,0,0,1,1,0,1,1,0
2024-08-19,S010,Roller,0,0,1.0,1.0,0.0,0.5,1.0,0.5773502691896257,0.0,1,2024,8,3,34,2,2,0,0,1,0,1,0,0,0,1,1
2024-08-26,S010,Roller,0,0,0.0,1.0,0.0,0.5,1.0,0.5773502691896257,0.0,2,2024,8,3,35,2,2,0,0,1,0,1,0,0,0,0,1
2024-09-02,S010,Roller,0,0,0.0,0.0,1.0,0.25,1.0,0.5,-1.0,3,2024,9,3,36,1,1,0,0,0,1,0,0,0,0,0,0
2024-09-09,S010,Roller,0,0,0.0,0.0,1.0,0.0,0.0,0.0,-1.0,4,2024,9,3,37,2,2,1,0,0,1,0,0,0,0,0,0
2024-09-16,S010,Roller,0,0,0.0,0.0,0.0,0.0,0.0,0.0,0.0,5,2024,9,3,38,4,3,2,1,0,1,0,0,0,0,0,0
2024-09-23,S010,Roller,0,0,0.0,0.0,0.0,0.0,0.0,0.0,0.0,6,2024,9,3,39,5,4,2,1,1,1,0,0,0,0,0,0
2024-09-30,S010,Roller,0,0,0.0,0.0,0.0,0.0,0.0,0.0,0.0,7,2024,9,3,40,5,5,1,1,1,1,1,0,0,0,0,0
2024-10-07,S010,Roller,0,0,0.0,0.0,0.0,0.0,0.0,0.0,0.0,8,2024,10,4,41,2,2,0,1,0,0,1,0,0,0,0,0
2024-10-14,S010,Roller,0,0,0.0,0.0,0.0,0.0,0.0,0.0,0.0,9,2024,10,4,42,1,1,0,0,0,0,1,0,0,0,0,0
2024-10-21,S010,Roller,0,0,0.0,0.0,0.0,0.0,0.0,0.0,0.0,10,2024,10,4,43,4,4,1,1,1,0,1,0,0,0,0,0
2024-10-28,S010,Roller,0,1,0.0,0.0,0.0,0.0,0.0,0.0,0.0,11,2024,10,4,44,4,4,1,1,1,0,1,0,0,0,0,0
2024-11-04,S010,Roller,1,1,0.0,0.0,0.0,0.25,1.0,0.5,1.0,0,2024,11,4,45,6,4,1,3,0,0,1,1,1,0,0,0
2024-11-11,S010,Roller,1,1,1.0,0.0,0.0,0.5,1.0,0.5773502691896257,1.0,0,2024,11,4,46,6,3,2,3,0,0,0,1,0,1,1,0
2024-11-18,S010,Roller,1,1,1.0,1.0,0.0,0.75,1.0,0.5,1.0,0,2024,11,4,47,9,5,2,4,1,1,0,1,1,0,1,1
2024-11-25,S010,Roller,1,1,1.0,1.0,0.0,1.0,1.0,0.0,1.0,0,2024,11,4,48,8,5,1,4,1,1,0,1,0,1,1,1
2024-12-02,S010,Roller,1,1,1.0,1.0,1.0,1.0,1.0,0.0,0.0,0,2024,12,4,49,5,4,1,2,0,1,0,1,1,0,1,1
2024-12-09,S010,Roller,1,0,1.0,1.0,1.0,1.0,1.0,0.0,0.0,0,2024,12,4,50,4,3,1,2,0,0,0,1,0,1,1,1
2024-12-16,S010,Roller,0,2,1.0,1.0,1.0,0.75,1.0,0.5,-1.0,1,2024,12,4,51,3,2,1,2,0,0,0,0,0,0,1,1
2024-12-23,S010,Roller,2,2,0.0,1.0,1.0,1.0,2.0,0.816496580927726,1.0,0,2024,12,4,52,5,4,0,1,1,1,0,2,2,0,0,1
2024-12-30,S010,Roller,2,2,2.0,0.0,1.0,1.25,2.0,0.9574271077563381,1.0,0,2024,12,4,1,4,3,0,0,1,1,0,2,0,0,2,0
2025-01-06,S010,Roller,2,0,2.0,2.0,1.0,1.5,2.0,1.0,1.0,0,2025,1,1,2,4,3,1,0,0,0,1,2,0,2,2,0
2025-01-13,S010,Roller,0,0,2.0,2.0,0.0,1.5,2.0,1.0,0.0,1,2025,1,1,3,3,3,1,0,0,1,1,0,0,0,0,2
2025-01-20,S010,Roller,0,0,0.0,2.0,2.0,1.0,2.0,1.1547005383792515,-2.0,2,2025,1,1,4,5,3,1,2,0,2,0,0,0,0,0,2
2025-01-27,S010,Roller,0,0,0.0,0.0,2.0,0.5,2.0,1.0,-2.0,3,2025,1,1,5,8,4,1,2,0,2,3,0,0,0,0,0
2025-02-03,S010,Roller,0,0,0.0,0.0,2.0,0.0,0.0,0.0,-2.0,4,2025,2,1,6,6,4,1,0,1,1,3,0,0,0,0,0
2025-02-10,S010,Roller,0,0,0.0,0.0,0.0,0.0,0.0,0.0,0.0,5,2025,2,1,7,5,4,1,0,1,1,2,0,0,0,0,0
2025-02-17,S010,Roller,0,1,0.0,0.0,0.0,0.0,0.0,0.0,0.0,6,2025,2,1,8,3,3,0,0,1,1,1,0,0,0,0,0
2025-02-24,S010,Roller,1,1,0.0,0.0,0.0,0.25,1.0,0.5,1.0,0,2025,2,1,9,3,2,0,0,0,0,2,1,1,0,0,0
2025-03-03,S010,Roller,1,0,1.0,0.0,0.0,0.5,1.0,0.5773502691896257,1.0,0,2025,3,1,10,4,3,0,1,0,0,2,1,0,1,1,0
2025-03-10,S010,Roller,0,0,1.0,1.0,0.0,0.5,1.0,0.5773502691896257,0.0,1,2025,3,1,11,4,3,0,1,2,0,1,0,0,0,1,1
2025-03-17,S010,Roller,0,0,0.0,1.0,0.0,0.5,1.0,0.5773502691896257,0.0,2,2025,3,1,12,3,2,0,1,2,0,0,0,0,0,0,1
2025-03-24,S010,Roller,0,0,0.0,0.0,1.0,0.25,1.0,0.5,-1.0,3,2025,3,1,13,1,1,0,0,1,0,0,0,0,0,0,0
2025-03-31,S010,Roller,0,1,0.0,0.0,1.0,0.0,0.0,0.0,-1.0,4,2025,3,1,14,2,2,0,0,1,1,0,0,0,0,0,0
2025-04-07,S010,Roller,1,1,0.0,0.0,0.0,0.25,1.0,0.5,1.0,0,2025,4,2,15,3,3,1,0,0,1,0,1,1,0,0,0
2025-04-14,S010,Roller,1,1,1.0,0.0,0.0,0.5,1.0,0.5773502691896257,1.0,0,2025,4,2,16,4,4,1,0,0,1,1,1,0,0,1,0
2025-04-21,S010,Roller,1,1,1.0,1.0,0.0,0.75,1.0,0.5,1.0,0,2025,4,2,17,5,4,0,2,0,1,1,1,0,0,1,0
2025-04-28,S010,Roller,1,1,1.0,1.0,0.0,1.0,1.0,0.0,1.0,0,2025,4,2,18,6,5,1,2,0,1,1,1,0,0,0,0
2025-05-05,S010,Roller,1,0,1.0,1.0,1.0,1.0,1.0,0.0,0.0,0,2025,5,2,19,6,5,1,1,0,1,2,1,0,1,0,0
2025-05-12,S010,Roller,0,0,1.0,1.0,1.0,0.75,1.0,0.5,-1.0,1,2025,5,2,20,6,4,1,1,0,1,3,0,0,0,0,1
2025-05-19,S010,Roller,0,0,0.0,1.0,1.0,0.5,1.0,0.5773502691896257,-1.0,2,2025,5,2,21,7,5,1,1,1,1,3,0,0,0,0,1
2025-05-26,S010,Roller,0,0,0.0,0.0,1.0,0.25,1.0,0.5,-1.0,3,2025,5,2,22,3,3,0,1,1,1,0,0,0,0,0,0
2025-06-02,S010,Roller,0,1,0.0,0.0,1.0,0.0,0.0,0.0,-1.0,4,2025,6,2,23,5,4,1,0,1,2,1,0,0,0,0,0
2025-06-09,S010,Roller,1,1,0.0,0.0,0.0,0.25,1.0,0.5,1.0,0,2025,6,2,24,6,5,1,0,1,2,1,1,1,0,0,0
2025-06-16,S010,Roller,1,1,1.0,0.0,0.0,0.5,1.0,0.5773502691896257,1.0,0,2025,6,2,25,4,4,1,1,0,0,1,1,0,0,1,0
2025-06-23,S010,Roller,1,1,1.0,1.0,0.0,0.75,1.0,0.5,1.0,0,2025,6,2,26,4,4,1,1,0,0,1,1,0,0,1,0
2025-06-30,S010,Roller,1,1,1.0,1.0,0.0,1.0,1.0,0.0,1.0,0,2025,6,2,27,2,2,1,0,0,0,0,1,0,0,0,0
2025-07-07,S010,Roller,1,0,1.0,1.0,1.0,1.0,1.0,0.0,0.0,0,2025,7,3,28,5,5,1,1,1,0,1,1,0,1,0,0
2025-07-14,S010,Roller,0,1,1.0,1.0,1.0,0.75,1.0,0.5,-1.0,1,2025,7,3,29,4,4,1,1,1,0,1,0,0,0,0,1
2025-07-21,S010,Roller,1,1,0.0,1.0,1.0,0.75,1.0,0.5,0.0,0,2025,7,3,30,5,5,1,1,1,0,1,1,1,0,0,1
2025-07-28,S010,Roller,1,1,1.0,0.0,1.0,0.75,1.0,0.5,0.0,0,2025,7,3,31,4,4,0,1,1,1,0,1,0,0,1,0
2025-08-04,S010,Roller,1,1,1.0,1.0,1.0,0.75,1.0,0.5,0.0,0,2025,8,3,32,3,3,0,0,0,1,1,1,0,0,1,0
2025-08-11,S010,Roller,1,1,1.0,1.0,0.0,1.0,1.0,0.0,1.0,0,2025,8,3,33,3,3,0,0,0,1,1,1,0,0,0,0
2025-08-18,S010,Roller,1,3,1.0,1.0,1.0,1.0,1.0,0.0,0.0,0,2025,8,3,34,1,1,0,0,0,0,0,1,0,1,0,0
2025-08-25,S010,Roller,3,3,1.0,1.0,1.0,1.5,3.0,1.0,2.0,0,2025,8,3,35,4,2,0,0,0,0,1,3,3,0,0,1
2025-09-01,S010,Roller,3,1,3.0,1.0,1.0,2.0,3.0,1.1547005383792515,2.0,0,2025,9,3,36,5,3,0,0,1,0,1,3,0,2,3,1
2025-09-08,S010,Roller,1,0,3.0,3.0,1.0,2.0,3.0,1.1547005383792515,0.0,0,2025,9,3,37,4,4,0,0,1,1,1,1,0,1,3,2
2025-09-15,S010,Roller,0,1,1.0,3.0,1.0,1.75,3.0,1.5,-1.0,1,2025,9,3,38,2,2,1,0,0,1,0,0,0,0,0,3
2025-09-22,S010,Roller,1,1,0.0,1.0,3.0,1.25,3.0,1.2583057392117916,-2.0,0,2025,9,3,39,4,4,1,0,1,1,0,1,1,0,0,1
2025-09-29,S010,Roller,1,0,1.0,0.0,3.0,0.75,1.0,0.4999999999999995,-2.0,0,2025,9,3,40,4,4,1,0,1,0,1,1,0,1,1,0
2025-10-06,S010,Roller,0,0,1.0,1.0,1.0,0.5,1.0,0.5773502691896253,-1.0,1,2025,10,4,41,2,2,1,0,0,0,1,0,0,0,1,1
2025-10-13,S010,Roller,0,0,0.0,1.0,0.0,0.5,1.0,0.5773502691896253,0.0,2,2025,10,4,42,1,1,0,0,0,1,0,0,0,0,0,1
2025-10-20,S010,Roller,0,0,0.0,0.0,1.0,0.25,1.0,0.4999999999999995,-1.0,3,2025,10,4,43,2,2,0,0,0,1,1,0,0,0,0,0
2025-10-27,S010,Roller,0,0,0.0,0.0,1.0,0.0,0.0,0.0,-1.0,4,2025,10,4,44,4,2,0,0,0,1,3,0,0,0,0,0
2025-11-03,S010,Roller,0,1,0.0,0.0,0.0,0.0,0.0,0.0,0.0,5,2025,11,4,45,7,4,1,0,1,2,3,0,0,0,0,0
2025-11-10,S010,Roller,1,1,0.0,0.0,0.0,0.25,1.0,0.5,1.0,0,2025,11,4,46,9,5,1,0,1,3,3,1,1,0,0,0
2025-11-17,S010,Roller,1,0,1.0,0.0,0.0,0.5,1.0,0.5773502691896257,1.0,0,2025,11,4,47,8,6,1,1,1,3,1,1,0,1,1,0
2025-11-24,S010,Roller,0,0,1.0,1.0,0.0,0.5,1.0,0.5773502691896257,0.0,1,2025,11,4,48,4,4,0,1,1,1,1,0,0,0,1,1
2025-12-01,S010,Roller,0,0,0.0,1.0,0.0,0.5,1.0,0.5773502691896257,0.0,2,2025,12,4,49,4,4,1,1,1,0,1,0,0,0,0,1
2025-12-08,S010,Roller,0,0,0.0,0.0,1.0,0.25,1.0,0.5,-1.0,3,2025,12,4,50,3,3,1,1,1,0,0,0,0,0,0,0
2025-12-15,S010,Roller,0,0,0.0,0.0,1.0,0.0,0.0,0.0,-1.0,4,2025,12,4,51,5,3,0,1,1,3,0,0,0,0,0,0
